날짜,시간,15분,30분,45분,60분,평균,생산량,기온,풍속,습도,강수량,전기요금(계절),day,d,m,공장인원,인건비
20210101,0,62.0,61.0,61.0,61.0,61.0,0,-3.2,2.4,71.0,0.0,109.8,5,1,1,0.0,1.5
20210101,1,96.0,93.0,116.0,113.0,105.0,0,-4.5,1.5,77.0,0.0,109.8,5,1,1,0.0,1.5
20210101,2,106.0,96.0,106.0,107.0,104.0,0,-3.9,2.6,58.0,0.0,109.8,5,1,1,0.0,1.5
20210101,3,92.0,110.0,110.0,109.0,105.0,0,-4.1,2.6,56.0,0.0,109.8,5,1,1,0.0,1.5
20210101,4,108.0,105.0,106.0,108.0,107.0,0,-4.6,2.6,60.0,0.0,109.8,5,1,1,0.0,1.5
20210101,5,89.0,83.0,99.0,98.0,92.0,0,-5.5,2.1,66.0,0.0,109.8,5,1,1,0.0,1.5
20210101,6,102.0,111.0,110.0,103.0,107.0,0,-5.6,1.5,67.0,0.0,109.8,5,1,1,0.0,1.5
20210101,7,92.0,75.0,48.0,29.0,61.0,0,-6.8,0.6,73.0,0.0,109.8,5,1,1,0.0,1.5
20210101,8,27.0,25.0,22.0,22.0,24.0,0,-5.6,0.0,72.0,0.0,109.8,5,1,1,0.0,1.5
20210101,9,22.0,22.0,22.0,22.0,22.0,0,-3.3,1.2,62.0,0.0,109.8,5,1,1,0.0,1.0
20210101,10,22.0,22.0,22.0,22.0,22.0,0,-1.2,2.1,54.0,0.0,109.8,5,1,1,0.0,1.0
20210101,11,22.0,23.0,28.0,27.0,25.0,0,-0.1,3.5,50.0,0.0,109.8,5,1,1,0.0,1.0
20210101,12,22.0,23.0,22.0,22.0,22.0,0,1.5,2.8,45.0,0.0,109.8,5,1,1,0.0,1.0
20210101,13,22.0,23.0,22.0,22.0,22.0,0,2.6,3.5,44.0,0.0,109.8,5,1,1,0.0,1.0
20210101,14,22.0,23.0,22.0,23.0,23.0,0,2.6,3.3,43.0,0.0,109.8,5,1,1,0.0,1.0
20210101,15,28.0,26.0,23.0,22.0,25.0,0,3.5,3.0,42.0,0.0,109.8,5,1,1,0.0,1.0
20210101,16,23.0,23.0,22.0,23.0,23.0,0,3.0,3.1,43.0,0.0,109.8,5,1,1,0.0,1.0
20210101,17,22.0,22.0,22.0,23.0,22.0,0,2.2,1.6,50.0,0.0,109.8,5,1,1,0.0,1.0
20210101,18,22.0,23.0,27.0,27.0,25.0,0,1.1,1.2,55.0,0.0,109.8,5,1,1,0.0,1.5
20210101,19,22.0,22.0,22.0,22.0,22.0,0,1.3,1.1,55.0,0.0,109.8,5,1,1,0.0,1.5
20210101,20,22.0,22.0,22.0,22.0,22.0,0,1.2,1.8,57.0,0.0,109.8,5,1,1,0.0,1.5
20210101,21,23.0,22.0,22.0,27.0,24.0,0,0.9,1.6,59.0,0.0,109.8,5,1,1,0.0,1.5
20210101,22,26.0,22.0,22.0,22.0,23.0,0,-0.2,1.8,63.0,0.0,109.8,5,1,1,0.0,1.5
20210101,23,22.0,22.0,22.0,22.0,22.0,0,0.0,1.9,57.0,0.0,109.8,5,1,1,0.0,1.5
20210102,0,63.0,63.0,64.0,63.0,63.0,0,-0.7,1.1,60.0,0.0,109.8,6,2,1,0.0,1.5
20210102,1,96.0,93.0,116.0,113.0,105.0,0,-1.7,1.0,64.0,0.0,109.8,6,2,1,0.0,1.5
20210102,2,106.0,96.0,106.0,107.0,104.0,0,-2.5,1.7,66.0,0.0,109.8,6,2,1,0.0,1.5
20210102,3,92.0,110.0,110.0,109.0,105.0,0,-2.4,0.8,72.0,0.0,109.8,6,2,1,0.0,1.5
20210102,4,108.0,105.0,106.0,108.0,107.0,0,-1.4,1.8,74.0,0.0,109.8,6,2,1,0.0,1.5
20210102,5,89.0,83.0,99.0,98.0,92.0,0,-1.1,1.5,74.0,0.0,109.8,6,2,1,0.0,1.5
20210102,6,102.0,111.0,110.0,103.0,107.0,0,-0.7,2.1,68.0,0.0,109.8,6,2,1,0.0,1.5
20210102,7,92.0,75.0,48.0,29.0,61.0,0,-2.1,0.2,74.0,0.0,109.8,6,2,1,0.0,1.5
20210102,8,27.0,25.0,22.0,22.0,24.0,0,-1.9,1.4,65.0,0.0,109.8,6,2,1,0.0,1.5
20210102,9,22.0,22.0,22.0,22.0,22.0,0,0.1,0.9,56.0,0.0,109.8,6,2,1,0.0,1.0
20210102,10,22.0,22.0,22.0,22.0,22.0,0,1.0,1.4,58.0,0.0,109.8,6,2,1,0.0,1.0
20210102,11,22.0,23.0,28.0,27.0,25.0,0,1.4,2.3,43.0,0.0,109.8,6,2,1,0.0,1.0
20210102,12,22.0,23.0,22.0,22.0,22.0,0,2.6,3.1,39.0,0.0,109.8,6,2,1,0.0,1.0
20210102,13,22.0,23.0,22.0,22.0,22.0,0,2.6,4.1,35.0,0.0,109.8,6,2,1,0.0,1.0
20210102,14,22.0,23.0,22.0,23.0,23.0,0,2.6,4.4,31.0,0.0,109.8,6,2,1,0.0,1.0
20210102,15,28.0,26.0,23.0,22.0,25.0,0,2.6,3.5,30.0,0.0,109.8,6,2,1,0.0,1.0
20210102,16,23.0,23.0,22.0,23.0,23.0,0,2.4,3.7,27.0,0.0,109.8,6,2,1,0.0,1.0
20210102,17,22.0,22.0,22.0,23.0,22.0,0,1.2,3.6,26.0,0.0,109.8,6,2,1,0.0,1.0
20210102,18,22.0,23.0,27.0,27.0,25.0,0,0.3,3.0,28.0,0.0,109.8,6,2,1,0.0,1.5
20210102,19,22.0,22.0,22.0,22.0,22.0,0,-0.6,3.2,30.0,0.0,109.8,6,2,1,0.0,1.5
20210102,20,22.0,22.0,22.0,22.0,22.0,0,-0.9,3.3,30.0,0.0,109.8,6,2,1,0.0,1.5
20210102,21,23.0,22.0,22.0,27.0,24.0,0,-1.2,2.8,31.0,0.0,109.8,6,2,1,0.0,1.5
20210102,22,26.0,22.0,22.0,22.0,23.0,0,-1.7,3.1,33.0,0.0,109.8,6,2,1,0.0,1.5
20210102,23,22.0,22.0,22.0,22.0,22.0,0,-2.1,2.9,35.0,0.0,109.8,6,2,1,0.0,1.5
20210103,0,22.0,22.0,22.0,22.0,22.0,0,-2.1,2.8,34.0,0.0,109.8,7,3,1,0.0,1.5
20210103,1,24.0,27.0,24.0,24.0,25.0,0,-2.5,2.1,35.0,0.0,109.8,7,3,1,0.0,1.5
20210103,2,22.0,22.0,22.0,22.0,22.0,0,-2.5,2.9,34.0,0.0,109.8,7,3,1,0.0,1.5
20210103,3,22.0,22.0,22.0,22.0,22.0,0,-2.5,3.3,36.0,0.0,109.8,7,3,1,0.0,1.5
20210103,4,22.0,24.0,27.0,22.0,24.0,0,-2.2,3.3,35.0,0.0,109.8,7,3,1,0.0,1.5
20210103,5,22.0,22.0,22.0,22.0,22.0,0,-2.5,3.5,39.0,0.0,109.8,7,3,1,0.0,1.5
20210103,6,22.0,22.0,22.0,22.0,22.0,0,-2.3,3.6,39.0,0.0,109.8,7,3,1,0.0,1.5
20210103,7,21.0,23.0,26.0,25.0,24.0,0,-2.5,4.7,38.0,0.0,109.8,7,3,1,0.0,1.5
20210103,8,22.0,22.0,22.0,22.0,22.0,0,-2.3,4.2,32.0,0.0,109.8,7,3,1,0.0,1.5
20210103,9,24.0,22.0,22.0,22.0,23.0,0,-2.5,3.2,29.0,0.0,109.8,7,3,1,0.0,1.0
20210103,10,22.0,22.0,22.0,25.0,23.0,0,-1.3,4.3,27.0,0.0,109.8,7,3,1,0.0,1.0
20210103,11,27.0,24.0,22.0,22.0,24.0,0,0.0,3.5,25.0,0.0,109.8,7,3,1,0.0,1.0
20210103,12,22.0,22.0,22.0,22.0,22.0,0,1.1,3.8,23.0,0.0,109.8,7,3,1,0.0,1.0
20210103,13,22.0,22.0,22.0,22.0,22.0,0,2.5,3.8,22.0,0.0,109.8,7,3,1,0.0,1.0
20210103,14,22.0,24.0,27.0,24.0,24.0,0,2.5,3.6,24.0,0.0,109.8,7,3,1,0.0,1.0
20210103,15,22.0,22.0,22.0,22.0,22.0,0,2.3,3.1,27.0,0.0,109.8,7,3,1,0.0,1.0
20210103,16,24.0,22.0,23.0,22.0,23.0,0,1.7,2.5,29.0,0.0,109.8,7,3,1,0.0,1.0
20210103,17,22.0,22.0,22.0,25.0,23.0,0,1.2,1.9,31.0,0.0,109.8,7,3,1,0.0,1.0
20210103,18,27.0,22.0,22.0,22.0,23.0,0,0.9,1.8,33.0,0.0,109.8,7,3,1,0.0,1.5
20210103,19,22.0,22.0,22.0,22.0,22.0,0,0.9,1.8,34.0,0.0,109.8,7,3,1,0.0,1.5
20210103,20,22.0,22.0,22.0,22.0,22.0,0,0.6,1.7,37.0,0.0,109.8,7,3,1,0.0,1.5
20210103,21,26.0,27.0,25.0,22.0,25.0,0,0.4,2.3,37.0,0.0,109.8,7,3,1,0.0,1.5
20210103,22,23.0,23.0,23.0,22.0,23.0,0,0.0,1.8,38.0,0.0,109.8,7,3,1,0.0,1.5
20210103,23,24.0,22.0,22.0,22.0,23.0,0,-0.4,0.6,39.0,0.0,109.8,7,3,1,0.0,1.5
20210104,0,72.0,67.0,66.0,66.0,68.0,0,-0.1,1.7,39.0,0.0,109.8,1,4,1,0.0,1.5
20210104,1,96.0,108.0,119.0,109.0,108.0,0,-0.9,1.3,44.0,0.0,109.8,1,4,1,0.0,1.5
20210104,2,106.0,106.0,111.0,116.0,110.0,0,-0.4,1.4,42.0,0.0,109.8,1,4,1,0.0,1.5
20210104,3,104.0,105.0,104.0,113.0,107.0,0,-2.1,1.5,50.0,0.0,109.8,1,4,1,0.0,1.5
20210104,4,115.0,109.0,108.0,103.0,109.0,0,-1.9,1.8,50.0,0.0,109.8,1,4,1,0.0,1.5
20210104,5,85.0,78.0,91.0,107.0,90.0,0,-2.8,1.3,53.0,0.0,109.8,1,4,1,0.0,1.5
20210104,6,118.0,112.0,105.0,100.0,109.0,0,-4.2,0.7,60.0,0.0,109.8,1,4,1,0.0,1.5
20210104,7,110.0,125.0,142.0,136.0,128.0,0,-3.0,3.3,56.0,0.0,109.8,1,4,1,0.0,1.5
20210104,8,154.0,153.0,159.0,159.0,156.0,165,-2.7,4.1,53.0,0.0,109.8,1,4,1,0.264,1.5
20210104,9,158.0,158.0,159.0,166.0,160.0,313,-1.5,2.4,48.0,0.0,109.8,1,4,1,0.488299532,1.0
20210104,10,127.0,158.0,173.0,168.0,157.0,2757,0.4,2.4,39.0,0.0,109.8,1,4,1,4.404153355,1.0
20210104,11,141.0,150.0,155.0,149.0,149.0,983,2.1,2.5,31.0,0.0,109.8,1,4,1,1.65210084,1.0
20210104,12,81.0,64.0,94.0,118.0,89.0,96,4.0,3.3,30.0,0.0,109.8,1,4,1,0.268907563,1.0
20210104,13,158.0,158.0,154.0,151.0,155.0,791,5.4,3.1,32.0,0.0,109.8,1,4,1,1.273752013,1.0
20210104,14,143.0,154.0,151.0,160.0,152.0,2485,6.2,3.4,35.0,0.0,109.8,1,4,1,4.087171053,1.0
20210104,15,125.0,142.0,144.0,149.0,140.0,2313,6.3,3.2,35.0,0.0,109.8,1,4,1,4.130357143,1.0
20210104,16,140.0,141.0,145.0,140.0,142.0,1906,6.2,2.8,37.0,0.0,109.8,1,4,1,3.367491166,1.0
20210104,17,105.0,103.0,138.0,143.0,122.0,1725,4.6,1.8,38.0,0.0,109.8,1,4,1,3.527607362,1.0
20210104,18,139.0,138.0,135.0,145.0,139.0,0,3.1,1.5,42.0,0.0,109.8,1,4,1,0.0,1.5
20210104,19,135.0,119.0,103.0,94.0,113.0,0,2.1,1.0,45.0,0.0,109.8,1,4,1,0.0,1.5
20210104,20,91.0,96.0,105.0,111.0,101.0,46,1.6,1.0,47.0,0.0,109.8,1,4,1,0.114143921,1.5
20210104,21,110.0,105.0,109.0,109.0,108.0,40,0.5,0.8,53.0,0.0,109.8,1,4,1,0.092378753,1.5
20210104,22,96.0,111.0,111.0,109.0,107.0,0,0.9,0.4,52.0,0.0,109.8,1,4,1,0.0,1.5
20210104,23,109.0,112.0,102.0,65.0,97.0,52,0.2,0.8,56.0,0.0,109.8,1,4,1,0.134020619,1.5
20210105,0,22.0,22.0,26.0,26.0,24.0,0,0.1,0.5,58.0,0.0,109.8,2,5,1,0.0,1.5
20210105,1,21.0,21.0,21.0,22.0,21.0,0,0.3,0.9,60.0,0.0,109.8,2,5,1,0.0,1.5
20210105,2,21.0,21.0,21.0,22.0,21.0,0,0.2,0.4,60.0,0.0,109.8,2,5,1,0.0,1.5
20210105,3,22.0,22.0,22.0,24.0,23.0,0,-0.1,0.7,63.0,0.0,109.8,2,5,1,0.0,1.5
20210105,4,26.0,24.0,22.0,21.0,23.0,0,1.7,1.8,58.0,0.0,109.8,2,5,1,0.0,1.5
20210105,5,21.0,21.0,21.0,22.0,21.0,0,1.5,1.0,61.0,0.0,109.8,2,5,1,0.0,1.5
20210105,6,22.0,21.0,21.0,21.0,21.0,0,1.0,1.6,62.0,0.0,109.8,2,5,1,0.0,1.5
20210105,7,21.0,26.0,26.0,22.0,24.0,0,-0.4,0.5,67.0,0.0,109.8,2,5,1,0.0,1.5
20210105,8,21.0,21.0,21.0,21.0,21.0,0,0.6,2.1,67.0,0.0,109.8,2,5,1,0.0,1.5
20210105,9,21.0,21.0,21.0,21.0,21.0,0,2.0,2.7,64.0,0.0,109.8,2,5,1,0.0,1.0
20210105,10,21.0,21.0,22.0,26.0,23.0,0,4.1,2.0,64.0,0.0,109.8,2,5,1,0.0,1.0
20210105,11,25.0,21.0,21.0,21.0,22.0,0,4.6,3.0,52.0,0.0,109.8,2,5,1,0.0,1.0
20210105,12,21.0,21.0,21.0,21.0,21.0,0,5.7,3.4,31.0,0.0,109.8,2,5,1,0.0,1.0
20210105,13,21.0,21.0,21.0,21.0,21.0,0,4.7,3.5,29.0,0.0,109.8,2,5,1,0.0,1.0
20210105,14,24.0,25.0,21.0,21.0,23.0,0,3.4,3.8,28.0,0.0,109.8,2,5,1,0.0,1.0
20210105,15,21.0,21.0,21.0,21.0,21.0,0,3.1,3.1,32.0,0.0,109.8,2,5,1,0.0,1.0
20210105,16,21.0,21.0,21.0,21.0,21.0,0,2.1,2.8,33.0,0.0,109.8,2,5,1,0.0,1.0
20210105,17,24.0,26.0,22.0,21.0,23.0,0,1.3,2.3,34.0,0.0,109.8,2,5,1,0.0,1.0
20210105,18,21.0,21.0,21.0,21.0,21.0,0,0.6,2.4,33.0,0.0,109.8,2,5,1,0.0,1.5
20210105,19,21.0,21.0,21.0,21.0,21.0,0,-0.3,1.5,29.0,0.0,109.8,2,5,1,0.0,1.5
20210105,20,22.0,26.0,24.0,21.0,23.0,0,-0.7,1.9,27.0,0.0,109.8,2,5,1,0.0,1.5
20210105,21,21.0,21.0,21.0,22.0,21.0,0,-1.8,1.7,30.0,0.0,109.8,2,5,1,0.0,1.5
20210105,22,21.0,21.0,21.0,21.0,21.0,0,-2.3,2.7,29.0,0.0,109.8,2,5,1,0.0,1.5
20210105,23,21.0,24.0,26.0,25.0,24.0,0,-3.7,1.6,34.0,0.0,109.8,2,5,1,0.0,1.5
20210106,0,22.0,22.0,26.0,26.0,24.0,0,-4.5,2.5,37.0,0.0,109.8,3,6,1,0.0,1.5
20210106,1,21.0,21.0,21.0,22.0,21.0,0,-4.9,4.4,39.0,0.0,109.8,3,6,1,0.0,1.5
20210106,2,21.0,21.0,21.0,22.0,21.0,0,-5.5,4.8,43.0,0.0,109.8,3,6,1,0.0,1.5
20210106,3,22.0,22.0,22.0,24.0,23.0,0,-5.9,3.9,43.0,0.0,109.8,3,6,1,0.0,1.5
20210106,4,26.0,24.0,22.0,21.0,23.0,0,-6.5,3.3,42.0,0.0,109.8,3,6,1,0.0,1.5
20210106,5,21.0,21.0,21.0,22.0,21.0,0,-6.8,3.3,43.0,0.0,109.8,3,6,1,0.0,1.5
20210106,6,22.0,21.0,21.0,21.0,21.0,0,-7.1,3.7,50.0,0.0,109.8,3,6,1,0.0,1.5
20210106,7,21.0,26.0,26.0,22.0,24.0,0,-7.5,1.7,52.0,0.0,109.8,3,6,1,0.0,1.5
20210106,8,21.0,21.0,21.0,21.0,21.0,0,-6.6,4.6,46.0,0.0,109.8,3,6,1,0.0,1.5
20210106,9,21.0,21.0,21.0,21.0,21.0,0,-6.4,4.2,50.0,0.0,109.8,3,6,1,0.0,1.0
20210106,10,21.0,21.0,22.0,26.0,23.0,0,-4.7,3.5,45.0,0.0,109.8,3,6,1,0.0,1.0
20210106,11,25.0,21.0,21.0,21.0,22.0,0,-2.5,4.6,36.0,0.0,109.8,3,6,1,0.0,1.0
20210106,12,21.0,21.0,21.0,21.0,21.0,0,-0.9,5.0,35.0,0.0,109.8,3,6,1,0.0,1.0
20210106,13,21.0,21.0,21.0,21.0,21.0,0,-0.4,4.8,35.0,0.0,109.8,3,6,1,0.0,1.0
20210106,14,24.0,25.0,21.0,21.0,23.0,0,-0.1,4.2,34.0,0.0,109.8,3,6,1,0.0,1.0
20210106,15,21.0,21.0,21.0,21.0,21.0,0,0.6,3.1,32.0,0.0,109.8,3,6,1,0.0,1.0
20210106,16,21.0,21.0,21.0,21.0,21.0,0,0.7,1.6,32.0,0.0,109.8,3,6,1,0.0,1.0
20210106,17,24.0,26.0,22.0,21.0,23.0,0,-0.1,1.3,34.0,0.0,109.8,3,6,1,0.0,1.0
20210106,18,21.0,21.0,21.0,21.0,21.0,0,-1.5,1.9,38.0,0.0,109.8,3,6,1,0.0,1.5
20210106,19,21.0,21.0,21.0,21.0,21.0,0,-2.0,1.8,39.0,0.0,109.8,3,6,1,0.0,1.5
20210106,20,22.0,26.0,24.0,21.0,23.0,0,-1.9,0.8,40.0,0.0,109.8,3,6,1,0.0,1.5
20210106,21,21.0,21.0,21.0,22.0,21.0,0,-2.5,1.2,42.0,0.0,109.8,3,6,1,0.0,1.5
20210106,22,21.0,21.0,21.0,21.0,21.0,0,-3.3,1.0,48.0,0.0,109.8,3,6,1,0.0,1.5
20210106,23,21.0,24.0,26.0,25.0,24.0,0,-1.8,2.5,50.0,0.0,109.8,3,6,1,0.0,1.5
20210107,0,22.0,22.0,22.0,25.0,23.0,0,-2.2,0.9,53.0,0.0,109.8,4,7,1,0.0,1.5
20210107,1,26.0,22.0,22.0,22.0,23.0,34,-2.3,1.3,55.0,0.0,109.8,4,7,1,0.369565217,1.5
20210107,2,22.0,21.0,21.0,22.0,22.0,0,-1.2,3.2,55.0,0.0,109.8,4,7,1,0.0,1.5
20210107,3,22.0,22.0,22.0,23.0,22.0,56,-1.0,3.0,55.0,0.0,109.8,4,7,1,0.629213483,1.5
20210107,4,22.0,26.0,26.0,23.0,24.0,278,-1.4,4.0,43.0,0.0,109.8,4,7,1,2.865979381,1.5
20210107,5,22.0,22.0,22.0,22.0,22.0,0,-5.9,4.4,85.0,0.2,109.8,4,7,1,0.0,1.5
20210107,6,24.0,21.0,22.0,22.0,22.0,20,-6.0,4.9,55.0,0.2,109.8,4,7,1,0.224719101,1.5
20210107,7,24.0,44.0,67.0,90.0,56.0,2841,-6.8,4.5,53.0,0.2,109.8,4,7,1,12.62666667,1.5
20210107,8,151.0,169.0,182.0,182.0,171.0,538,-8.6,4.5,52.0,0.2,109.8,4,7,1,0.786549708,1.5
20210107,9,179.0,166.0,157.0,162.0,166.0,1384,-8.0,5.9,29.0,0.2,109.8,4,7,1,2.084337349,1.0
20210107,10,137.0,176.0,159.0,171.0,161.0,957,-7.7,6.4,24.0,0.2,109.8,4,7,1,1.488335925,1.0
20210107,11,169.0,170.0,166.0,168.0,168.0,1013,-7.4,5.9,23.0,0.2,109.8,4,7,1,1.505200594,1.0
20210107,12,120.0,105.0,106.0,129.0,115.0,797,-7.1,6.1,21.0,0.2,109.8,4,7,1,1.732608696,1.0
20210107,13,169.0,173.0,182.0,175.0,175.0,1293,-6.7,4.8,20.0,0.2,109.8,4,7,1,1.849785408,1.0
20210107,14,165.0,176.0,180.0,177.0,175.0,2314,-6.3,4.4,21.0,0.2,109.8,4,7,1,3.315186246,1.0
20210107,15,135.0,166.0,175.0,174.0,163.0,1043,-6.5,4.7,18.0,0.2,109.8,4,7,1,1.604615385,1.0
20210107,16,158.0,166.0,164.0,173.0,165.0,1546,-6.6,4.6,19.0,0.2,109.8,4,7,1,2.338880484,1.0
20210107,17,123.0,118.0,151.0,151.0,136.0,451,-7.6,3.0,21.0,0.2,109.8,4,7,1,0.830570902,1.0
20210107,18,154.0,158.0,154.0,143.0,152.0,380,-8.4,3.3,23.0,0.2,109.8,4,7,1,0.623973727,1.5
20210107,19,141.0,147.0,131.0,99.0,130.0,1652,-9.0,2.8,24.0,0.2,109.8,4,7,1,3.189189189,1.5
20210107,20,101.0,114.0,108.0,110.0,108.0,194,-9.6,3.0,23.0,0.2,109.8,4,7,1,0.448036952,1.5
20210107,21,110.0,113.0,110.0,111.0,111.0,0,-9.8,4.1,23.0,0.2,109.8,4,7,1,0.0,1.5
20210107,22,84.0,100.0,98.0,97.0,95.0,2,-10.4,4.0,25.0,0.2,109.8,4,7,1,0.005277045,1.5
20210107,23,110.0,106.0,100.0,77.0,98.0,12,-10.6,3.6,26.0,0.2,109.8,4,7,1,0.030534351,1.5
20210108,0,64.0,63.0,63.0,62.0,63.0,0,-10.8,3.7,28.0,0.2,109.8,5,8,1,0.0,1.5
20210108,1,87.0,94.0,105.0,110.0,99.0,0,-11.4,2.6,31.0,0.0,109.8,5,8,1,0.0,1.5
20210108,2,104.0,98.0,98.0,111.0,103.0,2,-12.0,1.5,34.0,0.0,109.8,5,8,1,0.00486618,1.5
20210108,3,90.0,105.0,99.0,104.0,100.0,148,-11.6,2.4,37.0,0.0,109.8,5,8,1,0.371859296,1.5
20210108,4,105.0,105.0,100.0,110.0,105.0,498,-11.1,3.2,39.0,0.0,109.8,5,8,1,1.185714286,1.5
20210108,5,82.0,72.0,94.0,101.0,87.0,33,-11.6,4.0,42.0,0.0,109.8,5,8,1,0.094555874,1.5
20210108,6,109.0,104.0,96.0,81.0,98.0,60,-11.7,4.4,44.0,0.0,109.8,5,8,1,0.153846154,1.5
20210108,7,72.0,77.0,107.0,117.0,93.0,1507,-11.6,4.3,44.0,0.0,109.8,5,8,1,4.040214477,1.5
20210108,8,141.0,154.0,161.0,160.0,154.0,777,-11.9,3.1,43.0,0.0,109.8,5,8,1,1.261363636,1.5
20210108,9,165.0,160.0,160.0,156.0,160.0,325,-10.2,4.5,34.0,0.0,109.8,5,8,1,0.507020281,1.0
20210108,10,127.0,153.0,138.0,150.0,142.0,2427,-9.1,5.4,30.0,0.0,109.8,5,8,1,4.272887324,1.0
20210108,11,159.0,160.0,167.0,171.0,164.0,695,-7.9,5.0,28.0,0.0,109.8,5,8,1,1.057838661,1.0
20210108,12,106.0,87.0,94.0,124.0,103.0,48,-6.5,2.8,28.0,0.0,109.8,5,8,1,0.116788321,1.0
20210108,13,157.0,174.0,168.0,160.0,165.0,4386,-5.6,3.4,28.0,0.0,109.8,5,8,1,6.655538695,1.0
20210108,14,156.0,164.0,167.0,176.0,166.0,1270,-5.4,4.2,30.0,0.0,109.8,5,8,1,1.915535445,1.0
20210108,15,139.0,173.0,153.0,180.0,161.0,3947,-5.0,4.3,30.0,0.0,109.8,5,8,1,6.119379845,1.0
20210108,16,150.0,166.0,164.0,152.0,158.0,613,-4.6,2.4,31.0,0.0,109.8,5,8,1,0.969936709,1.0
20210108,17,127.0,110.0,147.0,161.0,136.0,184,-5.8,2.5,34.0,0.0,109.8,5,8,1,0.337614679,1.0
20210108,18,150.0,156.0,152.0,157.0,154.0,754,-7.0,0.9,38.0,0.0,109.8,5,8,1,1.22601626,1.5
20210108,19,155.0,144.0,140.0,128.0,142.0,4008,-7.5,1.0,39.0,0.0,109.8,5,8,1,7.068783069,1.5
20210108,20,134.0,132.0,117.0,132.0,129.0,0,-7.4,3.8,31.0,0.0,109.8,5,8,1,0.0,1.5
20210108,21,132.0,123.0,116.0,114.0,121.0,28,-8.0,4.2,31.0,0.0,109.8,5,8,1,0.057731959,1.5
20210108,22,91.0,109.0,115.0,113.0,107.0,30,-8.8,2.6,36.0,0.0,109.8,5,8,1,0.070093458,1.5
20210108,23,105.0,114.0,104.0,82.0,101.0,43,-9.3,2.7,41.0,0.0,109.8,5,8,1,0.10617284,1.5
20210109,0,72.0,69.0,65.0,65.0,68.0,0,-9.4,3.1,42.0,0.0,109.8,6,9,1,0.0,1.5
20210109,1,92.0,97.0,103.0,103.0,99.0,32,-9.6,4.5,45.0,0.0,109.8,6,9,1,0.081012658,1.5
20210109,2,107.0,106.0,99.0,103.0,104.0,0,-9.7,4.1,46.0,0.0,109.8,6,9,1,0.0,1.5
20210109,3,92.0,110.0,110.0,109.0,105.0,23,-9.5,4.7,46.0,0.0,109.8,6,9,1,0.054631829,1.5
20210109,4,108.0,105.0,106.0,108.0,107.0,0,-10.2,4.1,49.0,0.0,109.8,6,9,1,0.0,1.5
20210109,5,89.0,83.0,99.0,98.0,92.0,0,-10.5,3.7,50.0,0.0,109.8,6,9,1,0.0,1.5
20210109,6,102.0,111.0,110.0,103.0,107.0,64,-10.0,3.6,47.0,0.0,109.8,6,9,1,0.150234742,1.5
20210109,7,92.0,75.0,48.0,29.0,61.0,548,-10.3,2.4,49.0,0.0,109.8,6,9,1,2.245901639,1.5
20210109,8,27.0,25.0,22.0,22.0,24.0,0,-9.7,4.3,47.0,0.0,109.8,6,9,1,0.0,1.5
20210109,9,22.0,22.0,22.0,22.0,22.0,0,-7.8,2.9,40.0,0.0,109.8,6,9,1,0.0,1.0
20210109,10,22.0,22.0,22.0,22.0,22.0,0,-6.5,3.0,32.0,0.0,109.8,6,9,1,0.0,1.0
20210109,11,22.0,23.0,28.0,27.0,25.0,0,-5.3,4.3,27.0,0.0,109.8,6,9,1,0.0,1.0
20210109,12,119.0,102.0,96.0,122.0,110.0,0,-4.1,4.2,25.0,0.0,109.8,6,9,1,0.0,1.0
20210109,13,159.0,162.0,175.0,181.0,169.0,0,-3.7,4.7,25.0,0.0,109.8,6,9,1,0.0,1.0
20210109,14,22.0,23.0,22.0,23.0,23.0,0,-3.0,4.5,25.0,0.0,109.8,6,9,1,0.0,1.0
20210109,15,28.0,26.0,23.0,22.0,25.0,0,-2.3,3.6,27.0,0.0,109.8,6,9,1,0.0,1.0
20210109,16,159.0,146.0,144.0,154.0,151.0,0,-2.2,2.9,29.0,0.0,109.8,6,9,1,0.0,1.0
20210109,17,108.0,104.0,144.0,161.0,129.0,0,-3.1,2.7,33.0,0.0,109.8,6,9,1,0.0,1.0
20210109,18,156.0,156.0,161.0,145.0,155.0,0,-4.1,2.9,39.0,0.0,109.8,6,9,1,0.0,1.5
20210109,19,148.0,136.0,131.0,111.0,132.0,0,-5.2,2.6,43.0,0.0,109.8,6,9,1,0.0,1.5
20210109,20,106.0,112.0,106.0,113.0,109.0,0,-5.8,3.8,37.0,0.0,109.8,6,9,1,0.0,1.5
20210109,21,107.0,110.0,100.0,103.0,105.0,0,-6.4,4.2,37.0,0.0,109.8,6,9,1,0.0,1.5
20210109,22,26.0,22.0,22.0,22.0,23.0,0,-6.7,4.6,40.0,0.0,109.8,6,9,1,0.0,1.5
20210109,23,106.0,95.0,98.0,79.0,95.0,0,-7.2,4.4,43.0,0.0,109.8,6,9,1,0.0,1.5
20210110,0,64.0,64.0,64.0,67.0,65.0,0,-7.3,2.4,45.0,0.0,109.8,7,10,1,0.0,1.5
20210110,1,96.0,107.0,104.0,103.0,103.0,0,-7.2,4.2,48.0,0.0,109.8,7,10,1,0.0,1.5
20210110,2,103.0,109.0,101.0,104.0,104.0,0,-7.4,2.8,50.0,0.0,109.8,7,10,1,0.0,1.5
20210110,3,89.0,104.0,100.0,104.0,99.0,0,-7.3,2.6,54.0,0.0,109.8,7,10,1,0.0,1.5
20210110,4,22.0,24.0,27.0,22.0,24.0,0,-8.1,2.3,57.0,0.0,109.8,7,10,1,0.0,1.5
20210110,5,22.0,22.0,22.0,22.0,22.0,0,-8.5,2.8,59.0,0.0,109.8,7,10,1,0.0,1.5
20210110,6,22.0,22.0,22.0,22.0,22.0,0,-8.2,3.3,57.0,0.0,109.8,7,10,1,0.0,1.5
20210110,7,21.0,23.0,26.0,25.0,24.0,0,-7.6,2.7,54.0,0.0,109.8,7,10,1,0.0,1.5
20210110,8,142.0,157.0,156.0,165.0,155.0,0,-7.1,2.7,54.0,0.0,109.8,7,10,1,0.0,1.5
20210110,9,24.0,22.0,22.0,22.0,23.0,0,-5.9,2.8,49.0,0.0,109.8,7,10,1,0.0,1.0
20210110,10,134.0,169.0,177.0,175.0,164.0,0,-3.4,2.0,42.0,0.0,109.8,7,10,1,0.0,1.0
20210110,11,161.0,149.0,168.0,165.0,161.0,0,-1.5,3.5,33.0,0.0,109.8,7,10,1,0.0,1.0
20210110,12,22.0,22.0,22.0,22.0,22.0,0,0.9,2.4,32.0,0.0,109.8,7,10,1,0.0,1.0
20210110,13,22.0,22.0,22.0,22.0,22.0,0,0.8,3.9,32.0,0.0,109.8,7,10,1,0.0,1.0
20210110,14,153.0,162.0,169.0,165.0,162.0,0,1.5,3.6,30.0,0.0,109.8,7,10,1,0.0,1.0
20210110,15,22.0,22.0,22.0,22.0,22.0,0,1.8,3.0,31.0,0.0,109.8,7,10,1,0.0,1.0
20210110,16,24.0,22.0,23.0,22.0,23.0,0,1.3,3.4,33.0,0.0,109.8,7,10,1,0.0,1.0
20210110,17,22.0,22.0,22.0,25.0,23.0,0,0.3,2.5,35.0,0.0,109.8,7,10,1,0.0,1.0
20210110,18,122.0,123.0,123.0,121.0,122.0,0,-0.5,1.9,37.0,0.0,109.8,7,10,1,0.0,1.5
20210110,19,22.0,22.0,22.0,22.0,22.0,0,-1.2,2.2,39.0,0.0,109.8,7,10,1,0.0,1.5
20210110,20,22.0,22.0,22.0,22.0,22.0,0,-2.1,2.3,42.0,0.0,109.8,7,10,1,0.0,1.5
20210110,21,141.0,132.0,128.0,115.0,129.0,0,-2.4,2.5,43.0,0.0,109.8,7,10,1,0.0,1.5
20210110,22,108.0,124.0,122.0,116.0,118.0,0,-3.3,1.9,46.0,0.0,109.8,7,10,1,0.0,1.5
20210110,23,115.0,113.0,103.0,88.0,105.0,0,-3.3,2.1,45.0,0.0,109.8,7,10,1,0.0,1.5
20210111,0,72.0,70.0,69.0,68.0,70.0,0,-4.3,1.5,50.0,0.0,109.8,1,11,1,0.0,1.5
20210111,1,100.0,103.0,112.0,113.0,107.0,0,-4.2,2.4,53.0,0.0,109.8,1,11,1,0.0,1.5
20210111,2,106.0,95.0,105.0,111.0,104.0,0,-4.2,2.7,55.0,0.0,109.8,1,11,1,0.0,1.5
20210111,3,98.0,107.0,103.0,96.0,101.0,0,-3.9,2.0,54.0,0.0,109.8,1,11,1,0.0,1.5
20210111,4,113.0,114.0,110.0,108.0,111.0,0,-4.0,2.4,57.0,0.0,109.8,1,11,1,0.0,1.5
20210111,5,83.0,76.0,97.0,103.0,90.0,0,-4.8,2.4,58.0,0.0,109.8,1,11,1,0.0,1.5
20210111,6,107.0,107.0,107.0,100.0,105.0,0,-4.6,2.5,58.0,0.0,109.8,1,11,1,0.0,1.5
20210111,7,113.0,127.0,149.0,143.0,133.0,0,-4.1,2.5,61.0,0.0,109.8,1,11,1,0.0,1.5
20210111,8,155.0,175.0,171.0,169.0,168.0,299,-3.8,2.7,62.0,0.0,109.8,1,11,1,0.446268657,1.5
20210111,9,172.0,157.0,168.0,175.0,168.0,710,-3.0,2.2,59.0,0.0,109.8,1,11,1,1.056547619,1.0
20210111,10,127.0,165.0,168.0,164.0,156.0,661,-1.3,1.7,54.0,0.0,109.8,1,11,1,1.059294872,1.0
20210111,11,174.0,165.0,168.0,164.0,168.0,864,0.4,1.4,48.0,0.0,109.8,1,11,1,1.287630402,1.0
20210111,12,108.0,93.0,93.0,122.0,104.0,368,1.7,1.3,46.0,0.0,109.8,1,11,1,0.884615385,1.0
20210111,13,160.0,149.0,155.0,150.0,154.0,626,1.7,1.2,46.0,0.0,109.8,1,11,1,1.019543974,1.0
20210111,14,160.0,157.0,160.0,157.0,159.0,2202,2.2,0.6,47.0,0.0,109.8,1,11,1,3.47318612,1.0
20210111,15,126.0,159.0,160.0,153.0,150.0,601,3.0,1.1,45.0,0.0,109.8,1,11,1,1.005016722,1.0
20210111,16,153.0,151.0,163.0,160.0,157.0,1308,2.8,1.5,46.0,0.0,109.8,1,11,1,2.086124402,1.0
20210111,17,119.0,107.0,158.0,159.0,136.0,683,2.8,1.5,50.0,0.0,109.8,1,11,1,1.257826888,1.0
20210111,18,152.0,143.0,145.0,139.0,145.0,985,1.9,2.5,55.0,0.0,109.8,1,11,1,1.701208981,1.5
20210111,19,142.0,135.0,142.0,125.0,136.0,1266,-0.2,3.0,54.0,0.0,109.8,1,11,1,2.327205882,1.5
20210111,20,113.0,120.0,130.0,120.0,121.0,608,-0.7,1.5,56.0,0.0,109.8,1,11,1,1.258799172,1.5
20210111,21,116.0,106.0,111.0,104.0,109.0,26,-1.2,0.0,58.0,0.0,109.8,1,11,1,0.059496568,1.5
20210111,22,92.0,105.0,110.0,109.0,104.0,48,-1.1,1.5,59.0,0.0,109.8,1,11,1,0.115384615,1.5
20210111,23,101.0,110.0,105.0,83.0,100.0,12,-1.3,2.0,56.0,0.0,109.8,1,11,1,0.030075188,1.5
20210112,0,22.0,22.0,26.0,26.0,24.0,0,-2.5,1.5,58.0,0.0,109.8,2,12,1,0.0,1.5
20210112,1,21.0,21.0,21.0,22.0,21.0,0,-2.6,2.8,58.0,0.0,109.8,2,12,1,0.0,1.5
20210112,2,21.0,21.0,21.0,22.0,21.0,0,-3.1,1.8,59.0,0.0,109.8,2,12,1,0.0,1.5
20210112,3,22.0,22.0,22.0,24.0,23.0,0,-3.4,1.9,58.0,0.0,109.8,2,12,1,0.0,1.5
20210112,4,26.0,24.0,22.0,21.0,23.0,0,-3.2,2.2,56.0,0.0,109.8,2,12,1,0.0,1.5
20210112,5,21.0,21.0,21.0,22.0,21.0,0,-3.6,2.5,57.0,0.0,109.8,2,12,1,0.0,1.5
20210112,6,22.0,21.0,21.0,21.0,21.0,0,-3.7,2.2,58.0,0.0,109.8,2,12,1,0.0,1.5
20210112,7,21.0,26.0,26.0,22.0,24.0,0,-4.9,1.2,64.0,0.0,109.8,2,12,1,0.0,1.5
20210112,8,21.0,21.0,21.0,21.0,21.0,0,-3.9,1.6,63.0,0.0,109.8,2,12,1,0.0,1.5
20210112,9,21.0,21.0,21.0,21.0,21.0,0,-2.0,1.6,58.0,0.0,109.8,2,12,1,0.0,1.0
20210112,10,21.0,21.0,22.0,26.0,23.0,0,-0.3,1.5,53.0,0.0,109.8,2,12,1,0.0,1.0
20210112,11,25.0,21.0,21.0,21.0,22.0,0,1.2,2.1,48.0,0.0,109.8,2,12,1,0.0,1.0
20210112,12,21.0,21.0,21.0,21.0,21.0,0,3.1,2.6,42.0,0.0,109.8,2,12,1,0.0,1.0
20210112,13,21.0,21.0,21.0,21.0,21.0,0,4.0,2.0,38.0,0.0,109.8,2,12,1,0.0,1.0
20210112,14,24.0,25.0,21.0,21.0,23.0,0,4.8,3.1,32.0,0.0,109.8,2,12,1,0.0,1.0
20210112,15,21.0,21.0,21.0,21.0,21.0,0,5.1,2.2,33.0,0.0,109.8,2,12,1,0.0,1.0
20210112,16,21.0,21.0,21.0,21.0,21.0,0,4.4,2.8,35.0,0.0,109.8,2,12,1,0.0,1.0
20210112,17,24.0,26.0,22.0,21.0,23.0,0,3.2,1.9,38.0,0.0,109.8,2,12,1,0.0,1.0
20210112,18,21.0,21.0,21.0,21.0,21.0,0,1.7,1.4,41.0,0.0,109.8,2,12,1,0.0,1.5
20210112,19,21.0,21.0,21.0,21.0,21.0,0,1.2,1.7,45.0,0.0,109.8,2,12,1,0.0,1.5
20210112,20,22.0,26.0,24.0,21.0,23.0,0,1.1,2.4,46.0,0.0,109.8,2,12,1,0.0,1.5
20210112,21,21.0,21.0,21.0,22.0,21.0,0,0.7,2.0,47.0,0.0,109.8,2,12,1,0.0,1.5
20210112,22,21.0,21.0,21.0,21.0,21.0,0,1.7,3.3,47.0,0.0,109.8,2,12,1,0.0,1.5
20210112,23,21.0,24.0,26.0,25.0,24.0,0,1.6,3.2,49.0,0.0,109.8,2,12,1,0.0,1.5
20210113,0,22.0,22.0,26.0,26.0,24.0,0,-0.4,0.5,56.0,0.0,109.8,3,13,1,0.0,1.5
20210113,1,21.0,21.0,21.0,22.0,21.0,0,0.0,1.2,58.0,0.0,109.8,3,13,1,0.0,1.5
20210113,2,21.0,21.0,21.0,22.0,21.0,0,-0.9,0.0,60.0,0.0,109.8,3,13,1,0.0,1.5
20210113,3,22.0,22.0,22.0,24.0,23.0,0,-1.5,0.2,64.0,0.0,109.8,3,13,1,0.0,1.5
20210113,4,26.0,24.0,22.0,21.0,23.0,0,-1.5,0.3,68.0,0.0,109.8,3,13,1,0.0,1.5
20210113,5,21.0,21.0,21.0,22.0,21.0,0,-1.8,0.2,70.0,0.0,109.8,3,13,1,0.0,1.5
20210113,6,22.0,21.0,21.0,21.0,21.0,0,0.5,1.8,64.0,0.0,109.8,3,13,1,0.0,1.5
20210113,7,21.0,26.0,26.0,22.0,24.0,0,-2.8,0.9,77.0,0.0,109.8,3,13,1,0.0,1.5
20210113,8,21.0,21.0,21.0,21.0,21.0,0,-0.1,1.6,67.0,0.0,109.8,3,13,1,0.0,1.5
20210113,9,21.0,21.0,21.0,21.0,21.0,0,1.3,0.9,69.0,0.0,109.8,3,13,1,0.0,1.0
20210113,10,21.0,21.0,22.0,26.0,23.0,0,4.6,0.3,52.0,0.0,109.8,3,13,1,0.0,1.0
20210113,11,25.0,21.0,21.0,21.0,22.0,0,6.3,1.3,47.0,0.0,109.8,3,13,1,0.0,1.0
20210113,12,21.0,21.0,21.0,21.0,21.0,0,9.8,3.6,41.0,0.0,109.8,3,13,1,0.0,1.0
20210113,13,21.0,21.0,21.0,21.0,21.0,0,10.5,4.6,38.0,0.0,109.8,3,13,1,0.0,1.0
20210113,14,24.0,25.0,21.0,21.0,23.0,0,10.8,5.2,32.0,0.0,109.8,3,13,1,0.0,1.0
20210113,15,21.0,21.0,21.0,21.0,21.0,0,11.2,5.0,31.0,0.0,109.8,3,13,1,0.0,1.0
20210113,16,21.0,21.0,21.0,21.0,21.0,0,11.1,4.0,34.0,0.0,109.8,3,13,1,0.0,1.0
20210113,17,24.0,26.0,22.0,21.0,23.0,0,10.3,4.1,41.0,0.0,109.8,3,13,1,0.0,1.0
20210113,18,21.0,21.0,21.0,21.0,21.0,0,9.4,3.6,45.0,0.0,109.8,3,13,1,0.0,1.5
20210113,19,21.0,21.0,21.0,21.0,21.0,0,9.1,3.5,47.0,0.0,109.8,3,13,1,0.0,1.5
20210113,20,22.0,26.0,24.0,21.0,23.0,0,8.8,3.2,50.0,0.0,109.8,3,13,1,0.0,1.5
20210113,21,21.0,21.0,21.0,22.0,21.0,0,8.8,2.8,52.0,0.0,109.8,3,13,1,0.0,1.5
20210113,22,21.0,21.0,21.0,21.0,21.0,0,8.3,1.6,56.0,0.0,109.8,3,13,1,0.0,1.5
20210113,23,21.0,24.0,26.0,25.0,24.0,0,7.4,1.7,55.0,0.0,109.8,3,13,1,0.0,1.5
20210114,0,22.0,22.0,22.0,22.0,22.0,0,7.6,2.7,57.0,0.0,109.8,4,14,1,0.0,1.5
20210114,1,22.0,23.0,22.0,22.0,22.0,14,7.0,1.1,55.0,0.0,109.8,4,14,1,0.157303371,1.5
20210114,2,22.0,27.0,26.0,22.0,24.0,8,7.1,1.9,55.0,0.0,109.8,4,14,1,0.082474227,1.5
20210114,3,22.0,22.0,22.0,22.0,22.0,97,4.6,0.9,66.0,0.0,109.8,4,14,1,1.102272727,1.5
20210114,4,22.0,24.0,23.0,22.0,23.0,16,4.7,1.5,69.0,0.0,109.8,4,14,1,0.175824176,1.5
20210114,5,22.0,22.0,23.0,27.0,24.0,0,2.6,0.7,74.0,0.0,109.8,4,14,1,0.0,1.5
20210114,6,25.0,22.0,22.0,22.0,23.0,62,3.1,1.5,76.0,0.0,109.8,4,14,1,0.681318681,1.5
20210114,7,26.0,38.0,71.0,112.0,62.0,280,2.1,1.4,82.0,0.0,109.8,4,14,1,1.133603239,1.5
20210114,8,154.0,175.0,197.0,204.0,183.0,844,0.3,0.1,79.0,0.0,109.8,4,14,1,1.156164384,1.5
20210114,9,185.0,178.0,170.0,180.0,178.0,1104,5.9,2.7,63.0,0.0,109.8,4,14,1,1.548387097,1.0
20210114,10,157.0,180.0,180.0,167.0,171.0,498,7.2,1.9,57.0,0.0,109.8,4,14,1,0.728070175,1.0
20210114,11,173.0,190.0,187.0,175.0,181.0,1465,9.0,2.9,41.0,0.0,109.8,4,14,1,2.020689655,1.0
20210114,12,123.0,104.0,108.0,140.0,119.0,6345,10.1,3.2,32.0,0.0,109.8,4,14,1,13.35789474,1.0
20210114,13,175.0,187.0,192.0,188.0,186.0,898,12.7,1.4,16.0,0.0,109.8,4,14,1,1.210242588,1.0
20210114,14,185.0,174.0,172.0,176.0,177.0,535,12.7,1.7,16.0,0.0,109.8,4,14,1,0.756718529,1.0
20210114,15,148.0,181.0,190.0,192.0,178.0,550,12.3,2.1,28.0,0.0,109.8,4,14,1,0.773558368,1.0
20210114,16,180.0,168.0,169.0,168.0,171.0,1064,11.2,2.8,32.0,0.0,109.8,4,14,1,1.553284672,1.0
20210114,17,130.0,117.0,159.0,179.0,146.0,249,9.6,2.0,41.0,0.0,109.8,4,14,1,0.425641026,1.0
20210114,18,182.0,182.0,169.0,158.0,173.0,1016,7.9,0.4,51.0,0.0,109.8,4,14,1,1.470332851,1.5
20210114,19,164.0,158.0,157.0,122.0,150.0,2446,7.3,0.9,59.0,0.0,109.8,4,14,1,4.069883527,1.5
20210114,20,109.0,121.0,121.0,126.0,119.0,9,7.0,0.3,65.0,0.0,109.8,4,14,1,0.018867925,1.5
20210114,21,120.0,122.0,125.0,125.0,123.0,8,5.9,1.1,69.0,0.0,109.8,4,14,1,0.016260163,1.5
20210114,22,100.0,108.0,109.0,129.0,112.0,53,4.9,0.8,75.0,0.0,109.8,4,14,1,0.118834081,1.5
20210114,23,118.0,113.0,106.0,90.0,107.0,0,4.2,0.2,76.0,0.0,109.8,4,14,1,0.0,1.5
20210115,0,83.0,77.0,72.0,72.0,76.0,0,4.6,1.3,74.0,0.0,109.8,5,15,1,0.0,1.5
20210115,1,100.0,110.0,115.0,116.0,110.0,91,3.7,0.3,80.0,0.0,109.8,5,15,1,0.206349206,1.5
20210115,2,114.0,117.0,121.0,117.0,117.0,70,5.0,1.7,72.0,0.0,109.8,5,15,1,0.149253731,1.5
20210115,3,104.0,119.0,117.0,123.0,116.0,0,5.2,2.0,77.0,0.0,109.8,5,15,1,0.0,1.5
20210115,4,122.0,111.0,100.0,106.0,110.0,98,4.1,0.1,78.0,0.0,109.8,5,15,1,0.223234624,1.5
20210115,5,94.0,87.0,96.0,112.0,97.0,0,3.6,0.3,85.0,0.0,109.8,5,15,1,0.0,1.5
20210115,6,121.0,118.0,117.0,117.0,118.0,54,5.2,0.4,85.0,0.0,109.8,5,15,1,0.114164905,1.5
20210115,7,116.0,119.0,144.0,150.0,132.0,457,3.4,0.2,91.0,0.0,109.8,5,15,1,0.86389414,1.5
20210115,8,176.0,196.0,198.0,181.0,188.0,560,3.4,0.3,93.0,0.0,109.8,5,15,1,0.745672437,1.5
20210115,9,184.0,195.0,176.0,188.0,186.0,624,5.9,0.3,83.0,0.0,109.8,5,15,1,0.839838493,1.0
20210115,10,138.0,174.0,181.0,164.0,164.0,1090,11.7,3.1,70.0,0.0,109.8,5,15,1,1.659056317,1.0
20210115,11,162.0,180.0,167.0,184.0,173.0,908,14.6,5.2,61.0,0.0,109.8,5,15,1,1.31024531,1.0
20210115,12,128.0,105.0,92.0,122.0,112.0,1763,14.5,4.1,60.0,0.0,109.8,5,15,1,3.944071588,1.0
20210115,13,168.0,177.0,170.0,170.0,171.0,946,15.9,4.9,54.0,0.0,109.8,5,15,1,1.381021898,1.0
20210115,14,182.0,181.0,173.0,172.0,177.0,2022,15.3,3.4,54.0,0.0,109.8,5,15,1,2.855932203,1.0
20210115,15,137.0,168.0,171.0,176.0,163.0,614,16.0,3.2,50.0,0.0,109.8,5,15,1,0.941717791,1.0
20210115,16,166.0,172.0,181.0,160.0,170.0,1324,16.0,4.7,46.0,0.0,109.8,5,15,1,1.949926362,1.0
20210115,17,118.0,108.0,149.0,159.0,134.0,95,15.3,4.8,49.0,0.0,109.8,5,15,1,0.177902622,1.0
20210115,18,161.0,161.0,153.0,170.0,161.0,1019,14.0,3.3,54.0,0.0,109.8,5,15,1,1.579844961,1.5
20210115,19,162.0,159.0,154.0,147.0,156.0,2553,13.4,3.9,61.0,0.0,109.8,5,15,1,4.104501608,1.5
20210115,20,133.0,131.0,127.0,120.0,128.0,3,13.2,4.0,64.0,0.0,109.8,5,15,1,0.005870841,1.5
20210115,21,124.0,131.0,129.0,124.0,127.0,31,12.6,2.2,66.0,0.0,109.8,5,15,1,0.061023622,1.5
20210115,22,108.0,111.0,116.0,123.0,115.0,17,12.5,1.6,67.0,0.0,109.8,5,15,1,0.037117904,1.5
20210115,23,116.0,120.0,110.0,85.0,108.0,6,12.4,0.4,67.0,0.0,109.8,5,15,1,0.013921114,1.5
20210116,0,63.0,63.0,64.0,63.0,63.0,0,13.2,2.4,63.0,0.0,109.8,6,16,1,0.0,1.5
20210116,1,96.0,93.0,116.0,113.0,105.0,0,10.5,3.7,67.0,0.0,109.8,6,16,1,0.0,1.5
20210116,2,106.0,96.0,106.0,107.0,104.0,118,8.3,0.8,69.0,0.0,109.8,6,16,1,0.284337349,1.5
20210116,3,106.0,113.0,114.0,113.0,112.0,0,7.4,3.5,64.0,0.0,109.8,6,16,1,0.0,1.5
20210116,4,108.0,105.0,106.0,108.0,107.0,60,6.7,3.3,51.0,0.0,109.8,6,16,1,0.140515222,1.5
20210116,5,89.0,83.0,99.0,98.0,92.0,35,5.5,2.6,43.0,0.0,109.8,6,16,1,0.094850949,1.5
20210116,6,114.0,119.0,121.0,105.0,115.0,62,4.2,3.1,45.0,0.0,109.8,6,16,1,0.135076253,1.5
20210116,7,92.0,75.0,48.0,29.0,61.0,424,3.0,2.4,52.0,0.0,109.8,6,16,1,1.737704918,1.5
20210116,8,170.0,185.0,180.0,173.0,177.0,0,2.3,2.9,58.0,0.0,109.8,6,16,1,0.0,1.5
20210116,9,22.0,22.0,22.0,22.0,22.0,0,2.5,3.1,61.0,0.0,109.8,6,16,1,0.0,1.0
20210116,10,22.0,22.0,22.0,22.0,22.0,0,3.4,3.6,56.0,0.0,109.8,6,16,1,0.0,1.0
20210116,11,22.0,23.0,28.0,27.0,25.0,0,4.8,3.0,47.0,0.0,109.8,6,16,1,0.0,1.0
20210116,12,22.0,23.0,22.0,22.0,22.0,0,5.2,2.9,44.0,0.0,109.8,6,16,1,0.0,1.0
20210116,13,22.0,23.0,22.0,22.0,22.0,0,6.3,3.2,28.0,0.0,109.8,6,16,1,0.0,1.0
20210116,14,167.0,169.0,172.0,174.0,171.0,0,6.3,3.9,28.0,0.0,109.8,6,16,1,0.0,1.0
20210116,15,138.0,177.0,180.0,157.0,163.0,0,6.6,3.7,24.0,0.0,109.8,6,16,1,0.0,1.0
20210116,16,23.0,23.0,22.0,23.0,23.0,0,6.0,3.7,20.0,0.0,109.8,6,16,1,0.0,1.0
20210116,17,22.0,22.0,22.0,23.0,22.0,0,4.8,2.9,23.0,0.0,109.8,6,16,1,0.0,1.0
20210116,18,177.0,169.0,163.0,162.0,168.0,0,2.4,2.8,32.0,0.0,109.8,6,16,1,0.0,1.5
20210116,19,152.0,145.0,142.0,117.0,139.0,0,1.7,2.6,28.0,0.0,109.8,6,16,1,0.0,1.5
20210116,20,22.0,22.0,22.0,22.0,22.0,0,1.0,4.6,29.0,0.0,109.8,6,16,1,0.0,1.5
20210116,21,23.0,22.0,22.0,27.0,24.0,0,0.2,2.6,33.0,0.0,109.8,6,16,1,0.0,1.5
20210116,22,26.0,22.0,22.0,22.0,23.0,0,-0.4,1.8,35.0,0.0,109.8,6,16,1,0.0,1.5
20210116,23,107.0,119.0,111.0,85.0,106.0,0,-0.6,4.3,37.0,0.0,109.8,6,16,1,0.0,1.5
20210117,0,72.0,72.0,72.0,71.0,72.0,0,-0.9,4.4,34.0,0.0,109.8,7,17,1,0.0,1.5
20210117,1,96.0,104.0,108.0,118.0,107.0,0,-1.1,4.6,31.0,0.0,109.8,7,17,1,0.0,1.5
20210117,2,115.0,117.0,107.0,110.0,112.0,0,-2.0,6.6,39.0,0.0,109.8,7,17,1,0.0,1.5
20210117,3,112.0,118.0,120.0,115.0,116.0,0,-2.3,6.0,38.0,0.0,109.8,7,17,1,0.0,1.5
20210117,4,111.0,110.0,114.0,115.0,113.0,0,-2.7,7.0,40.0,0.0,109.8,7,17,1,0.0,1.5
20210117,5,98.0,83.0,96.0,112.0,97.0,0,-3.1,6.8,43.0,0.0,109.8,7,17,1,0.0,1.5
20210117,6,118.0,116.0,126.0,122.0,121.0,0,-3.2,7.3,37.0,0.0,109.8,7,17,1,0.0,1.5
20210117,7,120.0,124.0,162.0,158.0,141.0,0,-3.5,7.6,32.0,0.0,109.8,7,17,1,0.0,1.5
20210117,8,178.0,193.0,197.0,193.0,190.0,0,-4.1,5.1,29.0,0.0,109.8,7,17,1,0.0,1.5
20210117,9,188.0,180.0,173.0,179.0,180.0,0,-3.7,5.0,31.0,0.0,109.8,7,17,1,0.0,1.0
20210117,10,142.0,170.0,177.0,175.0,166.0,0,-2.7,4.8,28.0,0.0,109.8,7,17,1,0.0,1.0
20210117,11,188.0,190.0,177.0,177.0,183.0,0,-1.0,4.2,24.0,0.0,109.8,7,17,1,0.0,1.0
20210117,12,116.0,88.0,85.0,123.0,103.0,0,0.1,4.8,21.0,0.0,109.8,7,17,1,0.0,1.0
20210117,13,169.0,188.0,192.0,182.0,183.0,0,0.5,5.0,19.0,0.0,109.8,7,17,1,0.0,1.0
20210117,14,171.0,179.0,176.0,189.0,179.0,0,0.8,4.2,17.0,0.0,109.8,7,17,1,0.0,1.0
20210117,15,147.0,179.0,179.0,174.0,170.0,0,1.1,3.0,18.0,0.0,109.8,7,17,1,0.0,1.0
20210117,16,166.0,164.0,170.0,174.0,169.0,24,1.3,2.5,19.0,0.0,109.8,7,17,1,0.035608309,1.0
20210117,17,132.0,118.0,144.0,158.0,138.0,0,0.2,3.0,21.0,0.0,109.8,7,17,1,0.0,1.0
20210117,18,171.0,166.0,177.0,167.0,170.0,0,-0.7,1.8,26.0,0.0,109.8,7,17,1,0.0,1.5
20210117,19,160.0,160.0,169.0,147.0,159.0,0,-1.4,1.7,29.0,0.0,109.8,7,17,1,0.0,1.5
20210117,20,133.0,143.0,143.0,135.0,139.0,0,-2.1,1.7,31.0,0.0,109.8,7,17,1,0.0,1.5
20210117,21,125.0,134.0,125.0,123.0,127.0,0,-1.9,1.8,31.0,0.0,109.8,7,17,1,0.0,1.5
20210117,22,119.0,128.0,126.0,127.0,125.0,0,-2.0,2.7,30.0,0.0,109.8,7,17,1,0.0,1.5
20210117,23,125.0,120.0,105.0,94.0,111.0,0,-2.3,3.4,32.0,0.0,109.8,7,17,1,0.0,1.5
20210118,0,90.0,82.0,75.0,73.0,80.0,0,-3.2,1.3,37.0,0.0,109.8,1,18,1,0.0,1.5
20210118,1,98.0,117.0,117.0,115.0,112.0,0,-2.5,1.7,43.0,0.0,109.8,1,18,1,0.0,1.5
20210118,2,117.0,121.0,117.0,105.0,115.0,0,-2.4,1.4,51.0,0.0,109.8,1,18,1,0.0,1.5
20210118,3,101.0,118.0,126.0,111.0,114.0,0,-2.9,1.4,50.0,0.0,109.8,1,18,1,0.0,1.5
20210118,4,104.0,110.0,117.0,115.0,112.0,0,-2.9,2.2,54.0,0.0,109.8,1,18,1,0.0,1.5
20210118,5,96.0,90.0,100.0,120.0,102.0,0,-1.5,3.1,52.0,0.0,109.8,1,18,1,0.0,1.5
20210118,6,123.0,122.0,123.0,114.0,121.0,0,-2.5,1.0,56.0,0.0,109.8,1,18,1,0.0,1.5
20210118,7,112.0,125.0,138.0,157.0,133.0,0,-2.2,3.1,58.0,0.0,109.8,1,18,1,0.0,1.5
20210118,8,166.0,153.0,150.0,177.0,162.0,592,-3.7,0.8,64.0,0.0,109.8,1,18,1,0.916408669,1.5
20210118,9,168.0,162.0,166.0,186.0,171.0,622,-1.0,0.4,57.0,0.0,109.8,1,18,1,0.91202346,1.0
20210118,10,156.0,179.0,168.0,156.0,165.0,3127,1.5,1.0,53.0,0.0,109.8,1,18,1,4.745068285,1.0
20210118,11,165.0,185.0,182.0,177.0,177.0,1300,3.2,2.1,57.0,0.0,109.8,1,18,1,1.833568406,1.0
20210118,12,104.0,88.0,90.0,124.0,102.0,60,4.3,3.7,56.0,0.0,109.8,1,18,1,0.147783251,1.0
20210118,13,170.0,180.0,176.0,171.0,174.0,902,4.4,3.5,57.0,0.0,109.8,1,18,1,1.294117647,1.0
20210118,14,170.0,166.0,153.0,165.0,164.0,854,4.4,4.7,52.0,0.0,109.8,1,18,1,1.305810398,1.0
20210118,15,130.0,170.0,168.0,154.0,156.0,1424,5.5,3.6,43.0,0.0,109.8,1,18,1,2.289389068,1.0
20210118,16,156.0,161.0,174.0,156.0,162.0,1378,4.6,3.7,43.0,0.0,109.8,1,18,1,2.129829985,1.0
20210118,17,140.0,133.0,153.0,164.0,148.0,816,4.6,3.7,44.0,0.0,109.8,1,18,1,1.383050847,1.0
20210118,18,154.0,146.0,150.0,151.0,150.0,1268,3.5,3.2,53.0,0.0,109.8,1,18,1,2.109816972,1.5
20210118,19,139.0,138.0,142.0,131.0,138.0,2095,3.3,1.6,51.0,0.0,109.8,1,18,1,3.809090909,1.5
20210118,20,119.0,124.0,114.0,112.0,117.0,158,2.7,4.3,52.0,0.0,109.8,1,18,1,0.336886994,1.5
20210118,21,108.0,115.0,110.0,121.0,114.0,163,1.1,3.0,51.0,0.0,109.8,1,18,1,0.359030837,1.5
20210118,22,117.0,115.0,116.0,108.0,114.0,62,-0.1,2.5,45.0,0.0,109.8,1,18,1,0.135964912,1.5
20210118,23,116.0,120.0,109.0,80.0,106.0,324,-0.9,2.5,40.0,0.0,109.8,1,18,1,0.762352941,1.5
20210119,0,22.0,22.0,26.0,26.0,24.0,0,-2.3,3.0,41.0,0.0,109.8,2,19,1,0.0,1.5
20210119,1,21.0,21.0,21.0,22.0,21.0,0,-3.0,3.4,35.0,0.0,109.8,2,19,1,0.0,1.5
20210119,2,21.0,21.0,21.0,22.0,21.0,0,-3.6,1.9,38.0,0.0,109.8,2,19,1,0.0,1.5
20210119,3,22.0,22.0,22.0,24.0,23.0,0,-4.2,2.2,39.0,0.0,109.8,2,19,1,0.0,1.5
20210119,4,26.0,24.0,22.0,21.0,23.0,0,-4.6,3.1,44.0,0.0,109.8,2,19,1,0.0,1.5
20210119,5,21.0,21.0,21.0,22.0,21.0,0,-5.3,2.3,48.0,0.0,109.8,2,19,1,0.0,1.5
20210119,6,22.0,21.0,21.0,21.0,21.0,0,-5.7,2.2,52.0,0.0,109.8,2,19,1,0.0,1.5
20210119,7,21.0,26.0,26.0,22.0,24.0,0,-6.0,2.1,53.0,0.0,109.8,2,19,1,0.0,1.5
20210119,8,21.0,21.0,21.0,21.0,21.0,0,-5.9,1.7,55.0,0.0,109.8,2,19,1,0.0,1.5
20210119,9,21.0,21.0,21.0,21.0,21.0,0,-4.7,3.1,51.0,0.0,109.8,2,19,1,0.0,1.0
20210119,10,21.0,21.0,22.0,26.0,23.0,0,-3.1,2.1,43.0,0.0,109.8,2,19,1,0.0,1.0
20210119,11,25.0,21.0,21.0,21.0,22.0,0,-1.3,3.0,30.0,0.0,109.8,2,19,1,0.0,1.0
20210119,12,21.0,21.0,21.0,21.0,21.0,0,0.2,2.2,25.0,0.0,109.8,2,19,1,0.0,1.0
20210119,13,21.0,21.0,21.0,21.0,21.0,0,2.0,2.5,19.0,0.0,109.8,2,19,1,0.0,1.0
20210119,14,24.0,25.0,21.0,21.0,23.0,0,2.9,2.3,13.0,0.0,109.8,2,19,1,0.0,1.0
20210119,15,21.0,21.0,21.0,21.0,21.0,0,2.8,1.9,8.0,0.0,109.8,2,19,1,0.0,1.0
20210119,16,21.0,21.0,21.0,21.0,21.0,0,3.2,1.7,23.0,0.0,109.8,2,19,1,0.0,1.0
20210119,17,24.0,26.0,22.0,21.0,23.0,0,1.9,3.0,39.0,0.0,109.8,2,19,1,0.0,1.0
20210119,18,21.0,21.0,21.0,21.0,21.0,0,0.7,0.8,44.0,0.0,109.8,2,19,1,0.0,1.5
20210119,19,21.0,21.0,21.0,21.0,21.0,0,0.3,1.3,43.0,0.0,109.8,2,19,1,0.0,1.5
20210119,20,22.0,26.0,24.0,21.0,23.0,0,-0.3,1.9,44.0,0.0,109.8,2,19,1,0.0,1.5
20210119,21,21.0,21.0,21.0,22.0,21.0,0,-1.9,0.3,44.0,0.0,109.8,2,19,1,0.0,1.5
20210119,22,21.0,21.0,21.0,21.0,21.0,0,-1.3,1.1,38.0,0.0,109.8,2,19,1,0.0,1.5
20210119,23,21.0,24.0,26.0,25.0,24.0,0,-2.1,1.7,37.0,0.0,109.8,2,19,1,0.0,1.5
20210120,0,22.0,22.0,26.0,26.0,24.0,0,-2.4,1.5,35.0,0.0,109.8,3,20,1,0.0,1.5
20210120,1,21.0,21.0,21.0,22.0,21.0,0,-2.2,1.3,35.0,0.0,109.8,3,20,1,0.0,1.5
20210120,2,21.0,21.0,21.0,22.0,21.0,0,-2.3,1.3,36.0,0.0,109.8,3,20,1,0.0,1.5
20210120,3,22.0,22.0,22.0,24.0,23.0,0,-2.6,1.0,38.0,0.0,109.8,3,20,1,0.0,1.5
20210120,4,26.0,24.0,22.0,21.0,23.0,0,-2.4,1.2,39.0,0.0,109.8,3,20,1,0.0,1.5
20210120,5,21.0,21.0,21.0,22.0,21.0,0,-3.2,0.9,46.0,0.0,109.8,3,20,1,0.0,1.5
20210120,6,22.0,21.0,21.0,21.0,21.0,0,-2.6,1.7,41.0,0.0,109.8,3,20,1,0.0,1.5
20210120,7,21.0,26.0,26.0,22.0,24.0,0,-2.9,0.9,39.0,0.0,109.8,3,20,1,0.0,1.5
20210120,8,21.0,21.0,21.0,21.0,21.0,0,-2.7,0.4,38.0,0.0,109.8,3,20,1,0.0,1.5
20210120,9,21.0,21.0,21.0,21.0,21.0,0,0.8,1.1,30.0,0.0,109.8,3,20,1,0.0,1.0
20210120,10,21.0,21.0,22.0,26.0,23.0,0,3.8,1.3,28.0,0.0,109.8,3,20,1,0.0,1.0
20210120,11,25.0,21.0,21.0,21.0,22.0,0,6.1,0.9,25.0,0.0,109.8,3,20,1,0.0,1.0
20210120,12,21.0,21.0,21.0,21.0,21.0,0,7.8,1.8,37.0,0.0,109.8,3,20,1,0.0,1.0
20210120,13,21.0,21.0,21.0,21.0,21.0,0,8.7,1.7,46.0,0.0,109.8,3,20,1,0.0,1.0
20210120,14,24.0,25.0,21.0,21.0,23.0,0,9.1,2.2,52.0,0.0,109.8,3,20,1,0.0,1.0
20210120,15,21.0,21.0,21.0,21.0,21.0,0,9.9,2.4,52.0,0.0,109.8,3,20,1,0.0,1.0
20210120,16,21.0,21.0,21.0,21.0,21.0,0,9.1,2.8,57.0,0.0,109.8,3,20,1,0.0,1.0
20210120,17,24.0,26.0,22.0,21.0,23.0,0,8.2,2.4,65.0,0.0,109.8,3,20,1,0.0,1.0
20210120,18,21.0,21.0,21.0,21.0,21.0,0,6.9,1.7,69.0,0.0,109.8,3,20,1,0.0,1.5
20210120,19,21.0,21.0,21.0,21.0,21.0,0,6.5,1.6,73.0,0.0,109.8,3,20,1,0.0,1.5
20210120,20,22.0,26.0,24.0,21.0,23.0,0,5.8,1.2,77.0,0.0,109.8,3,20,1,0.0,1.5
20210120,21,21.0,21.0,21.0,22.0,21.0,0,6.0,1.1,78.0,0.0,109.8,3,20,1,0.0,1.5
20210120,22,21.0,21.0,21.0,21.0,21.0,0,5.0,1.5,76.0,0.0,109.8,3,20,1,0.0,1.5
20210120,23,21.0,24.0,26.0,25.0,24.0,0,2.5,0.7,89.0,0.0,109.8,3,20,1,0.0,1.5
20210121,0,23.0,22.0,23.0,25.0,23.0,522,2.4,1.5,87.0,0.0,109.8,4,21,1,5.612903226,1.5
20210121,1,28.0,23.0,22.0,22.0,24.0,227,1.8,0.1,91.0,0.0,109.8,4,21,1,2.389473684,1.5
20210121,2,23.0,22.0,22.0,22.0,22.0,54,2.0,0.9,84.0,0.0,109.8,4,21,1,0.606741573,1.5
20210121,3,23.0,22.0,23.0,22.0,23.0,99,1.3,0.8,85.0,0.0,109.8,4,21,1,1.1,1.5
20210121,4,24.0,27.0,24.0,23.0,25.0,708,0.3,0.3,93.0,0.0,109.8,4,21,1,7.224489796,1.5
20210121,5,23.0,22.0,22.0,22.0,22.0,57,0.2,0.9,98.0,0.0,109.8,4,21,1,0.640449438,1.5
20210121,6,22.0,22.0,22.0,23.0,22.0,332,0.1,0.3,97.0,0.0,109.8,4,21,1,3.730337079,1.5
20210121,7,29.0,38.0,62.0,101.0,58.0,1617,-0.5,0.7,93.0,0.0,109.8,4,21,1,7.030434783,1.5
20210121,8,148.0,196.0,208.0,206.0,190.0,489,0.4,0.7,98.0,0.0,109.8,4,21,1,0.645118734,1.5
20210121,9,192.0,194.0,184.0,187.0,189.0,447,4.2,0.2,80.0,0.0,109.8,4,21,1,0.590488771,1.0
20210121,10,164.0,202.0,196.0,178.0,185.0,1884,6.3,0.8,67.0,0.0,109.8,4,21,1,2.545945946,1.0
20210121,11,174.0,170.0,191.0,189.0,181.0,1164,9.6,1.4,60.0,0.0,109.8,4,21,1,1.607734807,1.0
20210121,12,132.0,102.0,98.0,126.0,115.0,85,12.4,1.5,53.0,0.0,109.8,4,21,1,0.18558952,1.0
20210121,13,178.0,190.0,191.0,199.0,190.0,1692,13.0,1.9,47.0,0.0,109.8,4,21,1,2.232189974,1.0
20210121,14,178.0,182.0,201.0,196.0,189.0,796,12.2,3.0,58.0,0.0,109.8,4,21,1,1.051519155,1.0
20210121,15,151.0,174.0,184.0,165.0,169.0,562,12.2,2.7,57.0,0.0,109.8,4,21,1,0.833827893,1.0
20210121,16,164.0,154.0,160.0,162.0,160.0,900,12.7,2.0,57.0,0.0,109.8,4,21,1,1.40625,1.0
20210121,17,117.0,109.0,148.0,162.0,134.0,350,12.0,0.5,62.0,0.0,109.8,4,21,1,0.652985075,1.0
20210121,18,155.0,156.0,157.0,157.0,156.0,952,12.0,2.1,57.0,0.0,109.8,4,21,1,1.5232,1.5
20210121,19,145.0,159.0,150.0,119.0,143.0,3581,11.0,1.3,64.0,0.1,109.8,4,21,1,6.2495637,1.5
20210121,20,115.0,133.0,134.0,125.0,127.0,100,10.1,1.4,68.0,0.1,109.8,4,21,1,0.197238659,1.5
20210121,21,121.0,122.0,133.0,131.0,127.0,63,9.6,0.1,73.0,0.1,109.8,4,21,1,0.124260355,1.5
20210121,22,100.0,118.0,117.0,121.0,114.0,351,8.4,1.4,88.0,0.4,109.8,4,21,1,0.769736842,1.5
20210121,23,124.0,130.0,113.0,82.0,112.0,183,7.8,1.6,98.0,0.6,109.8,4,21,1,0.407572383,1.5
20210122,0,69.0,71.0,74.0,71.0,71.0,0,7.6,1.8,98.0,0.6,109.8,5,22,1,0.0,1.5
20210122,1,93.0,112.0,109.0,118.0,108.0,124,7.1,0.5,98.0,0.0,109.8,5,22,1,0.287037037,1.5
20210122,2,118.0,110.0,103.0,120.0,113.0,854,7.2,0.3,98.0,0.0,109.8,5,22,1,1.893569845,1.5
20210122,3,96.0,123.0,117.0,116.0,113.0,108,7.6,0.5,98.0,0.0,109.8,5,22,1,0.238938053,1.5
20210122,4,113.0,112.0,121.0,120.0,117.0,140,7.6,0.0,96.0,0.0,109.8,5,22,1,0.300429185,1.5
20210122,5,86.0,76.0,100.0,112.0,94.0,0,7.5,0.1,98.0,0.0,109.8,5,22,1,0.0,1.5
20210122,6,117.0,117.0,114.0,108.0,114.0,1007,7.6,0.9,98.0,0.2,109.8,5,22,1,2.208333333,1.5
20210122,7,105.0,128.0,162.0,159.0,139.0,682,7.8,0.9,98.0,0.6,109.8,5,22,1,1.231046931,1.5
20210122,8,165.0,167.0,174.0,178.0,171.0,120,7.7,0.2,98.0,1.3,109.8,5,22,1,0.175438596,1.5
20210122,9,170.0,176.0,160.0,160.0,167.0,786,8.2,0.5,98.0,2.0,109.8,5,22,1,1.18018018,1.0
20210122,10,140.0,175.0,189.0,185.0,172.0,915,8.2,1.0,98.0,2.2,109.8,5,22,1,1.328011611,1.0
20210122,11,169.0,172.0,180.0,168.0,172.0,452,8.5,0.9,98.0,2.3,109.8,5,22,1,0.656023222,1.0
20210122,12,116.0,104.0,101.0,122.0,111.0,286,9.2,0.7,98.0,2.3,109.8,5,22,1,0.645598194,1.0
20210122,13,156.0,155.0,168.0,186.0,166.0,1215,9.1,1.9,98.0,2.3,109.8,5,22,1,1.827067669,1.0
20210122,14,172.0,151.0,140.0,163.0,157.0,466,9.9,2.6,98.0,2.3,109.8,5,22,1,0.744408946,1.0
20210122,15,125.0,171.0,168.0,161.0,156.0,3684,10.6,1.8,98.0,2.3,109.8,5,22,1,5.8944,1.0
20210122,16,148.0,175.0,162.0,154.0,160.0,1081,10.6,0.8,94.0,2.3,109.8,5,22,1,1.69170579,1.0
20210122,17,104.0,87.0,129.0,159.0,120.0,733,10.7,1.7,91.0,2.3,109.8,5,22,1,1.530271399,1.0
20210122,18,164.0,150.0,147.0,149.0,153.0,658,10.7,0.7,89.0,2.3,109.8,5,22,1,1.078688525,1.5
20210122,19,153.0,142.0,174.0,154.0,156.0,1279,11.1,2.4,87.0,2.3,109.8,5,22,1,2.052969502,1.5
20210122,20,133.0,134.0,129.0,134.0,133.0,11,10.9,1.4,90.0,2.3,109.8,5,22,1,0.020754717,1.5
20210122,21,123.0,128.0,128.0,123.0,126.0,171,10.8,2.1,91.0,2.3,109.8,5,22,1,0.34063745,1.5
20210122,22,98.0,122.0,118.0,116.0,114.0,3,10.9,1.9,88.0,2.3,109.8,5,22,1,0.00660793,1.5
20210122,23,131.0,120.0,114.0,88.0,113.0,532,10.6,1.8,91.0,2.3,109.8,5,22,1,1.174392936,1.5
20210123,0,70.0,69.0,69.0,68.0,69.0,257,11.0,2.0,87.0,2.3,109.8,6,23,1,0.93115942,1.5
20210123,1,97.0,105.0,102.0,106.0,103.0,477,10.6,2.9,88.0,0.0,109.8,6,23,1,1.163414634,1.5
20210123,2,119.0,123.0,123.0,113.0,120.0,157,10.4,2.6,91.0,0.0,109.8,6,23,1,0.328451883,1.5
20210123,3,92.0,99.0,108.0,113.0,103.0,371,10.0,3.3,94.0,0.0,109.8,6,23,1,0.900485437,1.5
20210123,4,116.0,111.0,109.0,111.0,112.0,36,9.7,2.9,96.0,0.0,109.8,6,23,1,0.080536913,1.5
20210123,5,86.0,72.0,98.0,125.0,95.0,894,9.6,3.3,94.0,0.0,109.8,6,23,1,2.346456693,1.5
20210123,6,125.0,115.0,108.0,119.0,117.0,233,9.6,3.1,95.0,0.0,109.8,6,23,1,0.498929336,1.5
20210123,7,120.0,134.0,158.0,149.0,140.0,743,9.8,3.5,92.0,0.0,109.8,6,23,1,1.324420677,1.5
20210123,8,151.0,174.0,165.0,160.0,163.0,0,9.9,3.2,91.0,0.0,109.8,6,23,1,0.0,1.5
20210123,9,162.0,160.0,161.0,156.0,160.0,0,9.5,2.0,98.0,1.3,109.8,6,23,1,0.0,1.0
20210123,10,127.0,149.0,156.0,160.0,148.0,0,11.5,3.8,95.0,1.6,109.8,6,23,1,0.0,1.0
20210123,11,166.0,152.0,152.0,153.0,156.0,12,10.7,3.8,98.0,5.2,109.8,6,23,1,0.019261637,1.0
20210123,12,97.0,85.0,86.0,104.0,93.0,0,10.6,3.5,93.0,6.2,109.8,6,23,1,0.0,1.0
20210123,13,153.0,149.0,150.0,161.0,153.0,0,11.0,4.2,85.0,6.2,109.8,6,23,1,0.0,1.0
20210123,14,149.0,146.0,156.0,153.0,151.0,0,11.2,4.1,80.0,6.2,109.8,6,23,1,0.0,1.0
20210123,15,132.0,165.0,161.0,142.0,150.0,0,11.0,4.2,74.0,6.2,109.8,6,23,1,0.0,1.0
20210123,16,142.0,165.0,168.0,163.0,160.0,0,10.8,4.7,72.0,6.2,109.8,6,23,1,0.0,1.0
20210123,17,102.0,98.0,142.0,170.0,128.0,0,10.6,4.0,71.0,6.2,109.8,6,23,1,0.0,1.0
20210123,18,166.0,161.0,161.0,158.0,162.0,0,10.4,3.5,71.0,6.2,109.8,6,23,1,0.0,1.5
20210123,19,146.0,141.0,143.0,117.0,137.0,0,10.2,4.0,67.0,6.3,109.8,6,23,1,0.0,1.5
20210123,20,126.0,123.0,125.0,136.0,128.0,0,10.1,3.9,70.0,6.3,109.8,6,23,1,0.0,1.5
20210123,21,126.0,124.0,127.0,126.0,126.0,0,9.8,2.8,67.0,6.3,109.8,6,23,1,0.0,1.5
20210123,22,91.0,120.0,123.0,122.0,114.0,0,10.0,3.2,67.0,6.3,109.8,6,23,1,0.0,1.5
20210123,23,103.0,120.0,116.0,101.0,110.0,0,9.9,3.7,60.0,6.3,109.8,6,23,1,0.0,1.5
20210124,0,73.0,70.0,69.0,69.0,70.0,0,9.8,3.9,66.0,0.0,109.8,7,24,1,0.0,1.5
20210124,1,98.0,106.0,119.0,121.0,111.0,0,9.3,3.2,70.0,0.0,109.8,7,24,1,0.0,1.5
20210124,2,126.0,120.0,113.0,113.0,118.0,0,9.5,3.6,62.0,0.0,109.8,7,24,1,0.0,1.5
20210124,3,106.0,117.0,121.0,123.0,117.0,0,9.4,2.3,63.0,0.0,109.8,7,24,1,0.0,1.5
20210124,4,118.0,114.0,121.0,112.0,116.0,0,9.2,3.3,64.0,0.0,109.8,7,24,1,0.0,1.5
20210124,5,99.0,83.0,106.0,116.0,101.0,0,9.1,3.4,65.0,0.0,109.8,7,24,1,0.0,1.5
20210124,6,124.0,122.0,112.0,113.0,118.0,0,9.0,4.3,64.0,0.0,109.8,7,24,1,0.0,1.5
20210124,7,120.0,136.0,169.0,172.0,149.0,0,9.0,4.2,62.0,0.0,109.8,7,24,1,0.0,1.5
20210124,8,171.0,188.0,185.0,184.0,182.0,0,8.9,3.7,65.0,0.0,109.8,7,24,1,0.0,1.5
20210124,9,154.0,165.0,172.0,156.0,162.0,0,9.0,3.3,62.0,0.0,109.8,7,24,1,0.0,1.0
20210124,10,123.0,154.0,168.0,171.0,154.0,0,8.5,3.2,73.0,0.0,109.8,7,24,1,0.0,1.0
20210124,11,163.0,165.0,170.0,156.0,164.0,0,8.3,3.1,78.0,0.0,109.8,7,24,1,0.0,1.0
20210124,12,113.0,93.0,99.0,116.0,105.0,0,8.8,3.0,76.0,0.0,109.8,7,24,1,0.0,1.0
20210124,13,147.0,163.0,182.0,190.0,171.0,0,8.7,3.2,78.0,0.0,109.8,7,24,1,0.0,1.0
20210124,14,175.0,169.0,151.0,158.0,163.0,0,8.9,3.1,75.0,0.0,109.8,7,24,1,0.0,1.0
20210124,15,114.0,141.0,166.0,180.0,150.0,0,8.7,2.6,79.0,0.0,109.8,7,24,1,0.0,1.0
20210124,16,163.0,157.0,165.0,164.0,162.0,0,8.7,3.9,77.0,0.0,109.8,7,24,1,0.0,1.0
20210124,17,123.0,107.0,145.0,164.0,135.0,0,8.6,3.0,77.0,0.0,109.8,7,24,1,0.0,1.0
20210124,18,152.0,146.0,142.0,159.0,150.0,0,8.7,3.5,79.0,0.0,109.8,7,24,1,0.0,1.5
20210124,19,160.0,154.0,168.0,155.0,159.0,0,8.5,2.6,80.0,0.0,109.8,7,24,1,0.0,1.5
20210124,20,128.0,131.0,141.0,142.0,136.0,0,8.0,2.8,85.0,0.0,109.8,7,24,1,0.0,1.5
20210124,21,140.0,142.0,122.0,120.0,131.0,0,8.4,2.4,83.0,0.0,109.8,7,24,1,0.0,1.5
20210124,22,104.0,124.0,122.0,135.0,121.0,0,8.9,2.4,75.0,0.0,109.8,7,24,1,0.0,1.5
20210124,23,129.0,122.0,119.0,89.0,115.0,0,9.0,1.9,66.0,0.0,109.8,7,24,1,0.0,1.5
20210125,0,74.0,70.0,70.0,70.0,71.0,0,9.0,1.5,67.0,0.0,109.8,1,25,1,0.0,1.5
20210125,1,104.0,123.0,128.0,121.0,119.0,0,8.9,1.4,64.0,0.0,109.8,1,25,1,0.0,1.5
20210125,2,125.0,126.0,102.0,115.0,117.0,0,8.6,1.9,65.0,0.0,109.8,1,25,1,0.0,1.5
20210125,3,98.0,124.0,127.0,128.0,119.0,0,8.4,1.6,66.0,0.0,109.8,1,25,1,0.0,1.5
20210125,4,116.0,116.0,122.0,119.0,118.0,0,8.1,2.6,69.0,0.0,109.8,1,25,1,0.0,1.5
20210125,5,105.0,93.0,112.0,114.0,106.0,0,7.6,2.7,71.0,0.0,109.8,1,25,1,0.0,1.5
20210125,6,108.0,107.0,120.0,122.0,114.0,0,7.7,2.1,70.0,0.0,109.8,1,25,1,0.0,1.5
20210125,7,122.0,124.0,152.0,142.0,135.0,0,7.6,1.1,71.0,0.0,109.8,1,25,1,0.0,1.5
20210125,8,135.0,154.0,166.0,168.0,156.0,796,8.2,2.4,71.0,0.0,109.8,1,25,1,1.277688604,1.5
20210125,9,162.0,170.0,178.0,169.0,170.0,417,8.8,2.1,69.0,0.0,109.8,1,25,1,0.614138439,1.0
20210125,10,151.0,176.0,178.0,182.0,172.0,383,9.7,1.9,66.0,0.0,109.8,1,25,1,0.557496361,1.0
20210125,11,184.0,177.0,177.0,183.0,180.0,1971,9.9,2.9,67.0,0.0,109.8,1,25,1,2.73370319,1.0
20210125,12,136.0,112.0,105.0,134.0,122.0,0,9.8,3.7,65.0,0.0,109.8,1,25,1,0.0,1.0
20210125,13,185.0,184.0,174.0,174.0,179.0,1330,10.7,3.3,59.0,0.0,109.8,1,25,1,1.854951185,1.0
20210125,14,184.0,177.0,169.0,178.0,177.0,1732,10.6,3.5,62.0,0.0,109.8,1,25,1,2.446327684,1.0
20210125,15,152.0,182.0,186.0,178.0,175.0,926,10.2,3.2,66.0,0.0,109.8,1,25,1,1.326647564,1.0
20210125,16,165.0,155.0,169.0,176.0,166.0,2269,9.9,3.1,67.0,0.0,109.8,1,25,1,3.412030075,1.0
20210125,17,126.0,104.0,154.0,180.0,141.0,797,9.3,2.3,68.0,0.0,109.8,1,25,1,1.413120567,1.0
20210125,18,164.0,148.0,130.0,124.0,142.0,896,8.6,1.9,72.0,0.0,109.8,1,25,1,1.583038869,1.5
20210125,19,127.0,111.0,107.0,96.0,110.0,2599,8.5,2.2,72.0,0.0,109.8,1,25,1,5.893424036,1.5
20210125,20,100.0,109.0,111.0,115.0,109.0,78,8.2,1.6,75.0,0.0,109.8,1,25,1,0.179310345,1.5
20210125,21,121.0,118.0,118.0,108.0,116.0,36,8.1,1.5,77.0,0.0,109.8,1,25,1,0.077419355,1.5
20210125,22,108.0,116.0,136.0,132.0,123.0,181,8.1,2.0,77.0,0.0,109.8,1,25,1,0.367886179,1.5
20210125,23,122.0,107.0,94.0,84.0,102.0,30,8.4,1.2,77.0,0.0,109.8,1,25,1,0.073710074,1.5
20210126,0,22.0,22.0,26.0,26.0,24.0,0,8.4,1.0,78.0,0.0,109.8,2,26,1,0.0,1.5
20210126,1,21.0,21.0,21.0,22.0,21.0,0,8.5,2.2,78.0,0.0,109.8,2,26,1,0.0,1.5
20210126,2,21.0,21.0,21.0,22.0,21.0,0,8.0,1.0,80.0,0.0,109.8,2,26,1,0.0,1.5
20210126,3,22.0,22.0,22.0,24.0,23.0,0,7.8,2.9,81.0,0.0,109.8,2,26,1,0.0,1.5
20210126,4,26.0,24.0,22.0,21.0,23.0,0,7.6,3.1,83.0,0.0,109.8,2,26,1,0.0,1.5
20210126,5,21.0,21.0,21.0,22.0,21.0,0,7.4,2.6,84.0,0.0,109.8,2,26,1,0.0,1.5
20210126,6,22.0,21.0,21.0,21.0,21.0,0,7.2,1.4,85.0,0.0,109.8,2,26,1,0.0,1.5
20210126,7,21.0,26.0,26.0,22.0,24.0,0,7.0,1.6,90.0,0.2,109.8,2,26,1,0.0,1.5
20210126,8,21.0,21.0,21.0,21.0,21.0,0,6.8,0.7,98.0,0.7,109.8,2,26,1,0.0,1.5
20210126,9,21.0,21.0,21.0,21.0,21.0,0,6.9,0.7,98.0,1.5,109.8,2,26,1,0.0,1.0
20210126,10,21.0,21.0,22.0,26.0,23.0,0,7.2,1.6,98.0,3.0,109.8,2,26,1,0.0,1.0
20210126,11,25.0,21.0,21.0,21.0,22.0,0,7.4,3.1,98.0,4.1,109.8,2,26,1,0.0,1.0
20210126,12,21.0,21.0,21.0,21.0,21.0,0,7.2,3.4,98.0,4.6,109.8,2,26,1,0.0,1.0
20210126,13,21.0,21.0,21.0,21.0,21.0,0,6.8,3.2,98.0,6.3,109.8,2,26,1,0.0,1.0
20210126,14,24.0,25.0,21.0,21.0,23.0,0,6.8,3.4,98.0,8.0,109.8,2,26,1,0.0,1.0
20210126,15,21.0,21.0,21.0,21.0,21.0,0,6.7,1.5,98.0,9.2,109.8,2,26,1,0.0,1.0
20210126,16,21.0,21.0,21.0,21.0,21.0,0,6.5,2.5,98.0,10.3,109.8,2,26,1,0.0,1.0
20210126,17,24.0,26.0,22.0,21.0,23.0,0,6.5,2.6,98.0,11.1,109.8,2,26,1,0.0,1.0
20210126,18,21.0,21.0,21.0,21.0,21.0,0,5.8,2.2,98.0,11.1,109.8,2,26,1,0.0,1.5
20210126,19,21.0,21.0,21.0,21.0,21.0,0,6.1,3.2,98.0,11.1,109.8,2,26,1,0.0,1.5
20210126,20,22.0,26.0,24.0,21.0,23.0,0,6.5,1.8,92.0,11.1,109.8,2,26,1,0.0,1.5
20210126,21,21.0,21.0,21.0,22.0,21.0,0,6.0,1.8,86.0,11.1,109.8,2,26,1,0.0,1.5
20210126,22,21.0,21.0,21.0,21.0,21.0,0,5.9,1.3,89.0,11.1,109.8,2,26,1,0.0,1.5
20210126,23,21.0,24.0,26.0,25.0,24.0,0,5.9,0.6,85.0,11.1,109.8,2,26,1,0.0,1.5
20210127,0,22.0,22.0,26.0,26.0,24.0,0,6.3,2.1,81.0,11.1,109.8,3,27,1,0.0,1.5
20210127,1,21.0,21.0,21.0,22.0,21.0,0,5.7,1.1,86.0,0.0,109.8,3,27,1,0.0,1.5
20210127,2,21.0,21.0,21.0,22.0,21.0,0,4.9,1.1,88.0,0.0,109.8,3,27,1,0.0,1.5
20210127,3,22.0,22.0,22.0,24.0,23.0,0,3.9,0.5,88.0,0.0,109.8,3,27,1,0.0,1.5
20210127,4,26.0,24.0,22.0,21.0,23.0,0,3.4,0.8,82.0,0.0,109.8,3,27,1,0.0,1.5
20210127,5,21.0,21.0,21.0,22.0,21.0,0,3.5,2.8,81.0,0.0,109.8,3,27,1,0.0,1.5
20210127,6,22.0,21.0,21.0,21.0,21.0,0,3.2,3.2,78.0,0.0,109.8,3,27,1,0.0,1.5
20210127,7,21.0,26.0,26.0,22.0,24.0,0,3.7,3.2,69.0,0.0,109.8,3,27,1,0.0,1.5
20210127,8,21.0,21.0,21.0,21.0,21.0,0,3.9,1.7,60.0,0.0,109.8,3,27,1,0.0,1.5
20210127,9,21.0,21.0,21.0,21.0,21.0,0,4.4,4.5,59.0,0.0,109.8,3,27,1,0.0,1.0
20210127,10,21.0,21.0,22.0,26.0,23.0,0,5.5,3.1,58.0,0.0,109.8,3,27,1,0.0,1.0
20210127,11,25.0,21.0,21.0,21.0,22.0,0,6.9,3.8,52.0,0.0,109.8,3,27,1,0.0,1.0
20210127,12,21.0,21.0,21.0,21.0,21.0,0,8.0,3.3,45.0,0.0,109.8,3,27,1,0.0,1.0
20210127,13,21.0,21.0,21.0,21.0,21.0,0,9.3,2.5,41.0,0.0,109.8,3,27,1,0.0,1.0
20210127,14,24.0,25.0,21.0,21.0,23.0,0,10.2,1.8,39.0,0.0,109.8,3,27,1,0.0,1.0
20210127,15,21.0,21.0,21.0,21.0,21.0,0,9.7,2.9,46.0,0.0,109.8,3,27,1,0.0,1.0
20210127,16,21.0,21.0,21.0,21.0,21.0,0,8.9,3.6,50.0,0.0,109.8,3,27,1,0.0,1.0
20210127,17,24.0,26.0,22.0,21.0,23.0,0,7.8,2.4,43.0,0.0,109.8,3,27,1,0.0,1.0
20210127,18,21.0,21.0,21.0,21.0,21.0,0,6.8,2.0,46.0,0.0,109.8,3,27,1,0.0,1.5
20210127,19,21.0,21.0,21.0,21.0,21.0,0,6.4,2.1,46.0,0.0,109.8,3,27,1,0.0,1.5
20210127,20,22.0,26.0,24.0,21.0,23.0,0,5.9,1.9,51.0,0.0,109.8,3,27,1,0.0,1.5
20210127,21,21.0,21.0,21.0,22.0,21.0,0,5.3,2.3,51.0,0.0,109.8,3,27,1,0.0,1.5
20210127,22,21.0,21.0,21.0,21.0,21.0,0,4.7,1.2,54.0,0.0,109.8,3,27,1,0.0,1.5
20210127,23,21.0,24.0,26.0,25.0,24.0,0,4.2,1.3,58.0,0.0,109.8,3,27,1,0.0,1.5
20210128,0,24.0,23.0,24.0,24.0,24.0,0,3.5,1.1,62.0,0.0,109.8,4,28,1,0.0,1.5
20210128,1,23.0,26.0,28.0,25.0,26.0,24,3.3,1.0,63.0,0.0,109.8,4,28,1,0.235294118,1.5
20210128,2,23.0,24.0,24.0,25.0,24.0,437,2.9,0.4,64.0,0.0,109.8,4,28,1,4.552083333,1.5
20210128,3,23.0,24.0,24.0,23.0,24.0,1,2.3,0.3,68.0,0.0,109.8,4,28,1,0.010638298,1.5
20210128,4,24.0,24.0,26.0,28.0,26.0,827,2.3,0.5,68.0,0.0,109.8,4,28,1,8.107843137,1.5
20210128,5,24.0,23.0,24.0,23.0,24.0,120,2.1,1.0,71.0,0.0,109.8,4,28,1,1.276595745,1.5
20210128,6,23.0,23.0,23.0,23.0,23.0,110,1.9,0.9,72.0,0.0,109.8,4,28,1,1.195652174,1.5
20210128,7,28.0,42.0,66.0,92.0,57.0,16,2.1,0.9,71.0,0.0,109.8,4,28,1,0.070175439,1.5
20210128,8,144.0,167.0,190.0,198.0,175.0,375,2.0,0.7,73.0,0.0,109.8,4,28,1,0.536480687,1.5
20210128,9,185.0,182.0,174.0,172.0,178.0,347,3.6,0.2,68.0,0.0,109.8,4,28,1,0.486676017,1.0
20210128,10,135.0,184.0,182.0,168.0,167.0,810,5.7,0.7,67.0,0.0,109.8,4,28,1,1.210762332,1.0
20210128,11,176.0,178.0,193.0,184.0,183.0,1049,9.3,4.0,52.0,0.0,109.8,4,28,1,1.43502052,1.0
20210128,12,131.0,112.0,107.0,135.0,121.0,309,10.6,3.9,42.0,0.0,109.8,4,28,1,0.637113402,1.0
20210128,13,169.0,189.0,191.0,191.0,185.0,1034,11.0,3.9,26.0,0.0,109.8,4,28,1,1.397297297,1.0
20210128,14,183.0,171.0,178.0,189.0,180.0,2238,11.3,5.3,25.0,0.0,109.8,4,28,1,3.104022191,1.0
20210128,15,155.0,188.0,194.0,189.0,182.0,861,10.0,5.8,35.0,0.0,109.8,4,28,1,1.185950413,1.0
20210128,16,172.0,163.0,164.0,172.0,168.0,1685,9.4,4.0,35.0,0.0,109.8,4,28,1,2.511177347,1.0
20210128,17,132.0,123.0,166.0,179.0,150.0,512,3.3,5.7,67.0,0.1,109.8,4,28,1,0.853333333,1.0
20210128,18,183.0,185.0,168.0,171.0,177.0,971,0.9,6.3,65.0,0.1,109.8,4,28,1,1.373408769,1.5
20210128,19,158.0,169.0,163.0,121.0,153.0,1690,0.1,5.2,46.0,0.1,109.8,4,28,1,2.765957447,1.5
20210128,20,110.0,113.0,111.0,113.0,112.0,358,-1.0,4.8,48.0,0.0,109.8,4,28,1,0.800894855,1.5
20210128,21,115.0,120.0,123.0,113.0,118.0,40,-1.3,4.2,42.0,0.0,109.8,4,28,1,0.08492569,1.5
20210128,22,102.0,104.0,111.0,119.0,109.0,12,-2.3,5.5,42.0,0.0,109.8,4,28,1,0.027522936,1.5
20210128,23,126.0,111.0,111.0,81.0,107.0,4,-3.0,5.9,39.0,0.0,109.8,4,28,1,0.009324009,1.5
20210129,0,67.0,66.0,66.0,66.0,66.0,0,-3.6,3.6,39.0,0.0,109.8,5,29,1,0.0,1.5
20210129,1,94.0,101.0,112.0,110.0,104.0,81,-4.0,4.1,33.0,0.0,109.8,5,29,1,0.194244604,1.5
20210129,2,124.0,124.0,107.0,95.0,113.0,634,-4.8,3.0,37.0,0.0,109.8,5,29,1,1.408888889,1.5
20210129,3,90.0,100.0,109.0,115.0,104.0,2,-5.1,2.2,29.0,0.0,109.8,5,29,1,0.004830918,1.5
20210129,4,112.0,114.0,114.0,99.0,110.0,1,-6.1,2.4,33.0,0.0,109.8,5,29,1,0.002277904,1.5
20210129,5,76.0,72.0,102.0,110.0,90.0,24,-6.3,2.1,35.0,0.0,109.8,5,29,1,0.066666667,1.5
20210129,6,119.0,113.0,108.0,112.0,113.0,2,-6.5,1.8,35.0,0.0,109.8,5,29,1,0.004424779,1.5
20210129,7,113.0,120.0,154.0,160.0,137.0,1288,-6.8,1.8,37.0,0.0,109.8,5,29,1,2.354661792,1.5
20210129,8,190.0,222.0,207.0,189.0,202.0,364,-6.8,3.9,37.0,0.0,109.8,5,29,1,0.45049505,1.5
20210129,9,183.0,179.0,179.0,176.0,179.0,301,-6.2,4.2,32.0,0.0,109.8,5,29,1,0.419804742,1.0
20210129,10,139.0,169.0,175.0,168.0,163.0,601,-5.0,3.2,31.0,0.0,109.8,5,29,1,0.923195084,1.0
20210129,11,182.0,191.0,200.0,200.0,193.0,1135,-4.2,4.6,28.0,0.0,109.8,5,29,1,1.468305304,1.0
20210129,12,134.0,104.0,100.0,133.0,118.0,2095,-2.7,4.1,24.0,0.0,109.8,5,29,1,4.447983015,1.0
20210129,13,179.0,194.0,186.0,187.0,187.0,809,-2.0,5.3,25.0,0.0,109.8,5,29,1,1.084450402,1.0
20210129,14,168.0,181.0,183.0,177.0,177.0,972,-0.4,3.7,26.0,0.0,109.8,5,29,1,1.370944993,1.0
20210129,15,139.0,179.0,170.0,165.0,163.0,868,-0.4,4.1,25.0,0.0,109.8,5,29,1,1.329249617,1.0
20210129,16,167.0,167.0,157.0,164.0,164.0,1383,-0.3,4.2,23.0,0.0,109.8,5,29,1,2.111450382,1.0
20210129,17,122.0,99.0,136.0,153.0,128.0,255,-0.4,3.7,24.0,0.0,109.8,5,29,1,0.5,1.0
20210129,18,160.0,163.0,164.0,175.0,166.0,1132,-1.3,3.1,27.0,0.0,109.8,5,29,1,1.709969789,1.5
20210129,19,177.0,173.0,154.0,137.0,160.0,4121,-1.9,1.8,29.0,0.0,109.8,5,29,1,6.429017161,1.5
20210129,20,132.0,134.0,137.0,135.0,135.0,76,-2.4,2.5,30.0,0.0,109.8,5,29,1,0.141263941,1.5
20210129,21,125.0,126.0,125.0,119.0,124.0,51,-3.2,1.6,32.0,0.0,109.8,5,29,1,0.103030303,1.5
20210129,22,105.0,108.0,121.0,116.0,113.0,63,-3.2,2.7,30.0,0.0,109.8,5,29,1,0.14,1.5
20210129,23,110.0,113.0,109.0,82.0,104.0,82,-3.0,4.0,27.0,0.0,109.8,5,29,1,0.198067633,1.5
20210130,0,69.0,67.0,67.0,65.0,67.0,213,-2.9,3.9,25.0,0.0,109.8,6,30,1,0.794776119,1.5
20210130,1,90.0,102.0,112.0,112.0,104.0,72,-3.2,2.3,28.0,0.0,109.8,6,30,1,0.173076923,1.5
20210130,2,118.0,110.0,108.0,103.0,110.0,81,-4.5,0.9,32.0,0.0,109.8,6,30,1,0.184510251,1.5
20210130,3,101.0,110.0,120.0,117.0,112.0,325,-4.4,0.9,33.0,0.0,109.8,6,30,1,0.725446429,1.5
20210130,4,116.0,114.0,103.0,103.0,109.0,3,-5.1,2.0,37.0,0.0,109.8,6,30,1,0.006880734,1.5
20210130,5,93.0,82.0,103.0,115.0,98.0,13,-5.3,1.6,40.0,0.0,109.8,6,30,1,0.03307888,1.5
20210130,6,113.0,111.0,115.0,118.0,114.0,42,-5.8,1.2,43.0,0.0,109.8,6,30,1,0.09190372,1.5
20210130,7,116.0,125.0,142.0,143.0,132.0,783,-5.6,1.1,45.0,0.0,109.8,6,30,1,1.488593156,1.5
20210130,8,164.0,177.0,185.0,193.0,180.0,0,-5.0,0.6,43.0,0.0,109.8,6,30,1,0.0,1.5
20210130,9,184.0,187.0,173.0,171.0,179.0,0,-2.2,0.5,42.0,0.0,109.8,6,30,1,0.0,1.0
20210130,10,142.0,171.0,169.0,152.0,159.0,0,1.0,1.0,45.0,0.0,109.8,6,30,1,0.0,1.0
20210130,11,146.0,139.0,141.0,150.0,144.0,0,4.0,1.5,41.0,0.0,109.8,6,30,1,0.0,1.0
20210130,12,119.0,104.0,99.0,109.0,108.0,0,6.8,3.4,44.0,0.0,109.8,6,30,1,0.0,1.0
20210130,13,145.0,166.0,171.0,184.0,167.0,0,8.2,3.9,44.0,0.0,109.8,6,30,1,0.0,1.0
20210130,14,177.0,160.0,161.0,165.0,166.0,0,8.6,4.5,43.0,0.0,109.8,6,30,1,0.0,1.0
20210130,15,133.0,175.0,178.0,168.0,164.0,0,8.9,3.3,43.0,0.0,109.8,6,30,1,0.0,1.0
20210130,16,163.0,165.0,152.0,162.0,161.0,0,9.0,2.5,42.0,0.0,109.8,6,30,1,0.0,1.0
20210130,17,133.0,144.0,181.0,167.0,156.0,0,8.6,2.3,43.0,0.0,109.8,6,30,1,0.0,1.0
20210130,18,153.0,156.0,164.0,165.0,160.0,0,7.3,1.5,49.0,0.0,109.8,6,30,1,0.0,1.5
20210130,19,162.0,155.0,141.0,107.0,141.0,0,6.9,1.0,49.0,0.0,109.8,6,30,1,0.0,1.5
20210130,20,100.0,109.0,115.0,112.0,109.0,0,6.9,1.8,48.0,0.0,109.8,6,30,1,0.0,1.5
20210130,21,113.0,117.0,113.0,108.0,113.0,0,4.9,1.2,57.0,0.0,109.8,6,30,1,0.0,1.5
20210130,22,88.0,103.0,114.0,118.0,106.0,0,6.1,1.6,45.0,0.0,109.8,6,30,1,0.0,1.5
20210130,23,120.0,116.0,103.0,77.0,104.0,0,5.5,1.7,42.0,0.0,109.8,6,30,1,0.0,1.5
20210131,0,22.0,22.0,26.0,26.0,24.0,0,4.4,1.4,38.0,0.0,109.8,7,31,1,0.0,1.5
20210131,1,21.0,21.0,21.0,22.0,21.0,0,1.3,1.5,60.0,0.0,109.8,7,31,1,0.0,1.5
20210131,2,21.0,21.0,21.0,22.0,21.0,0,1.7,1.7,47.0,0.0,109.8,7,31,1,0.0,1.5
20210131,3,22.0,22.0,22.0,24.0,23.0,0,3.6,2.3,36.0,0.0,109.8,7,31,1,0.0,1.5
20210131,4,26.0,24.0,22.0,21.0,23.0,0,2.8,2.7,38.0,0.0,109.8,7,31,1,0.0,1.5
20210131,5,21.0,21.0,21.0,22.0,21.0,0,2.3,3.1,40.0,0.0,109.8,7,31,1,0.0,1.5
20210131,6,22.0,21.0,21.0,21.0,21.0,0,0.9,1.0,43.0,0.0,109.8,7,31,1,0.0,1.5
20210131,7,21.0,26.0,26.0,22.0,24.0,0,1.8,2.4,37.0,0.0,109.8,7,31,1,0.0,1.5
20210131,8,21.0,21.0,21.0,21.0,21.0,0,1.7,1.8,38.0,0.0,109.8,7,31,1,0.0,1.5
20210131,9,21.0,21.0,21.0,21.0,21.0,0,3.6,1.3,33.0,0.0,109.8,7,31,1,0.0,1.0
20210131,10,21.0,21.0,22.0,26.0,23.0,0,6.5,0.6,35.0,0.0,109.8,7,31,1,0.0,1.0
20210131,11,25.0,21.0,21.0,21.0,22.0,0,8.4,0.5,33.0,0.0,109.8,7,31,1,0.0,1.0
20210131,12,21.0,21.0,21.0,21.0,21.0,0,9.8,1.6,22.0,0.0,109.8,7,31,1,0.0,1.0
20210131,13,21.0,21.0,21.0,21.0,21.0,0,11.3,3.0,17.0,0.0,109.8,7,31,1,0.0,1.0
20210131,14,24.0,25.0,21.0,21.0,23.0,0,10.9,3.4,32.0,0.0,109.8,7,31,1,0.0,1.0
20210131,15,21.0,21.0,21.0,21.0,21.0,0,10.6,3.9,39.0,0.0,109.8,7,31,1,0.0,1.0
20210131,16,21.0,21.0,21.0,21.0,21.0,0,11.3,3.2,33.0,0.0,109.8,7,31,1,0.0,1.0
20210131,17,24.0,26.0,22.0,21.0,23.0,0,10.3,4.0,31.0,0.0,109.8,7,31,1,0.0,1.0
20210131,18,21.0,21.0,21.0,21.0,21.0,0,9.3,3.4,43.0,0.0,109.8,7,31,1,0.0,1.5
20210131,19,21.0,21.0,21.0,21.0,21.0,0,8.8,2.5,50.0,0.0,109.8,7,31,1,0.0,1.5
20210131,20,22.0,26.0,24.0,21.0,23.0,0,8.7,3.9,49.0,0.0,109.8,7,31,1,0.0,1.5
20210131,21,21.0,21.0,21.0,22.0,21.0,0,8.4,2.4,51.0,0.0,109.8,7,31,1,0.0,1.5
20210131,22,21.0,21.0,21.0,21.0,21.0,0,9.4,3.3,51.0,0.0,109.8,7,31,1,0.0,1.5
20210131,23,21.0,24.0,26.0,25.0,24.0,0,9.3,3.1,56.0,0.0,109.8,7,31,1,0.0,1.5
20210201,0,62.0,61.0,61.0,61.0,61.0,0,9.3,3.0,64.0,0.0,109.8,1,1,2,0.0,1.5
20210201,1,89.0,94.0,106.0,105.0,99.0,0,10.1,3.9,67.0,0.0,109.8,1,1,2,0.0,1.5
20210201,2,102.0,99.0,107.0,106.0,104.0,0,9.7,3.7,77.0,0.0,109.8,1,1,2,0.0,1.5
20210201,3,98.0,104.0,101.0,107.0,103.0,0,9.1,2.9,95.0,0.8,109.8,1,1,2,0.0,1.5
20210201,4,107.0,106.0,106.0,100.0,105.0,0,9.2,3.2,98.0,2.3,109.8,1,1,2,0.0,1.5
20210201,5,84.0,78.0,93.0,103.0,90.0,0,9.5,3.5,98.0,5.1,109.8,1,1,2,0.0,1.5
20210201,6,116.0,106.0,106.0,106.0,109.0,0,10.3,3.1,98.0,8.3,109.8,1,1,2,0.0,1.5
20210201,7,101.0,109.0,139.0,139.0,122.0,0,10.3,1.0,98.0,9.8,109.8,1,1,2,0.0,1.5
20210201,8,165.0,178.0,179.0,195.0,179.0,541,9.9,1.0,98.0,11.0,109.8,1,1,2,0.754532775,1.5
20210201,9,175.0,167.0,168.0,182.0,173.0,432,9.8,2.4,98.0,11.9,109.8,1,1,2,0.624277457,1.0
20210201,10,134.0,183.0,178.0,187.0,171.0,402,10.3,0.9,98.0,12.1,109.8,1,1,2,0.589442815,1.0
20210201,11,184.0,180.0,177.0,156.0,174.0,630,10.1,2.2,98.0,12.1,109.8,1,1,2,0.903873745,1.0
20210201,12,93.0,80.0,80.0,121.0,94.0,284,12.6,3.3,72.0,12.1,109.8,1,1,2,0.759358289,1.0
20210201,13,163.0,175.0,177.0,163.0,170.0,318,12.7,1.1,64.0,12.1,109.8,1,1,2,0.469026549,1.0
20210201,14,167.0,167.0,163.0,161.0,165.0,7437,12.6,3.6,62.0,12.1,109.8,1,1,2,11.30243161,1.0
20210201,15,130.0,156.0,159.0,162.0,152.0,878,12.2,3.1,66.0,12.1,109.8,1,1,2,1.44645799,1.0
20210201,16,167.0,151.0,161.0,169.0,162.0,4585,11.9,3.6,66.0,12.1,109.8,1,1,2,7.075617284,1.0
20210201,17,107.0,95.0,137.0,155.0,124.0,598,11.5,1.5,67.0,12.1,109.8,1,1,2,1.210526316,1.0
20210201,18,161.0,139.0,143.0,143.0,147.0,1777,11.3,2.2,58.0,12.1,109.8,1,1,2,3.032423208,1.5
20210201,19,140.0,141.0,158.0,135.0,144.0,1913,11.0,2.9,57.0,12.1,109.8,1,1,2,3.332752613,1.5
20210201,20,124.0,123.0,116.0,120.0,121.0,8,10.9,2.6,59.0,12.1,109.8,1,1,2,0.016563147,1.5
20210201,21,128.0,124.0,117.0,115.0,121.0,181,10.4,2.0,61.0,12.1,109.8,1,1,2,0.373966942,1.5
20210201,22,97.0,113.0,101.0,112.0,106.0,97,10.1,2.8,61.0,12.1,109.8,1,1,2,0.229314421,1.5
20210201,23,110.0,106.0,107.0,71.0,99.0,287,10.3,3.1,55.0,12.1,109.8,1,1,2,0.728426396,1.5
20210202,0,63.0,62.0,62.0,62.0,62.0,0,9.2,2.6,59.0,12.1,109.8,2,2,2,0.0,1.5
20210202,1,90.0,101.0,106.0,111.0,102.0,53,8.5,2.7,46.0,0.0,109.8,2,2,2,0.129901961,1.5
20210202,2,107.0,105.0,113.0,110.0,109.0,127,6.6,1.4,43.0,0.0,109.8,2,2,2,0.291954023,1.5
20210202,3,89.0,108.0,110.0,107.0,104.0,32,5.9,2.1,36.0,0.0,109.8,2,2,2,0.077294686,1.5
20210202,4,107.0,100.0,99.0,93.0,100.0,69,5.0,3.2,32.0,0.0,109.8,2,2,2,0.172932331,1.5
20210202,5,70.0,67.0,95.0,106.0,85.0,5,3.3,4.0,34.0,0.0,109.8,2,2,2,0.014792899,1.5
20210202,6,116.0,99.0,96.0,99.0,103.0,500,1.5,3.6,27.0,0.0,109.8,2,2,2,1.219512195,1.5
20210202,7,109.0,119.0,149.0,151.0,132.0,711,-0.1,2.6,23.0,0.0,109.8,2,2,2,1.346590909,1.5
20210202,8,167.0,173.0,172.0,177.0,172.0,789,-0.8,3.7,27.0,0.0,109.8,2,2,2,1.145137881,1.5
20210202,9,169.0,180.0,179.0,178.0,177.0,1354,-0.4,4.7,23.0,0.0,109.8,2,2,2,1.917847025,1.0
20210202,10,133.0,177.0,191.0,190.0,173.0,847,0.2,3.7,20.0,0.0,109.8,2,2,2,1.225759768,1.0
20210202,11,185.0,163.0,162.0,160.0,168.0,535,0.8,5.0,20.0,0.0,109.8,2,2,2,0.798507463,1.0
20210202,12,103.0,86.0,91.0,131.0,103.0,25,1.7,3.7,20.0,0.0,109.8,2,2,2,0.060827251,1.0
20210202,13,177.0,189.0,179.0,182.0,182.0,2071,2.0,4.0,18.0,0.0,109.8,2,2,2,2.84869326,1.0
20210202,14,175.0,174.0,180.0,179.0,177.0,1125,2.2,4.0,18.0,0.0,109.8,2,2,2,1.588983051,1.0
20210202,15,152.0,166.0,157.0,147.0,156.0,978,2.8,3.9,16.0,0.0,109.8,2,2,2,1.572347267,1.0
20210202,16,159.0,172.0,171.0,166.0,167.0,6974,2.9,3.5,17.0,0.0,109.8,2,2,2,10.44011976,1.0
20210202,17,130.0,114.0,143.0,158.0,136.0,340,1.9,3.1,20.0,0.0,109.8,2,2,2,0.623853211,1.0
20210202,18,154.0,153.0,154.0,145.0,152.0,869,0.5,1.7,24.0,0.0,109.8,2,2,2,1.433993399,1.5
20210202,19,142.0,135.0,122.0,111.0,128.0,2312,-0.4,2.9,28.0,0.0,109.8,2,2,2,4.533333333,1.5
20210202,20,104.0,118.0,114.0,114.0,113.0,1,-1.2,3.5,29.0,0.0,109.8,2,2,2,0.002222222,1.5
20210202,21,108.0,110.0,114.0,113.0,111.0,177,-1.6,3.5,31.0,0.0,109.8,2,2,2,0.397752809,1.5
20210202,22,92.0,106.0,100.0,104.0,101.0,184,-2.0,3.1,36.0,0.0,109.8,2,2,2,0.457711443,1.5
20210202,23,109.0,108.0,95.0,72.0,96.0,50,-2.8,0.7,39.0,0.0,109.8,2,2,2,0.130208333,1.5
20210203,0,69.0,65.0,64.0,66.0,66.0,7,-3.5,0.9,43.0,0.0,109.8,3,3,2,0.026515152,1.5
20210203,1,90.0,104.0,115.0,111.0,105.0,487,-2.8,1.1,42.0,0.0,109.8,3,3,2,1.15952381,1.5
20210203,2,113.0,113.0,115.0,109.0,113.0,119,-3.5,0.3,46.0,0.0,109.8,3,3,2,0.264444444,1.5
20210203,3,99.0,105.0,107.0,110.0,105.0,499,-3.7,0.2,46.0,0.0,109.8,3,3,2,1.185273159,1.5
20210203,4,109.0,108.0,102.0,104.0,106.0,28,-3.4,2.1,58.0,0.0,109.8,3,3,2,0.066193853,1.5
20210203,5,82.0,77.0,99.0,107.0,91.0,37,-3.7,2.8,67.0,0.0,109.8,3,3,2,0.101369863,1.5
20210203,6,118.0,113.0,109.0,108.0,112.0,212,-4.1,2.2,69.0,0.0,109.8,3,3,2,0.473214286,1.5
20210203,7,106.0,119.0,140.0,149.0,129.0,873,-4.0,3.1,56.0,0.0,109.8,3,3,2,1.69844358,1.5
20210203,8,159.0,181.0,174.0,167.0,170.0,234,-3.9,2.5,44.0,0.0,109.8,3,3,2,0.343612335,1.5
20210203,9,170.0,169.0,171.0,169.0,170.0,297,-3.2,3.3,35.0,0.0,109.8,3,3,2,0.437407953,1.0
20210203,10,132.0,156.0,164.0,170.0,156.0,931,-2.0,4.1,29.0,0.0,109.8,3,3,2,1.496784566,1.0
20210203,11,172.0,153.0,163.0,160.0,162.0,850,-0.7,4.1,24.0,0.0,109.8,3,3,2,1.311728395,1.0
20210203,12,106.0,89.0,90.0,121.0,102.0,110,1.3,3.6,20.0,0.0,109.8,3,3,2,0.270935961,1.0
20210203,13,152.0,156.0,165.0,159.0,158.0,693,2.0,3.3,15.0,0.0,109.8,3,3,2,1.096518987,1.0
20210203,14,158.0,156.0,158.0,163.0,159.0,1683,3.5,2.5,15.0,0.0,109.8,3,3,2,2.650393701,1.0
20210203,15,135.0,153.0,156.0,161.0,151.0,1489,4.0,1.4,15.0,0.0,109.8,3,3,2,2.461157025,1.0
20210203,16,156.0,162.0,163.0,159.0,160.0,849,4.7,1.1,15.0,0.0,109.8,3,3,2,1.3265625,1.0
20210203,17,128.0,113.0,137.0,151.0,132.0,508,4.2,0.9,15.0,0.0,109.8,3,3,2,0.960302457,1.0
20210203,18,150.0,145.0,123.0,110.0,132.0,666,2.6,0.9,18.0,0.0,109.8,3,3,2,1.261363636,1.5
20210203,19,112.0,119.0,117.0,111.0,115.0,3591,1.8,0.4,29.0,0.0,109.8,3,3,2,7.823529412,1.5
20210203,20,108.0,125.0,130.0,126.0,122.0,32,0.4,1.0,36.0,0.0,109.8,3,3,2,0.065439673,1.5
20210203,21,132.0,123.0,120.0,116.0,123.0,18,0.6,0.9,30.0,0.0,109.8,3,3,2,0.036659878,1.5
20210203,22,106.0,111.0,116.0,118.0,113.0,306,0.5,2.2,33.0,0.0,109.8,3,3,2,0.678492239,1.5
20210203,23,114.0,114.0,109.0,81.0,105.0,17,0.2,2.6,39.0,0.0,109.8,3,3,2,0.040669856,1.5
20210204,0,72.0,67.0,66.0,66.0,68.0,231,1.0,3.5,42.0,0.0,109.8,4,4,2,0.852398524,1.5
20210204,1,96.0,108.0,119.0,109.0,108.0,132,1.2,3.1,39.0,0.0,109.8,4,4,2,0.305555556,1.5
20210204,2,106.0,106.0,111.0,116.0,110.0,40,2.1,2.6,42.0,0.0,109.8,4,4,2,0.091116173,1.5
20210204,3,104.0,105.0,104.0,113.0,107.0,630,2.2,2.7,52.0,0.0,109.8,4,4,2,1.478873239,1.5
20210204,4,115.0,109.0,108.0,103.0,109.0,155,2.9,2.5,63.0,0.0,109.8,4,4,2,0.356321839,1.5
20210204,5,85.0,78.0,91.0,107.0,90.0,116,2.8,2.4,68.0,0.0,109.8,4,4,2,0.32132964,1.5
20210204,6,118.0,112.0,105.0,100.0,109.0,322,2.6,2.1,67.0,0.0,109.8,4,4,2,0.740229885,1.5
20210204,7,110.0,125.0,142.0,136.0,128.0,469,2.8,1.9,65.0,0.0,109.8,4,4,2,0.914230019,1.5
20210204,8,154.0,153.0,159.0,159.0,156.0,793,2.8,2.7,49.0,0.0,109.8,4,4,2,1.2688,1.5
20210204,9,158.0,158.0,159.0,166.0,160.0,751,3.1,2.8,36.0,0.0,109.8,4,4,2,1.171606864,1.0
20210204,10,127.0,158.0,173.0,168.0,157.0,3151,3.7,3.9,25.0,0.0,109.8,4,4,2,5.033546326,1.0
20210204,11,141.0,150.0,155.0,149.0,149.0,1159,4.9,3.7,20.0,0.0,109.8,4,4,2,1.94789916,1.0
20210204,12,81.0,64.0,94.0,118.0,89.0,108,5.4,3.8,17.0,0.0,109.8,4,4,2,0.302521008,1.0
20210204,13,158.0,158.0,154.0,151.0,155.0,695,6.5,3.4,15.0,0.0,109.8,4,4,2,1.119162641,1.0
20210204,14,143.0,154.0,151.0,160.0,152.0,1221,6.8,3.4,15.0,0.0,109.8,4,4,2,2.008223684,1.0
20210204,15,125.0,142.0,144.0,149.0,140.0,760,7.2,2.9,14.0,0.0,109.8,4,4,2,1.357142857,1.0
20210204,16,140.0,141.0,145.0,140.0,142.0,679,7.2,3.1,15.0,0.0,109.8,4,4,2,1.199646643,1.0
20210204,17,105.0,103.0,138.0,143.0,122.0,310,6.3,3.6,16.0,0.0,109.8,4,4,2,0.63394683,1.0
20210204,18,139.0,138.0,135.0,145.0,139.0,1043,4.9,3.1,19.0,0.0,109.8,4,4,2,1.872531418,1.5
20210204,19,135.0,119.0,103.0,94.0,113.0,951,4.0,2.8,21.0,0.0,109.8,4,4,2,2.10864745,1.5
20210204,20,91.0,96.0,105.0,111.0,101.0,81,3.0,2.9,24.0,0.0,109.8,4,4,2,0.200992556,1.5
20210204,21,110.0,105.0,109.0,109.0,108.0,2,1.5,1.4,27.0,0.0,109.8,4,4,2,0.004618938,1.5
20210204,22,96.0,111.0,111.0,109.0,107.0,312,1.7,1.9,26.0,0.0,109.8,4,4,2,0.730679157,1.5
20210204,23,109.0,112.0,102.0,65.0,97.0,300,1.4,1.9,26.0,0.0,109.8,4,4,2,0.773195876,1.5
20210205,0,63.0,63.0,64.0,63.0,63.0,60,1.8,1.5,25.0,0.0,109.8,5,5,2,0.23715415,1.5
20210205,1,96.0,93.0,116.0,113.0,105.0,128,1.5,2.2,26.0,0.0,109.8,5,5,2,0.306220096,1.5
20210205,2,106.0,96.0,106.0,107.0,104.0,234,0.4,2.0,30.0,0.0,109.8,5,5,2,0.563855422,1.5
20210205,3,92.0,110.0,110.0,109.0,105.0,148,-0.1,2.5,33.0,0.0,109.8,5,5,2,0.351543943,1.5
20210205,4,108.0,105.0,106.0,108.0,107.0,140,-0.3,3.6,34.0,0.0,109.8,5,5,2,0.327868852,1.5
20210205,5,89.0,83.0,99.0,98.0,92.0,213,0.2,2.6,32.0,0.0,109.8,5,5,2,0.577235772,1.5
20210205,6,102.0,111.0,110.0,103.0,107.0,33,-0.7,4.0,38.0,0.0,109.8,5,5,2,0.077464789,1.5
20210205,7,92.0,75.0,48.0,29.0,61.0,2623,-0.5,1.3,39.0,0.0,109.8,5,5,2,10.75,1.5
20210205,8,27.0,25.0,22.0,22.0,24.0,686,0.1,3.2,41.0,0.0,109.8,5,5,2,7.145833333,1.5
20210205,9,22.0,22.0,22.0,22.0,22.0,662,1.8,1.8,40.0,0.0,109.8,5,5,2,7.522727273,1.0
20210205,10,22.0,22.0,22.0,22.0,22.0,2737,2.8,1.6,41.0,0.0,109.8,5,5,2,31.10227273,1.0
20210205,11,22.0,23.0,28.0,27.0,25.0,633,6.1,2.0,35.0,0.0,109.8,5,5,2,6.33,1.0
20210205,12,22.0,23.0,22.0,22.0,22.0,18,7.8,1.3,23.0,0.0,109.8,5,5,2,0.202247191,1.0
20210205,13,22.0,23.0,22.0,22.0,22.0,1901,9.0,2.0,18.0,0.0,109.8,5,5,2,21.35955056,1.0
20210205,14,22.0,23.0,22.0,23.0,23.0,1826,10.3,2.0,18.0,0.0,109.8,5,5,2,20.28888889,1.0
20210205,15,28.0,26.0,23.0,22.0,25.0,439,10.6,1.9,21.0,0.0,109.8,5,5,2,4.434343434,1.0
20210205,16,23.0,23.0,22.0,23.0,23.0,3627,10.1,3.2,14.0,0.0,109.8,5,5,2,39.85714286,1.0
20210205,17,22.0,22.0,22.0,23.0,22.0,116,9.8,3.7,16.0,0.0,109.8,5,5,2,1.303370787,1.0
20210205,18,22.0,23.0,27.0,27.0,25.0,1063,8.8,2.3,20.0,0.0,109.8,5,5,2,10.73737374,1.5
20210205,19,22.0,22.0,22.0,22.0,22.0,666,8.0,1.6,22.0,0.0,109.8,5,5,2,7.568181818,1.5
20210205,20,22.0,22.0,22.0,22.0,22.0,595,7.7,2.6,25.0,0.0,109.8,5,5,2,6.761363636,1.5
20210205,21,23.0,22.0,22.0,27.0,24.0,0,7.0,1.3,26.0,0.0,109.8,5,5,2,0.0,1.5
20210205,22,26.0,22.0,22.0,22.0,23.0,0,6.7,0.9,26.0,0.0,109.8,5,5,2,0.0,1.5
20210205,23,22.0,22.0,22.0,22.0,22.0,500,6.9,2.2,25.0,0.0,109.8,5,5,2,5.681818182,1.5
20210206,0,71.0,64.0,65.0,65.0,66.0,300,6.8,2.6,25.0,0.0,109.8,6,6,2,1.132075472,1.5
20210206,1,97.0,106.0,111.0,110.0,106.0,100,5.9,0.8,27.0,0.0,109.8,6,6,2,0.235849057,1.5
20210206,2,107.0,100.0,98.0,111.0,104.0,564,5.0,0.4,27.0,0.0,109.8,6,6,2,1.355769231,1.5
20210206,3,95.0,112.0,112.0,107.0,107.0,32,4.6,0.6,27.0,0.0,109.8,6,6,2,0.075117371,1.5
20210206,4,105.0,108.0,113.0,109.0,109.0,361,2.2,1.6,36.0,0.0,109.8,6,6,2,0.829885057,1.5
20210206,5,80.0,73.0,97.0,110.0,90.0,0,3.7,1.6,30.0,0.0,109.8,6,6,2,0.0,1.5
20210206,6,104.0,96.0,106.0,103.0,102.0,4,3.4,1.8,30.0,0.0,109.8,6,6,2,0.009779951,1.5
20210206,7,92.0,90.0,68.0,32.0,71.0,1510,1.3,0.5,36.0,0.0,109.8,6,6,2,5.354609929,1.5
20210206,8,22.0,22.0,24.0,23.0,23.0,0,2.4,0.0,39.0,0.0,109.8,6,6,2,0.0,1.5
20210206,9,24.0,24.0,24.0,28.0,25.0,0,6.3,0.3,38.0,0.0,109.8,6,6,2,0.0,1.0
20210206,10,29.0,25.0,25.0,25.0,26.0,0,8.8,1.1,30.0,0.0,109.8,6,6,2,0.0,1.0
20210206,11,24.0,25.0,29.0,27.0,26.0,0,11.1,1.0,26.0,0.0,109.8,6,6,2,0.0,1.0
20210206,12,25.0,25.0,24.0,24.0,25.0,0,11.6,2.1,23.0,0.0,109.8,6,6,2,0.0,1.0
20210206,13,27.0,22.0,22.0,21.0,23.0,0,14.0,1.0,23.0,0.0,109.8,6,6,2,0.0,1.0
20210206,14,22.0,23.0,22.0,22.0,22.0,0,14.2,1.6,24.0,0.0,109.8,6,6,2,0.0,1.0
20210206,15,22.0,23.0,23.0,22.0,23.0,0,14.9,1.7,24.0,0.0,109.8,6,6,2,0.0,1.0
20210206,16,26.0,27.0,23.0,23.0,25.0,0,14.5,1.8,35.0,0.0,109.8,6,6,2,0.0,1.0
20210206,17,23.0,22.0,22.0,23.0,23.0,0,14.1,1.1,39.0,0.0,109.8,6,6,2,0.0,1.0
20210206,18,22.0,22.0,22.0,22.0,22.0,0,11.7,0.3,44.0,0.0,109.8,6,6,2,0.0,1.5
20210206,19,23.0,22.0,26.0,27.0,25.0,0,11.2,0.2,41.0,0.0,109.8,6,6,2,0.0,1.5
20210206,20,23.0,22.0,22.0,23.0,23.0,0,11.1,1.5,42.0,0.0,109.8,6,6,2,0.0,1.5
20210206,21,23.0,23.0,22.0,23.0,23.0,0,9.0,0.5,52.0,0.0,109.8,6,6,2,0.0,1.5
20210206,22,23.0,23.0,22.0,22.0,23.0,0,8.8,2.0,59.0,0.0,109.8,6,6,2,0.0,1.5
20210206,23,26.0,27.0,22.0,22.0,24.0,0,8.6,1.0,65.0,0.0,109.8,6,6,2,0.0,1.5
20210207,0,23.0,22.0,23.0,22.0,23.0,0,8.1,1.5,70.0,0.0,109.8,7,7,2,0.0,1.5
20210207,1,22.0,22.0,22.0,21.0,22.0,0,6.2,1.3,75.0,0.0,109.8,7,7,2,0.0,1.5
20210207,2,22.0,24.0,27.0,25.0,25.0,0,7.0,1.7,73.0,0.0,109.8,7,7,2,0.0,1.5
20210207,3,22.0,22.0,22.0,22.0,22.0,0,6.0,2.2,70.0,0.0,109.8,7,7,2,0.0,1.5
20210207,4,22.0,22.0,23.0,23.0,23.0,0,5.8,2.0,72.0,0.0,109.8,7,7,2,0.0,1.5
20210207,5,22.0,22.0,22.0,23.0,22.0,0,6.1,2.3,74.0,0.0,109.8,7,7,2,0.0,1.5
20210207,6,25.0,26.0,22.0,22.0,24.0,0,5.1,1.0,78.0,0.0,109.8,7,7,2,0.0,1.5
20210207,7,22.0,22.0,22.0,21.0,22.0,0,6.8,1.9,67.0,0.0,109.8,7,7,2,0.0,1.5
20210207,8,21.0,22.0,21.0,22.0,22.0,0,5.3,2.3,80.0,0.0,109.8,7,7,2,0.0,1.5
20210207,9,22.0,24.0,26.0,24.0,24.0,0,8.1,0.9,69.0,0.0,109.8,7,7,2,0.0,1.0
20210207,10,22.0,22.0,22.0,23.0,22.0,0,9.0,1.8,63.0,0.0,109.8,7,7,2,0.0,1.0
20210207,11,22.0,22.0,22.0,22.0,22.0,0,10.8,2.6,57.0,0.0,109.8,7,7,2,0.0,1.0
20210207,12,23.0,23.0,23.0,27.0,24.0,0,11.8,1.9,50.0,0.0,109.8,7,7,2,0.0,1.0
20210207,13,25.0,22.0,23.0,22.0,23.0,0,12.7,1.7,43.0,0.0,109.8,7,7,2,0.0,1.0
20210207,14,22.0,22.0,23.0,22.0,22.0,0,13.6,2.0,38.0,0.0,109.8,7,7,2,0.0,1.0
20210207,15,22.0,22.0,23.0,22.0,22.0,0,13.4,1.9,44.0,0.0,109.8,7,7,2,0.0,1.0
20210207,16,27.0,27.0,23.0,23.0,25.0,0,12.5,2.0,60.0,0.0,109.8,7,7,2,0.0,1.0
20210207,17,22.0,22.0,22.0,22.0,22.0,0,11.6,0.7,61.0,0.0,109.8,7,7,2,0.0,1.0
20210207,18,22.0,22.0,22.0,22.0,22.0,0,10.9,1.3,54.0,0.0,109.8,7,7,2,0.0,1.5
20210207,19,22.0,23.0,26.0,24.0,24.0,0,10.2,1.9,38.0,0.0,109.8,7,7,2,0.0,1.5
20210207,20,22.0,22.0,22.0,22.0,22.0,0,10.0,2.8,38.0,0.0,109.8,7,7,2,0.0,1.5
20210207,21,23.0,22.0,23.0,22.0,23.0,0,9.5,2.6,38.0,0.0,109.8,7,7,2,0.0,1.5
20210207,22,22.0,22.0,22.0,25.0,23.0,0,9.1,3.5,39.0,0.0,109.8,7,7,2,0.0,1.5
20210207,23,26.0,23.0,22.0,23.0,24.0,0,8.4,2.8,34.0,0.0,109.8,7,7,2,0.0,1.5
20210208,0,64.0,63.0,63.0,62.0,63.0,0,7.1,3.4,38.0,0.0,109.8,1,8,2,0.0,1.5
20210208,1,87.0,94.0,105.0,110.0,99.0,0,5.7,3.4,26.0,0.0,109.8,1,8,2,0.0,1.5
20210208,2,104.0,98.0,98.0,111.0,103.0,0,3.4,2.6,21.0,0.0,109.8,1,8,2,0.0,1.5
20210208,3,90.0,105.0,99.0,104.0,100.0,0,2.2,2.4,27.0,0.0,109.8,1,8,2,0.0,1.5
20210208,4,105.0,105.0,100.0,110.0,105.0,0,1.7,4.0,27.0,0.0,109.8,1,8,2,0.0,1.5
20210208,5,82.0,72.0,94.0,101.0,87.0,0,0.0,2.5,34.0,0.0,109.8,1,8,2,0.0,1.5
20210208,6,109.0,104.0,96.0,81.0,98.0,0,0.3,3.8,35.0,0.0,109.8,1,8,2,0.0,1.5
20210208,7,72.0,77.0,107.0,117.0,93.0,0,-0.2,2.2,32.0,0.0,109.8,1,8,2,0.0,1.5
20210208,8,141.0,154.0,161.0,160.0,154.0,669,-0.1,1.3,31.0,0.0,109.8,1,8,2,1.086038961,1.5
20210208,9,165.0,160.0,160.0,156.0,160.0,538,0.7,2.8,31.0,0.0,109.8,1,8,2,0.839313573,1.0
20210208,10,127.0,153.0,138.0,150.0,142.0,785,1.8,3.2,28.0,0.0,109.8,1,8,2,1.382042254,1.0
20210208,11,159.0,160.0,167.0,171.0,164.0,2411,2.7,4.2,21.0,0.0,109.8,1,8,2,3.669710807,1.0
20210208,12,106.0,87.0,94.0,124.0,103.0,120,3.4,4.7,20.0,0.0,109.8,1,8,2,0.291970803,1.0
20210208,13,157.0,174.0,168.0,160.0,165.0,909,4.6,3.9,21.0,0.0,109.8,1,8,2,1.379362671,1.0
20210208,14,156.0,164.0,167.0,176.0,166.0,2129,5.2,4.0,20.0,0.0,109.8,1,8,2,3.211161388,1.0
20210208,15,139.0,173.0,153.0,180.0,161.0,1722,4.9,4.7,17.0,0.0,109.8,1,8,2,2.669767442,1.0
20210208,16,150.0,166.0,164.0,152.0,158.0,3012,4.8,4.4,17.0,0.0,109.8,1,8,2,4.765822785,1.0
20210208,17,127.0,110.0,147.0,161.0,136.0,273,4.4,2.6,17.0,0.0,109.8,1,8,2,0.500917431,1.0
20210208,18,150.0,156.0,152.0,157.0,154.0,992,2.6,1.5,20.0,0.0,109.8,1,8,2,1.61300813,1.5
20210208,19,155.0,144.0,140.0,128.0,142.0,2012,1.2,1.3,23.0,0.0,109.8,1,8,2,3.548500882,1.5
20210208,20,134.0,132.0,117.0,132.0,129.0,33,1.0,3.6,23.0,0.0,109.8,1,8,2,0.06407767,1.5
20210208,21,132.0,123.0,116.0,114.0,121.0,37,0.0,2.4,26.0,0.0,109.8,1,8,2,0.07628866,1.5
20210208,22,91.0,109.0,115.0,113.0,107.0,0,-0.8,2.4,30.0,0.0,109.8,1,8,2,0.0,1.5
20210208,23,105.0,114.0,104.0,82.0,101.0,65,-1.5,2.4,32.0,0.0,109.8,1,8,2,0.160493827,1.5
20210209,0,72.0,69.0,65.0,65.0,68.0,147,-2.0,2.6,34.0,0.0,109.8,2,9,2,0.542435424,1.5
20210209,1,92.0,97.0,103.0,103.0,99.0,96,-2.3,2.3,35.0,0.0,109.8,2,9,2,0.243037975,1.5
20210209,2,107.0,106.0,99.0,103.0,104.0,200,-2.7,3.7,38.0,0.0,109.8,2,9,2,0.481927711,1.5
20210209,3,92.0,109.0,113.0,99.0,103.0,513,-3.5,1.4,40.0,0.0,109.8,2,9,2,1.242130751,1.5
20210209,4,96.0,101.0,100.0,101.0,100.0,83,-3.2,2.2,39.0,0.0,109.8,2,9,2,0.208542714,1.5
20210209,5,84.0,73.0,90.0,91.0,85.0,56,-2.9,2.9,40.0,0.0,109.8,2,9,2,0.165680473,1.5
20210209,6,102.0,100.0,106.0,105.0,103.0,540,-2.8,2.2,38.0,0.0,109.8,2,9,2,1.307506053,1.5
20210209,7,105.0,115.0,150.0,140.0,128.0,996,-3.1,2.2,39.0,0.0,109.8,2,9,2,1.952941176,1.5
20210209,8,158.0,169.0,174.0,174.0,169.0,520,-2.8,3.7,37.0,0.0,109.8,2,9,2,0.77037037,1.5
20210209,9,168.0,179.0,178.0,164.0,172.0,636,-1.1,3.2,32.0,0.0,109.8,2,9,2,0.923076923,1.0
20210209,10,135.0,180.0,178.0,172.0,166.0,477,0.6,3.1,25.0,0.0,109.8,2,9,2,0.717293233,1.0
20210209,11,168.0,166.0,178.0,174.0,172.0,592,2.1,2.6,22.0,0.0,109.8,2,9,2,0.862973761,1.0
20210209,12,119.0,102.0,96.0,122.0,110.0,65,4.7,1.9,21.0,0.0,109.8,2,9,2,0.148063781,1.0
20210209,13,159.0,162.0,175.0,181.0,169.0,1161,6.0,2.8,21.0,0.0,109.8,2,9,2,1.714918759,1.0
20210209,14,168.0,160.0,163.0,170.0,165.0,923,7.1,3.4,20.0,0.0,109.8,2,9,2,1.396369138,1.0
20210209,15,129.0,170.0,168.0,164.0,158.0,1319,7.3,3.3,19.0,0.0,109.8,2,9,2,2.090332805,1.0
20210209,16,159.0,146.0,144.0,154.0,151.0,1198,7.4,3.5,19.0,0.0,109.8,2,9,2,1.986733002,1.0
20210209,17,108.0,104.0,144.0,161.0,129.0,885,7.2,2.6,20.0,0.0,109.8,2,9,2,1.711798839,1.0
20210209,18,156.0,156.0,161.0,145.0,155.0,1801,5.5,0.9,23.0,0.0,109.8,2,9,2,2.914239482,1.5
20210209,19,148.0,136.0,131.0,111.0,132.0,2578,3.6,1.3,27.0,0.0,109.8,2,9,2,4.901140684,1.5
20210209,20,106.0,112.0,106.0,113.0,109.0,50,3.7,1.8,27.0,0.0,109.8,2,9,2,0.114416476,1.5
20210209,21,107.0,110.0,100.0,103.0,105.0,13,4.1,2.9,26.0,0.0,109.8,2,9,2,0.030952381,1.5
20210209,22,87.0,102.0,106.0,109.0,101.0,148,2.8,1.9,29.0,0.0,109.8,2,9,2,0.366336634,1.5
20210209,23,106.0,95.0,98.0,79.0,95.0,167,3.8,2.2,28.0,0.0,109.8,2,9,2,0.441798942,1.5
20210210,0,64.0,64.0,64.0,67.0,65.0,121,2.5,2.4,33.0,0.0,109.8,3,10,2,0.467181467,1.5
20210210,1,96.0,107.0,104.0,103.0,103.0,39,2.4,3.1,36.0,0.0,109.8,3,10,2,0.095121951,1.5
20210210,2,103.0,109.0,101.0,104.0,104.0,158,2.6,3.2,36.0,0.0,109.8,3,10,2,0.378896882,1.5
20210210,3,89.0,104.0,100.0,104.0,99.0,40,3.0,3.1,37.0,0.0,109.8,3,10,2,0.100755668,1.5
20210210,4,108.0,106.0,106.0,104.0,106.0,143,2.3,1.4,41.0,0.0,109.8,3,10,2,0.337264151,1.5
20210210,5,94.0,81.0,91.0,98.0,91.0,574,2.6,4.2,39.0,0.0,109.8,3,10,2,1.576923077,1.5
20210210,6,106.0,100.0,102.0,107.0,104.0,246,2.4,2.5,39.0,0.0,109.8,3,10,2,0.592771084,1.5
20210210,7,106.0,106.0,131.0,131.0,119.0,577,2.2,1.9,40.0,0.0,109.8,3,10,2,1.217299578,1.5
20210210,8,142.0,157.0,156.0,165.0,155.0,324,1.4,2.1,45.0,0.0,109.8,3,10,2,0.522580645,1.5
20210210,9,166.0,163.0,169.0,166.0,166.0,1812,3.1,1.8,42.0,0.0,109.8,3,10,2,2.728915663,1.0
20210210,10,134.0,169.0,177.0,175.0,164.0,903,4.9,2.6,38.0,0.0,109.8,3,10,2,1.378625954,1.0
20210210,11,161.0,149.0,168.0,165.0,161.0,1468,7.0,2.0,34.0,0.0,109.8,3,10,2,2.283048212,1.0
20210210,12,116.0,101.0,102.0,125.0,111.0,508,9.0,2.5,29.0,0.0,109.8,3,10,2,1.144144144,1.0
20210210,13,158.0,145.0,156.0,151.0,153.0,483,10.7,1.5,23.0,0.0,109.8,3,10,2,0.791803279,1.0
20210210,14,153.0,162.0,169.0,165.0,162.0,180,11.8,2.3,21.0,0.0,109.8,3,10,2,0.277349769,1.0
20210210,15,128.0,162.0,161.0,158.0,152.0,0,11.7,2.8,19.0,0.0,109.8,3,10,2,0.0,1.0
20210210,16,154.0,156.0,150.0,150.0,153.0,0,11.8,2.2,20.0,0.0,109.8,3,10,2,0.0,1.0
20210210,17,123.0,118.0,143.0,135.0,130.0,0,11.0,1.3,23.0,0.0,109.8,3,10,2,0.0,1.0
20210210,18,122.0,123.0,123.0,121.0,122.0,0,9.6,2.2,27.0,0.0,109.8,3,10,2,0.0,1.5
20210210,19,120.0,123.0,122.0,128.0,123.0,0,7.9,2.5,35.0,0.0,109.8,3,10,2,0.0,1.5
20210210,20,122.0,124.0,142.0,145.0,133.0,0,7.4,2.8,40.0,0.0,109.8,3,10,2,0.0,1.5
20210210,21,141.0,132.0,128.0,115.0,129.0,0,6.6,1.5,43.0,0.0,109.8,3,10,2,0.0,1.5
20210210,22,108.0,124.0,122.0,116.0,118.0,0,5.7,1.8,50.0,0.0,109.8,3,10,2,0.0,1.5
20210210,23,115.0,113.0,103.0,88.0,105.0,0,5.1,2.6,55.0,0.0,109.8,3,10,2,0.0,1.5
20210211,0,72.0,70.0,69.0,68.0,70.0,0,4.0,2.3,61.0,0.0,109.8,4,11,2,0.0,1.5
20210211,1,100.0,103.0,112.0,113.0,107.0,0,6.2,3.2,53.0,0.0,109.8,4,11,2,0.0,1.5
20210211,2,106.0,95.0,105.0,111.0,104.0,0,4.5,1.8,60.0,0.0,109.8,4,11,2,0.0,1.5
20210211,3,98.0,107.0,103.0,96.0,101.0,0,3.9,2.1,65.0,0.0,109.8,4,11,2,0.0,1.5
20210211,4,113.0,114.0,110.0,108.0,111.0,0,4.0,1.3,69.0,0.0,109.8,4,11,2,0.0,1.5
20210211,5,83.0,76.0,97.0,103.0,90.0,0,3.5,1.9,73.0,0.0,109.8,4,11,2,0.0,1.5
20210211,6,107.0,107.0,107.0,100.0,105.0,0,3.0,1.9,75.0,0.0,109.8,4,11,2,0.0,1.5
20210211,7,113.0,127.0,149.0,143.0,133.0,0,3.6,2.7,74.0,0.0,109.8,4,11,2,0.0,1.5
20210211,8,155.0,175.0,171.0,169.0,168.0,0,3.2,1.8,75.0,0.0,109.8,4,11,2,0.0,1.5
20210211,9,172.0,157.0,168.0,175.0,168.0,0,4.9,2.4,69.0,0.0,109.8,4,11,2,0.0,1.0
20210211,10,127.0,165.0,168.0,164.0,156.0,0,7.1,1.5,59.0,0.0,109.8,4,11,2,0.0,1.0
20210211,11,174.0,165.0,168.0,164.0,168.0,0,9.2,2.2,51.0,0.0,109.8,4,11,2,0.0,1.0
20210211,12,108.0,93.0,93.0,122.0,104.0,0,10.2,1.8,47.0,0.0,109.8,4,11,2,0.0,1.0
20210211,13,160.0,149.0,155.0,150.0,154.0,0,10.9,1.8,41.0,0.0,109.8,4,11,2,0.0,1.0
20210211,14,160.0,157.0,160.0,157.0,159.0,0,11.3,2.9,43.0,0.0,109.8,4,11,2,0.0,1.0
20210211,15,126.0,159.0,160.0,153.0,150.0,0,10.9,3.0,49.0,0.0,109.8,4,11,2,0.0,1.0
20210211,16,153.0,151.0,163.0,160.0,157.0,0,10.0,3.1,63.0,0.0,109.8,4,11,2,0.0,1.0
20210211,17,119.0,107.0,158.0,159.0,136.0,0,9.8,2.6,68.0,0.0,109.8,4,11,2,0.0,1.0
20210211,18,152.0,143.0,145.0,139.0,145.0,0,9.2,1.1,69.0,0.0,109.8,4,11,2,0.0,1.5
20210211,19,142.0,135.0,142.0,125.0,136.0,0,8.7,1.4,72.0,0.0,109.8,4,11,2,0.0,1.5
20210211,20,113.0,120.0,130.0,120.0,121.0,0,7.9,1.4,75.0,0.0,109.8,4,11,2,0.0,1.5
20210211,21,116.0,106.0,111.0,104.0,109.0,0,7.5,0.9,75.0,0.0,109.8,4,11,2,0.0,1.5
20210211,22,92.0,105.0,110.0,109.0,104.0,0,7.2,1.7,77.0,0.0,109.8,4,11,2,0.0,1.5
20210211,23,101.0,110.0,105.0,83.0,100.0,0,7.1,2.0,77.0,0.0,109.8,4,11,2,0.0,1.5
20210212,0,71.0,64.0,65.0,65.0,66.0,0,5.9,0.7,85.0,0.0,109.8,5,12,2,0.0,1.5
20210212,1,97.0,106.0,111.0,110.0,106.0,0,6.2,1.2,81.0,0.0,109.8,5,12,2,0.0,1.5
20210212,2,107.0,100.0,98.0,111.0,104.0,0,6.2,1.0,80.0,0.0,109.8,5,12,2,0.0,1.5
20210212,3,95.0,112.0,112.0,107.0,107.0,0,6.0,1.5,79.0,0.0,109.8,5,12,2,0.0,1.5
20210212,4,105.0,108.0,113.0,109.0,109.0,0,4.7,0.2,83.0,0.0,109.8,5,12,2,0.0,1.5
20210212,5,80.0,73.0,97.0,110.0,90.0,0,5.3,0.3,83.0,0.0,109.8,5,12,2,0.0,1.5
20210212,6,104.0,96.0,106.0,103.0,102.0,0,4.7,0.6,84.0,0.0,109.8,5,12,2,0.0,1.5
20210212,7,92.0,90.0,68.0,32.0,71.0,0,4.8,1.5,81.0,0.0,109.8,5,12,2,0.0,1.5
20210212,8,22.0,22.0,24.0,23.0,23.0,0,4.8,0.5,81.0,0.0,109.8,5,12,2,0.0,1.5
20210212,9,24.0,24.0,24.0,28.0,25.0,0,6.8,0.7,76.0,0.0,109.8,5,12,2,0.0,1.0
20210212,10,29.0,25.0,25.0,25.0,26.0,0,8.7,0.3,71.0,0.0,109.8,5,12,2,0.0,1.0
20210212,11,24.0,25.0,29.0,27.0,26.0,0,11.1,1.3,54.0,0.0,109.8,5,12,2,0.0,1.0
20210212,12,25.0,25.0,24.0,24.0,25.0,0,12.7,1.2,45.0,0.0,109.8,5,12,2,0.0,1.0
20210212,13,27.0,22.0,22.0,21.0,23.0,0,13.8,1.9,41.0,0.0,109.8,5,12,2,0.0,1.0
20210212,14,22.0,23.0,22.0,22.0,22.0,0,15.4,1.3,35.0,0.0,109.8,5,12,2,0.0,1.0
20210212,15,22.0,23.0,23.0,22.0,23.0,0,14.9,3.2,46.0,0.0,109.8,5,12,2,0.0,1.0
20210212,16,26.0,27.0,23.0,23.0,25.0,0,14.4,2.8,52.0,0.0,109.8,5,12,2,0.0,1.0
20210212,17,23.0,22.0,22.0,23.0,23.0,0,13.5,2.5,58.0,0.0,109.8,5,12,2,0.0,1.0
20210212,18,22.0,22.0,22.0,22.0,22.0,0,12.0,1.1,67.0,0.0,109.8,5,12,2,0.0,1.5
20210212,19,23.0,22.0,26.0,27.0,25.0,0,10.8,0.5,75.0,0.0,109.8,5,12,2,0.0,1.5
20210212,20,23.0,22.0,22.0,23.0,23.0,0,10.0,0.6,75.0,0.0,109.8,5,12,2,0.0,1.5
20210212,21,23.0,23.0,22.0,23.0,23.0,0,9.0,1.0,81.0,0.0,109.8,5,12,2,0.0,1.5
20210212,22,23.0,23.0,22.0,22.0,23.0,0,8.2,0.0,84.0,0.0,109.8,5,12,2,0.0,1.5
20210212,23,26.0,27.0,22.0,22.0,24.0,0,5.1,2.6,55.0,0.0,109.8,5,12,2,0.0,1.5
20210213,0,71.0,64.0,65.0,65.0,66.0,0,7.9,1.4,68.0,0.0,109.8,6,13,2,0.0,1.5
20210213,1,97.0,106.0,111.0,110.0,106.0,0,7.9,1.4,68.0,0.0,109.8,6,13,2,0.0,1.5
20210213,2,107.0,100.0,98.0,111.0,104.0,0,6.9,0.4,76.0,0.0,109.8,6,13,2,0.0,1.5
20210213,3,95.0,112.0,112.0,107.0,107.0,0,6.0,0.1,84.0,0.0,109.8,6,13,2,0.0,1.5
20210213,4,105.0,108.0,113.0,109.0,109.0,0,4.6,1.2,80.0,0.0,109.8,6,13,2,0.0,1.5
20210213,5,80.0,73.0,97.0,110.0,90.0,0,4.8,0.4,73.0,0.0,109.8,6,13,2,0.0,1.5
20210213,6,104.0,96.0,106.0,103.0,102.0,0,5.0,0.4,64.0,0.0,109.8,6,13,2,0.0,1.5
20210213,7,92.0,90.0,68.0,32.0,71.0,0,4.7,0.4,62.0,0.0,109.8,6,13,2,0.0,1.5
20210213,8,22.0,22.0,24.0,23.0,23.0,0,5.0,1.1,61.0,0.0,109.8,6,13,2,0.0,1.5
20210213,9,24.0,24.0,24.0,28.0,25.0,0,8.9,0.6,58.0,0.0,109.8,6,13,2,0.0,1.0
20210213,10,29.0,25.0,25.0,25.0,26.0,0,13.1,1.0,41.0,0.0,109.8,6,13,2,0.0,1.0
20210213,11,24.0,25.0,29.0,27.0,26.0,0,15.3,2.2,27.0,0.0,109.8,6,13,2,0.0,1.0
20210213,12,25.0,25.0,24.0,24.0,25.0,0,16.3,2.8,23.0,0.0,109.8,6,13,2,0.0,1.0
20210213,13,27.0,22.0,22.0,21.0,23.0,0,17.0,2.7,21.0,0.0,109.8,6,13,2,0.0,1.0
20210213,14,22.0,23.0,22.0,22.0,22.0,0,17.0,3.1,32.0,0.0,109.8,6,13,2,0.0,1.0
20210213,15,22.0,23.0,23.0,22.0,23.0,0,16.8,2.5,38.0,0.0,109.8,6,13,2,0.0,1.0
20210213,16,26.0,27.0,23.0,23.0,25.0,0,16.4,2.4,37.0,0.0,109.8,6,13,2,0.0,1.0
20210213,17,23.0,22.0,22.0,23.0,23.0,0,14.9,2.1,45.0,0.0,109.8,6,13,2,0.0,1.0
20210213,18,22.0,22.0,22.0,22.0,22.0,0,13.3,1.6,41.0,0.0,109.8,6,13,2,0.0,1.5
20210213,19,23.0,22.0,26.0,27.0,25.0,0,11.8,1.3,57.0,0.0,109.8,6,13,2,0.0,1.5
20210213,20,23.0,22.0,22.0,23.0,23.0,0,10.9,1.3,65.0,0.0,109.8,6,13,2,0.0,1.5
20210213,21,23.0,23.0,22.0,23.0,23.0,0,9.7,0.9,72.0,0.0,109.8,6,13,2,0.0,1.5
20210213,22,23.0,23.0,22.0,22.0,23.0,0,9.3,0.8,76.0,0.0,109.8,6,13,2,0.0,1.5
20210213,23,26.0,27.0,22.0,22.0,24.0,0,8.9,0.3,83.0,0.0,109.8,6,13,2,0.0,1.5
20210214,0,23.0,22.0,23.0,22.0,23.0,0,9.1,0.7,81.0,0.0,109.8,7,14,2,0.0,1.5
20210214,1,22.0,22.0,22.0,21.0,22.0,0,8.4,0.0,89.0,0.0,109.8,7,14,2,0.0,1.5
20210214,2,22.0,24.0,27.0,25.0,25.0,0,8.2,0.7,92.0,0.0,109.8,7,14,2,0.0,1.5
20210214,3,22.0,22.0,22.0,22.0,22.0,0,8.2,0.3,92.0,0.0,109.8,7,14,2,0.0,1.5
20210214,4,22.0,22.0,23.0,23.0,23.0,0,7.3,0.5,94.0,0.0,109.8,7,14,2,0.0,1.5
20210214,5,22.0,22.0,22.0,23.0,22.0,0,7.4,0.5,94.0,0.0,109.8,7,14,2,0.0,1.5
20210214,6,25.0,26.0,22.0,22.0,24.0,0,7.9,0.3,94.0,0.0,109.8,7,14,2,0.0,1.5
20210214,7,22.0,22.0,22.0,21.0,22.0,0,8.2,0.2,98.0,0.0,109.8,7,14,2,0.0,1.5
20210214,8,21.0,22.0,21.0,22.0,22.0,0,8.0,0.1,89.0,0.0,109.8,7,14,2,0.0,1.5
20210214,9,22.0,24.0,26.0,24.0,24.0,0,10.1,0.9,89.0,0.0,109.8,7,14,2,0.0,1.0
20210214,10,22.0,22.0,22.0,23.0,22.0,0,11.8,1.1,74.0,0.0,109.8,7,14,2,0.0,1.0
20210214,11,22.0,22.0,22.0,22.0,22.0,0,12.6,1.5,78.0,0.1,109.8,7,14,2,0.0,1.0
20210214,12,23.0,23.0,23.0,27.0,24.0,0,12.5,1.9,93.0,0.2,109.8,7,14,2,0.0,1.0
20210214,13,25.0,22.0,23.0,22.0,23.0,0,11.6,1.8,98.0,1.7,109.8,7,14,2,0.0,1.0
20210214,14,22.0,22.0,23.0,22.0,22.0,0,12.5,1.3,98.0,1.8,109.8,7,14,2,0.0,1.0
20210214,15,22.0,22.0,23.0,22.0,22.0,0,12.2,1.3,98.0,1.9,109.8,7,14,2,0.0,1.0
20210214,16,27.0,27.0,23.0,23.0,25.0,0,12.3,1.0,98.0,1.9,109.8,7,14,2,0.0,1.0
20210214,17,22.0,22.0,22.0,22.0,22.0,0,12.7,1.5,98.0,1.9,109.8,7,14,2,0.0,1.0
20210214,18,22.0,22.0,22.0,22.0,22.0,0,12.4,0.8,98.0,1.9,109.8,7,14,2,0.0,1.5
20210214,19,22.0,23.0,26.0,24.0,24.0,0,12.1,0.6,98.0,1.9,109.8,7,14,2,0.0,1.5
20210214,20,22.0,22.0,22.0,22.0,22.0,0,12.1,0.5,98.0,1.9,109.8,7,14,2,0.0,1.5
20210214,21,23.0,22.0,23.0,22.0,23.0,0,11.7,0.3,98.0,3.5,109.8,7,14,2,0.0,1.5
20210214,22,22.0,22.0,22.0,25.0,23.0,0,11.4,1.3,98.0,4.9,109.8,7,14,2,0.0,1.5
20210214,23,26.0,23.0,22.0,23.0,24.0,0,11.3,1.2,98.0,7.5,109.8,7,14,2,0.0,1.5
20210215,0,83.0,77.0,72.0,72.0,76.0,0,11.2,1.4,98.0,9.0,109.8,1,15,2,0.0,1.5
20210215,1,100.0,110.0,115.0,116.0,110.0,0,10.6,2.2,98.0,0.4,109.8,1,15,2,0.0,1.5
20210215,2,114.0,117.0,121.0,117.0,117.0,0,10.3,2.7,98.0,0.5,109.8,1,15,2,0.0,1.5
20210215,3,104.0,119.0,117.0,123.0,116.0,0,10.0,2.0,98.0,0.5,109.8,1,15,2,0.0,1.5
20210215,4,122.0,111.0,100.0,106.0,110.0,0,9.7,1.0,98.0,0.5,109.8,1,15,2,0.0,1.5
20210215,5,94.0,87.0,96.0,112.0,97.0,0,9.8,2.4,98.0,0.5,109.8,1,15,2,0.0,1.5
20210215,6,121.0,118.0,117.0,117.0,118.0,0,9.2,0.9,98.0,0.5,109.8,1,15,2,0.0,1.5
20210215,7,116.0,119.0,144.0,150.0,132.0,0,9.0,1.0,98.0,0.5,109.8,1,15,2,0.0,1.5
20210215,8,176.0,196.0,198.0,181.0,188.0,635,10.2,2.7,94.0,0.5,109.8,1,15,2,0.845539281,1.5
20210215,9,184.0,195.0,176.0,188.0,186.0,1362,10.8,3.0,75.0,0.5,109.8,1,15,2,1.833109017,1.0
20210215,10,138.0,174.0,181.0,164.0,164.0,825,11.5,3.7,66.0,0.5,109.8,1,15,2,1.255707763,1.0
20210215,11,162.0,180.0,167.0,184.0,173.0,2724,12.8,3.8,56.0,0.5,109.8,1,15,2,3.930735931,1.0
20210215,12,128.0,105.0,92.0,122.0,112.0,0,13.0,2.8,54.0,0.5,109.8,1,15,2,0.0,1.0
20210215,13,168.0,177.0,170.0,170.0,171.0,2776,13.8,4.1,53.0,0.5,109.8,1,15,2,4.052554745,1.0
20210215,14,182.0,181.0,173.0,172.0,177.0,2004,12.6,4.5,52.0,0.5,109.8,1,15,2,2.830508475,1.0
20210215,15,137.0,168.0,171.0,176.0,163.0,154,12.0,4.4,36.0,0.5,109.8,1,15,2,0.236196319,1.0
20210215,16,166.0,172.0,181.0,160.0,170.0,903,11.2,3.8,38.0,0.5,109.8,1,15,2,1.329896907,1.0
20210215,17,118.0,108.0,149.0,159.0,134.0,905,8.0,5.0,24.0,0.5,109.8,1,15,2,1.694756554,1.0
20210215,18,161.0,161.0,153.0,170.0,161.0,2247,5.9,4.3,27.0,0.5,109.8,1,15,2,3.48372093,1.5
20210215,19,162.0,159.0,154.0,147.0,156.0,478,4.3,5.9,31.0,0.5,109.8,1,15,2,0.768488746,1.5
20210215,20,133.0,131.0,127.0,120.0,128.0,51,3.2,5.5,31.0,0.5,109.8,1,15,2,0.099804305,1.5
20210215,21,124.0,131.0,129.0,124.0,127.0,213,2.2,1.9,30.0,0.5,109.8,1,15,2,0.419291339,1.5
20210215,22,108.0,111.0,116.0,123.0,115.0,98,1.9,2.1,29.0,0.5,109.8,1,15,2,0.213973799,1.5
20210215,23,116.0,120.0,110.0,85.0,108.0,452,1.6,2.7,26.0,0.5,109.8,1,15,2,1.048723898,1.5
20210216,0,76.0,73.0,71.0,72.0,73.0,250,0.6,3.1,30.0,0.0,109.8,2,16,2,0.856164384,1.5
20210216,1,100.0,115.0,120.0,109.0,111.0,312,-0.2,2.2,37.0,0.0,109.8,2,16,2,0.702702703,1.5
20210216,2,106.0,117.0,116.0,117.0,114.0,158,-0.7,3.0,41.0,0.0,109.8,2,16,2,0.346491228,1.5
20210216,3,106.0,113.0,114.0,113.0,112.0,124,-1.3,2.6,46.0,0.0,109.8,2,16,2,0.278026906,1.5
20210216,4,118.0,115.0,113.0,102.0,112.0,48,-2.3,1.0,51.0,0.0,109.8,2,16,2,0.107142857,1.5
20210216,5,79.0,75.0,102.0,111.0,92.0,204,-1.9,1.8,48.0,0.0,109.8,2,16,2,0.555858311,1.5
20210216,6,114.0,119.0,121.0,105.0,115.0,109,-2.1,1.1,45.0,0.0,109.8,2,16,2,0.237472767,1.5
20210216,7,96.0,116.0,148.0,161.0,130.0,2149,-2.6,1.3,44.0,0.0,109.8,2,16,2,4.124760077,1.5
20210216,8,170.0,185.0,180.0,173.0,177.0,453,-1.6,0.6,41.0,0.0,109.8,2,16,2,0.639830508,1.5
20210216,9,171.0,168.0,187.0,192.0,180.0,518,0.2,1.6,36.0,0.0,109.8,2,16,2,0.721448468,1.0
20210216,10,150.0,179.0,193.0,190.0,178.0,803,1.5,3.3,29.0,0.0,109.8,2,16,2,1.127808989,1.0
20210216,11,186.0,172.0,175.0,170.0,176.0,714,2.7,2.3,29.0,0.0,109.8,2,16,2,1.015647226,1.0
20210216,12,120.0,104.0,95.0,116.0,109.0,4,3.7,3.4,26.0,0.0,109.8,2,16,2,0.009195402,1.0
20210216,13,158.0,175.0,172.0,171.0,169.0,352,4.4,2.8,24.0,0.0,109.8,2,16,2,0.520710059,1.0
20210216,14,167.0,169.0,172.0,174.0,171.0,3995,5.8,3.7,23.0,0.0,109.8,2,16,2,5.857771261,1.0
20210216,15,138.0,177.0,180.0,157.0,163.0,2195,6.4,4.0,25.0,0.0,109.8,2,16,2,3.366564417,1.0
20210216,16,165.0,171.0,177.0,160.0,168.0,2786,6.6,4.1,26.0,0.0,109.8,2,16,2,4.139673105,1.0
20210216,17,133.0,139.0,166.0,177.0,154.0,82,6.1,4.3,30.0,0.0,109.8,2,16,2,0.133333333,1.0
20210216,18,177.0,169.0,163.0,162.0,168.0,757,5.6,3.0,36.0,0.0,109.8,2,16,2,1.128166915,1.5
20210216,19,152.0,145.0,142.0,117.0,139.0,2939,1.2,4.0,63.0,0.0,109.8,2,16,2,5.285971223,1.5
20210216,20,108.0,112.0,120.0,115.0,114.0,6,-0.8,3.7,82.0,0.0,109.8,2,16,2,0.013186813,1.5
20210216,21,110.0,120.0,117.0,123.0,118.0,136,-1.3,4.0,73.0,0.0,109.8,2,16,2,0.289361702,1.5
20210216,22,102.0,102.0,99.0,107.0,103.0,65,-1.3,4.3,45.0,0.0,109.8,2,16,2,0.158536585,1.5
20210216,23,107.0,119.0,111.0,85.0,106.0,107,-1.9,4.5,38.0,0.0,109.8,2,16,2,0.253554502,1.5
20210217,0,72.0,72.0,72.0,71.0,72.0,331,-2.5,4.0,39.0,0.0,109.8,3,17,2,1.153310105,1.5
20210217,1,96.0,104.0,108.0,118.0,107.0,170,-3.0,3.3,39.0,0.0,109.8,3,17,2,0.399061033,1.5
20210217,2,115.0,117.0,107.0,110.0,112.0,240,-3.5,4.7,34.0,0.0,109.8,3,17,2,0.534521158,1.5
20210217,3,112.0,118.0,120.0,115.0,116.0,82,-4.0,4.4,37.0,0.0,109.8,3,17,2,0.176344086,1.5
20210217,4,111.0,110.0,114.0,115.0,113.0,265,-4.6,4.7,42.0,0.0,109.8,3,17,2,0.588888889,1.5
20210217,5,98.0,83.0,96.0,112.0,97.0,23,-4.9,4.4,36.0,0.0,109.8,3,17,2,0.059125964,1.5
20210217,6,118.0,116.0,126.0,122.0,121.0,583,-5.1,5.0,33.0,0.0,109.8,3,17,2,1.209543568,1.5
20210217,7,120.0,124.0,162.0,158.0,141.0,1612,-5.3,4.3,31.0,0.0,109.8,3,17,2,2.858156028,1.5
20210217,8,178.0,193.0,197.0,193.0,190.0,479,-4.9,4.2,30.0,0.0,109.8,3,17,2,0.629434954,1.5
20210217,9,188.0,180.0,173.0,179.0,180.0,1759,-4.1,4.3,31.0,0.0,109.8,3,17,2,2.443055556,1.0
20210217,10,142.0,170.0,177.0,175.0,166.0,1510,-3.4,5.6,28.0,0.0,109.8,3,17,2,2.274096386,1.0
20210217,11,188.0,190.0,177.0,177.0,183.0,792,-2.4,5.0,28.0,0.0,109.8,3,17,2,1.081967213,1.0
20210217,12,116.0,88.0,85.0,123.0,103.0,269,-2.2,4.6,28.0,0.0,109.8,3,17,2,0.652912621,1.0
20210217,13,169.0,188.0,192.0,182.0,183.0,819,-1.6,4.1,29.0,0.0,109.8,3,17,2,1.120383037,1.0
20210217,14,171.0,179.0,176.0,189.0,179.0,1272,-1.2,4.4,32.0,0.0,109.8,3,17,2,1.779020979,1.0
20210217,15,147.0,179.0,179.0,174.0,170.0,3267,-1.2,4.6,29.0,0.0,109.8,3,17,2,4.811487482,1.0
20210217,16,166.0,164.0,170.0,174.0,169.0,1287,-1.4,4.7,24.0,0.0,109.8,3,17,2,1.909495549,1.0
20210217,17,132.0,118.0,144.0,158.0,138.0,2402,-2.3,4.5,26.0,0.0,109.8,3,17,2,4.351449275,1.0
20210217,18,171.0,166.0,177.0,167.0,170.0,382,-3.6,5.2,23.0,0.0,109.8,3,17,2,0.560939794,1.5
20210217,19,160.0,160.0,169.0,147.0,159.0,1510,-4.4,3.7,25.0,0.0,109.8,3,17,2,2.374213836,1.5
20210217,20,133.0,143.0,143.0,135.0,139.0,117,-5.0,4.9,29.0,0.0,109.8,3,17,2,0.211191336,1.5
20210217,21,125.0,134.0,125.0,123.0,127.0,15,-5.2,5.1,30.0,0.0,109.8,3,17,2,0.029585799,1.5
20210217,22,119.0,128.0,126.0,127.0,125.0,292,-5.3,4.3,30.0,0.0,109.8,3,17,2,0.584,1.5
20210217,23,125.0,120.0,105.0,94.0,111.0,150,-5.6,4.2,32.0,0.0,109.8,3,17,2,0.337837838,1.5
20210218,0,90.0,82.0,75.0,73.0,80.0,122,-5.8,5.1,37.0,0.0,109.8,4,18,2,0.38125,1.5
20210218,1,98.0,117.0,117.0,115.0,112.0,287,-6.2,5.0,43.0,0.0,109.8,4,18,2,0.642058166,1.5
20210218,2,117.0,121.0,117.0,105.0,115.0,28,-6.5,2.9,47.0,0.0,109.8,4,18,2,0.060869565,1.5
20210218,3,101.0,118.0,126.0,111.0,114.0,300,-6.9,4.4,54.0,0.0,109.8,4,18,2,0.657894737,1.5
20210218,4,104.0,110.0,117.0,115.0,112.0,42,-7.4,4.2,54.0,0.0,109.8,4,18,2,0.094170404,1.5
20210218,5,96.0,90.0,100.0,120.0,102.0,0,-7.6,3.6,53.0,0.0,109.8,4,18,2,0.0,1.5
20210218,6,123.0,122.0,123.0,114.0,121.0,0,-7.6,3.7,53.0,0.0,109.8,4,18,2,0.0,1.5
20210218,7,112.0,125.0,138.0,157.0,133.0,1368,-7.5,2.5,54.0,0.0,109.8,4,18,2,2.571428571,1.5
20210218,8,166.0,153.0,150.0,177.0,162.0,197,-7.1,3.1,54.0,0.0,109.8,4,18,2,0.30495356,1.5
20210218,9,168.0,162.0,166.0,186.0,171.0,1493,-6.3,4.0,50.0,0.0,109.8,4,18,2,2.18914956,1.0
20210218,10,156.0,179.0,168.0,156.0,165.0,801,-5.3,3.9,48.0,0.0,109.8,4,18,2,1.215477997,1.0
20210218,11,165.0,185.0,182.0,177.0,177.0,772,-4.2,4.2,44.0,0.0,109.8,4,18,2,1.088857546,1.0
20210218,12,104.0,88.0,90.0,124.0,102.0,74,-3.0,3.5,40.0,0.0,109.8,4,18,2,0.18226601,1.0
20210218,13,170.0,180.0,176.0,171.0,174.0,768,-1.7,4.7,38.0,0.0,109.8,4,18,2,1.101865136,1.0
20210218,14,170.0,166.0,153.0,165.0,164.0,2874,-0.8,4.5,34.0,0.0,109.8,4,18,2,4.394495413,1.0
20210218,15,130.0,170.0,168.0,154.0,156.0,260,-0.2,4.0,31.0,0.0,109.8,4,18,2,0.418006431,1.0
20210218,16,156.0,161.0,174.0,156.0,162.0,703,0.0,4.1,31.0,0.0,109.8,4,18,2,1.086553323,1.0
20210218,17,140.0,133.0,153.0,164.0,148.0,1073,-0.1,3.7,33.0,0.0,109.8,4,18,2,1.818644068,1.0
20210218,18,154.0,146.0,150.0,151.0,150.0,1436,-0.8,2.6,36.0,0.0,109.8,4,18,2,2.389351082,1.5
20210218,19,139.0,138.0,142.0,131.0,138.0,3139,-1.2,2.7,41.0,0.0,109.8,4,18,2,5.707272727,1.5
20210218,20,119.0,124.0,114.0,112.0,117.0,0,-1.8,1.5,43.0,0.0,109.8,4,18,2,0.0,1.5
20210218,21,108.0,115.0,110.0,121.0,114.0,224,-3.2,0.6,48.0,0.0,109.8,4,18,2,0.49339207,1.5
20210218,22,117.0,115.0,116.0,108.0,114.0,124,-3.0,1.3,48.0,0.0,109.8,4,18,2,0.271929825,1.5
20210218,23,116.0,120.0,109.0,80.0,106.0,98,-3.0,2.4,51.0,0.0,109.8,4,18,2,0.230588235,1.5
20210219,0,70.0,67.0,65.0,65.0,67.0,132,-3.2,2.8,54.0,0.0,109.8,5,19,2,0.494382022,1.5
20210219,1,95.0,114.0,114.0,118.0,110.0,490,-3.5,1.7,55.0,0.0,109.8,5,19,2,1.111111111,1.5
20210219,2,119.0,116.0,111.0,114.0,115.0,244,-3.1,2.8,56.0,0.0,109.8,5,19,2,0.530434783,1.5
20210219,3,92.0,109.0,99.0,98.0,100.0,376,-2.6,2.7,53.0,0.0,109.8,5,19,2,0.944723618,1.5
20210219,4,105.0,108.0,114.0,110.0,109.0,251,-3.6,1.1,58.0,0.0,109.8,5,19,2,0.574370709,1.5
20210219,5,85.0,76.0,90.0,102.0,88.0,6,-3.6,1.4,58.0,0.0,109.8,5,19,2,0.016997167,1.5
20210219,6,109.0,105.0,103.0,94.0,103.0,123,-3.4,1.8,59.0,0.0,109.8,5,19,2,0.299270073,1.5
20210219,7,82.0,74.0,41.0,32.0,57.0,1902,-3.7,0.8,60.0,0.0,109.8,5,19,2,8.305676856,1.5
20210219,8,25.0,22.0,22.0,22.0,23.0,994,-1.6,2.3,50.0,0.0,109.8,5,19,2,10.92307692,1.5
20210219,9,22.0,22.0,22.0,22.0,22.0,800,1.0,1.6,41.0,0.0,109.8,5,19,2,9.090909091,1.0
20210219,10,22.0,22.0,22.0,22.0,22.0,4258,4.0,2.0,29.0,0.0,109.8,5,19,2,48.38636364,1.0
20210219,11,24.0,27.0,23.0,22.0,24.0,3369,4.6,2.7,30.0,0.0,109.8,5,19,2,35.09375,1.0
20210219,12,22.0,22.0,22.0,22.0,22.0,320,7.8,2.7,25.0,0.0,109.8,5,19,2,3.636363636,1.0
20210219,13,22.0,21.0,22.0,22.0,22.0,1334,9.3,1.8,30.0,0.0,109.8,5,19,2,15.33333333,1.0
20210219,14,22.0,23.0,27.0,26.0,25.0,503,10.5,2.8,31.0,0.0,109.8,5,19,2,5.132653061,1.0
20210219,15,22.0,22.0,23.0,22.0,22.0,184,11.6,2.5,27.0,0.0,109.8,5,19,2,2.06741573,1.0
20210219,16,22.0,22.0,22.0,22.0,22.0,1306,11.9,1.7,27.0,0.0,109.8,5,19,2,14.84090909,1.0
20210219,17,23.0,22.0,22.0,23.0,23.0,322,12.2,2.9,21.0,0.0,109.8,5,19,2,3.577777778,1.0
20210219,18,23.0,27.0,25.0,22.0,24.0,2370,10.7,3.9,25.0,0.0,109.8,5,19,2,24.43298969,1.5
20210219,19,22.0,22.0,22.0,22.0,22.0,931,9.0,4.1,32.0,0.0,109.8,5,19,2,10.57954545,1.5
20210219,20,22.0,22.0,22.0,22.0,22.0,62,7.9,3.0,36.0,0.0,109.8,5,19,2,0.704545455,1.5
20210219,21,22.0,22.0,23.0,27.0,24.0,124,8.1,4.2,44.0,0.0,109.8,5,19,2,1.319148936,1.5
20210219,22,25.0,23.0,22.0,22.0,23.0,330,7.2,2.7,49.0,0.0,109.8,5,19,2,3.586956522,1.5
20210219,23,22.0,22.0,22.0,22.0,22.0,55,6.5,1.9,53.0,0.0,109.8,5,19,2,0.625,1.5
20210220,0,71.0,64.0,65.0,65.0,66.0,304,7.2,1.8,52.0,0.0,109.8,6,20,2,1.147169811,1.5
20210220,1,97.0,106.0,111.0,110.0,106.0,174,8.0,2.9,46.0,0.0,109.8,6,20,2,0.410377358,1.5
20210220,2,107.0,100.0,98.0,111.0,104.0,241,7.7,2.8,50.0,0.0,109.8,6,20,2,0.579326923,1.5
20210220,3,95.0,112.0,112.0,107.0,107.0,162,7.8,4.2,55.0,0.0,109.8,6,20,2,0.38028169,1.5
20210220,4,105.0,108.0,113.0,109.0,109.0,81,8.1,5.6,59.0,0.0,109.8,6,20,2,0.186206897,1.5
20210220,5,80.0,73.0,97.0,110.0,90.0,18,8.1,4.6,62.0,0.0,109.8,6,20,2,0.05,1.5
20210220,6,104.0,96.0,106.0,103.0,102.0,70,8.3,5.0,66.0,0.0,109.8,6,20,2,0.171149144,1.5
20210220,7,92.0,90.0,68.0,32.0,71.0,1378,8.5,4.4,66.0,0.0,109.8,6,20,2,4.886524823,1.5
20210220,8,22.0,22.0,24.0,23.0,23.0,0,9.1,4.5,65.0,0.0,109.8,6,20,2,0.0,1.5
20210220,9,24.0,24.0,24.0,28.0,25.0,0,10.6,5.1,60.0,0.0,109.8,6,20,2,0.0,1.0
20210220,10,29.0,25.0,25.0,25.0,26.0,0,12.8,5.1,54.0,0.0,109.8,6,20,2,0.0,1.0
20210220,11,24.0,25.0,29.0,27.0,26.0,0,15.0,3.9,47.0,0.0,109.8,6,20,2,0.0,1.0
20210220,12,25.0,25.0,24.0,24.0,25.0,0,16.9,4.6,35.0,0.0,109.8,6,20,2,0.0,1.0
20210220,13,27.0,22.0,22.0,21.0,23.0,0,18.4,3.4,30.0,0.0,109.8,6,20,2,0.0,1.0
20210220,14,22.0,23.0,22.0,22.0,22.0,0,18.6,4.5,28.0,0.0,109.8,6,20,2,0.0,1.0
20210220,15,22.0,23.0,23.0,22.0,23.0,0,19.5,4.3,26.0,0.0,109.8,6,20,2,0.0,1.0
20210220,16,26.0,27.0,23.0,23.0,25.0,0,19.3,3.2,27.0,0.0,109.8,6,20,2,0.0,1.0
20210220,17,23.0,22.0,22.0,23.0,23.0,0,18.8,2.9,30.0,0.0,109.8,6,20,2,0.0,1.0
20210220,18,22.0,22.0,22.0,22.0,22.0,0,17.0,2.4,40.0,0.0,109.8,6,20,2,0.0,1.5
20210220,19,23.0,22.0,26.0,27.0,25.0,0,15.0,3.0,53.0,0.0,109.8,6,20,2,0.0,1.5
20210220,20,23.0,22.0,22.0,23.0,23.0,0,14.6,3.0,50.0,0.0,109.8,6,20,2,0.0,1.5
20210220,21,23.0,23.0,22.0,23.0,23.0,0,14.1,2.9,51.0,0.0,109.8,6,20,2,0.0,1.5
20210220,22,23.0,23.0,22.0,22.0,23.0,0,13.8,2.9,54.0,0.0,109.8,6,20,2,0.0,1.5
20210220,23,26.0,27.0,22.0,22.0,24.0,0,12.6,2.0,56.0,0.0,109.8,6,20,2,0.0,1.5
20210221,0,23.0,22.0,23.0,22.0,23.0,0,11.9,2.3,59.0,0.0,109.8,7,21,2,0.0,1.5
20210221,1,22.0,22.0,22.0,21.0,22.0,0,10.9,1.1,64.0,0.0,109.8,7,21,2,0.0,1.5
20210221,2,22.0,24.0,27.0,25.0,25.0,0,10.6,1.3,64.0,0.0,109.8,7,21,2,0.0,1.5
20210221,3,22.0,22.0,22.0,22.0,22.0,0,11.9,3.7,54.0,0.0,109.8,7,21,2,0.0,1.5
20210221,4,22.0,22.0,23.0,23.0,23.0,0,13.0,3.4,43.0,0.0,109.8,7,21,2,0.0,1.5
20210221,5,22.0,22.0,22.0,23.0,22.0,0,12.8,2.3,45.0,0.0,109.8,7,21,2,0.0,1.5
20210221,6,25.0,26.0,22.0,22.0,24.0,0,11.8,1.7,52.0,0.0,109.8,7,21,2,0.0,1.5
20210221,7,22.0,22.0,22.0,21.0,22.0,0,11.9,3.0,56.0,0.0,109.8,7,21,2,0.0,1.5
20210221,8,21.0,22.0,21.0,22.0,22.0,0,12.7,2.4,56.0,0.0,109.8,7,21,2,0.0,1.5
20210221,9,22.0,24.0,26.0,24.0,24.0,0,14.0,2.1,54.0,0.0,109.8,7,21,2,0.0,1.0
20210221,10,22.0,22.0,22.0,23.0,22.0,0,15.5,1.5,50.0,0.0,109.8,7,21,2,0.0,1.0
20210221,11,22.0,22.0,22.0,22.0,22.0,0,17.7,2.6,49.0,0.0,109.8,7,21,2,0.0,1.0
20210221,12,23.0,23.0,23.0,27.0,24.0,0,21.0,3.7,28.0,0.0,109.8,7,21,2,0.0,1.0
20210221,13,25.0,22.0,23.0,22.0,23.0,0,21.4,5.2,26.0,0.0,109.8,7,21,2,0.0,1.0
20210221,14,22.0,22.0,23.0,22.0,22.0,0,23.1,4.2,24.0,0.0,109.8,7,21,2,0.0,1.0
20210221,15,22.0,22.0,23.0,22.0,22.0,0,23.3,4.4,23.0,0.0,109.8,7,21,2,0.0,1.0
20210221,16,27.0,27.0,23.0,23.0,25.0,0,22.4,5.2,26.0,0.0,109.8,7,21,2,0.0,1.0
20210221,17,22.0,22.0,22.0,22.0,22.0,0,20.9,5.7,31.0,0.0,109.8,7,21,2,0.0,1.0
20210221,18,22.0,22.0,22.0,22.0,22.0,0,19.5,4.9,34.0,0.0,109.8,7,21,2,0.0,1.5
20210221,19,22.0,23.0,26.0,24.0,24.0,0,18.5,4.9,36.0,0.0,109.8,7,21,2,0.0,1.5
20210221,20,22.0,22.0,22.0,22.0,22.0,0,17.8,6.3,36.0,0.0,109.8,7,21,2,0.0,1.5
20210221,21,23.0,22.0,23.0,22.0,23.0,0,17.4,4.6,36.0,0.0,109.8,7,21,2,0.0,1.5
20210221,22,22.0,22.0,22.0,25.0,23.0,0,17.1,4.4,34.0,0.0,109.8,7,21,2,0.0,1.5
20210221,23,26.0,23.0,22.0,23.0,24.0,0,16.2,1.8,34.0,0.0,109.8,7,21,2,0.0,1.5
20210222,0,69.0,71.0,74.0,71.0,71.0,0,14.1,1.0,40.0,0.0,109.8,1,22,2,0.0,1.5
20210222,1,93.0,112.0,109.0,118.0,108.0,0,15.0,2.1,41.0,0.0,109.8,1,22,2,0.0,1.5
20210222,2,118.0,110.0,103.0,120.0,113.0,0,15.4,2.9,41.0,0.0,109.8,1,22,2,0.0,1.5
20210222,3,96.0,123.0,117.0,116.0,113.0,0,14.4,3.0,45.0,0.0,109.8,1,22,2,0.0,1.5
20210222,4,113.0,112.0,121.0,120.0,117.0,0,14.3,3.2,50.0,0.0,109.8,1,22,2,0.0,1.5
20210222,5,86.0,76.0,100.0,112.0,94.0,0,12.9,2.3,58.0,0.0,109.8,1,22,2,0.0,1.5
20210222,6,117.0,117.0,114.0,108.0,114.0,0,12.8,1.6,63.0,0.0,109.8,1,22,2,0.0,1.5
20210222,7,105.0,128.0,162.0,159.0,139.0,0,12.4,2.4,70.0,0.0,109.8,1,22,2,0.0,1.5
20210222,8,165.0,167.0,174.0,178.0,171.0,820,13.5,3.4,74.0,0.0,109.8,1,22,2,1.198830409,1.5
20210222,9,170.0,176.0,160.0,160.0,167.0,976,15.3,2.8,71.0,0.0,109.8,1,22,2,1.465465465,1.0
20210222,10,140.0,175.0,189.0,185.0,172.0,873,16.9,3.9,58.0,0.0,109.8,1,22,2,1.267053701,1.0
20210222,11,169.0,172.0,180.0,168.0,172.0,2168,19.0,3.5,45.0,0.0,109.8,1,22,2,3.14658926,1.0
20210222,12,116.0,104.0,101.0,122.0,111.0,84,20.6,4.4,41.0,0.0,109.8,1,22,2,0.189616253,1.0
20210222,13,156.0,155.0,168.0,186.0,166.0,773,22.2,3.5,35.0,0.0,109.8,1,22,2,1.162406015,1.0
20210222,14,172.0,151.0,140.0,163.0,157.0,1146,23.6,2.5,31.0,0.0,109.8,1,22,2,1.830670927,1.0
20210222,15,125.0,171.0,168.0,161.0,156.0,1275,23.1,3.9,31.0,0.0,109.8,1,22,2,2.04,1.0
20210222,16,148.0,175.0,162.0,154.0,160.0,5650,23.0,2.2,32.0,0.0,109.8,1,22,2,8.841940532,1.0
20210222,17,104.0,87.0,129.0,159.0,120.0,354,21.7,3.4,33.0,0.0,109.8,1,22,2,0.739039666,1.0
20210222,18,164.0,150.0,147.0,149.0,153.0,1115,19.4,2.9,30.0,0.0,109.8,1,22,2,1.827868852,1.5
20210222,19,153.0,142.0,174.0,154.0,156.0,4364,18.4,2.7,23.0,0.0,109.8,1,22,2,7.004815409,1.5
20210222,20,133.0,134.0,129.0,134.0,133.0,1,17.6,3.7,18.0,0.0,109.8,1,22,2,0.001886792,1.5
20210222,21,123.0,128.0,128.0,123.0,126.0,256,15.5,4.2,12.0,0.0,109.8,1,22,2,0.509960159,1.5
20210222,22,98.0,122.0,118.0,116.0,114.0,214,13.4,3.2,12.0,0.0,109.8,1,22,2,0.471365639,1.5
20210222,23,131.0,120.0,114.0,88.0,113.0,204,12.1,2.4,11.0,0.0,109.8,1,22,2,0.450331126,1.5
20210223,0,70.0,69.0,69.0,68.0,69.0,148,10.5,1.3,15.0,0.0,109.8,2,23,2,0.536231884,1.5
20210223,1,97.0,105.0,102.0,106.0,103.0,66,9.2,3.1,15.0,0.0,109.8,2,23,2,0.16097561,1.5
20210223,2,119.0,123.0,123.0,113.0,120.0,222,7.3,4.1,20.0,0.0,109.8,2,23,2,0.464435146,1.5
20210223,3,92.0,99.0,108.0,113.0,103.0,140,5.9,3.6,20.0,0.0,109.8,2,23,2,0.339805825,1.5
20210223,4,116.0,111.0,109.0,111.0,112.0,68,4.8,2.1,23.0,0.0,109.8,2,23,2,0.15212528,1.5
20210223,5,86.0,72.0,98.0,125.0,95.0,149,4.3,3.4,25.0,0.0,109.8,2,23,2,0.391076115,1.5
20210223,6,125.0,115.0,108.0,119.0,117.0,342,3.0,2.2,30.0,0.0,109.8,2,23,2,0.732334047,1.5
20210223,7,120.0,134.0,158.0,149.0,140.0,693,2.0,3.1,34.0,0.0,109.8,2,23,2,1.235294118,1.5
20210223,8,151.0,174.0,165.0,160.0,163.0,1560,2.3,2.8,35.0,0.0,109.8,2,23,2,2.4,1.5
20210223,9,162.0,160.0,161.0,156.0,160.0,727,3.7,3.0,31.0,0.0,109.8,2,23,2,1.13771518,1.0
20210223,10,127.0,149.0,156.0,160.0,148.0,1757,4.8,3.6,27.0,0.0,109.8,2,23,2,2.967905405,1.0
20210223,11,166.0,152.0,152.0,153.0,156.0,806,7.6,3.0,21.0,0.0,109.8,2,23,2,1.293739968,1.0
20210223,12,97.0,85.0,86.0,104.0,93.0,436,7.6,2.7,18.0,0.0,109.8,2,23,2,1.172043011,1.0
20210223,13,153.0,149.0,150.0,161.0,153.0,1468,9.2,3.3,14.0,0.0,109.8,2,23,2,2.394779772,1.0
20210223,14,149.0,146.0,156.0,153.0,151.0,2610,11.1,2.2,12.0,0.0,109.8,2,23,2,4.321192053,1.0
20210223,15,132.0,165.0,161.0,142.0,150.0,458,12.0,2.0,11.0,0.0,109.8,2,23,2,0.763333333,1.0
20210223,16,142.0,165.0,168.0,163.0,160.0,3119,11.3,2.6,31.0,0.0,109.8,2,23,2,4.888714734,1.0
20210223,17,102.0,98.0,142.0,170.0,128.0,747,8.9,2.3,41.0,0.0,109.8,2,23,2,1.458984375,1.0
20210223,18,166.0,161.0,161.0,158.0,162.0,1410,7.7,3.0,48.0,0.0,109.8,2,23,2,2.182662539,1.5
20210223,19,146.0,141.0,143.0,117.0,137.0,2750,6.8,1.3,54.0,0.0,109.8,2,23,2,5.027422303,1.5
20210223,20,126.0,123.0,125.0,136.0,128.0,150,6.1,1.6,56.0,0.0,109.8,2,23,2,0.294117647,1.5
20210223,21,126.0,124.0,127.0,126.0,126.0,108,5.3,1.6,57.0,0.0,109.8,2,23,2,0.21471173,1.5
20210223,22,91.0,120.0,123.0,122.0,114.0,98,5.2,2.4,57.0,0.0,109.8,2,23,2,0.214912281,1.5
20210223,23,103.0,120.0,116.0,101.0,110.0,17,4.4,3.1,45.0,0.0,109.8,2,23,2,0.038636364,1.5
20210224,0,73.0,70.0,69.0,69.0,70.0,0,4.2,3.1,41.0,0.0,109.8,3,24,2,0.0,1.5
20210224,1,98.0,106.0,119.0,121.0,111.0,10,3.7,2.6,32.0,0.0,109.8,3,24,2,0.022522523,1.5
20210224,2,126.0,120.0,113.0,113.0,118.0,207,3.4,3.0,27.0,0.0,109.8,3,24,2,0.438559322,1.5
20210224,3,106.0,117.0,121.0,123.0,117.0,30,3.4,3.2,24.0,0.0,109.8,3,24,2,0.064239829,1.5
20210224,4,118.0,114.0,121.0,112.0,116.0,506,3.1,3.6,24.0,0.0,109.8,3,24,2,1.088172043,1.5
20210224,5,99.0,83.0,106.0,116.0,101.0,112,2.9,2.7,24.0,0.0,109.8,3,24,2,0.277227723,1.5
20210224,6,124.0,122.0,112.0,113.0,118.0,336,2.8,3.3,24.0,0.0,109.8,3,24,2,0.713375796,1.5
20210224,7,120.0,136.0,169.0,172.0,149.0,1196,2.8,2.6,25.0,0.0,109.8,3,24,2,2.003350084,1.5
20210224,8,171.0,188.0,185.0,184.0,182.0,711,3.1,1.7,26.0,0.0,109.8,3,24,2,0.976648352,1.5
20210224,9,154.0,165.0,172.0,156.0,162.0,680,4.3,2.2,30.0,0.0,109.8,3,24,2,1.051004637,1.0
20210224,10,123.0,154.0,168.0,171.0,154.0,1431,7.2,1.6,43.0,0.0,109.8,3,24,2,2.323051948,1.0
20210224,11,163.0,165.0,170.0,156.0,164.0,755,8.8,1.3,43.0,0.0,109.8,3,24,2,1.154434251,1.0
20210224,12,113.0,93.0,99.0,116.0,105.0,24,9.4,2.6,52.0,0.0,109.8,3,24,2,0.057007126,1.0
20210224,13,147.0,163.0,182.0,190.0,171.0,1761,9.3,2.9,63.0,0.0,109.8,3,24,2,2.582111437,1.0
20210224,14,175.0,169.0,151.0,158.0,163.0,814,8.7,3.4,66.0,0.0,109.8,3,24,2,1.246554364,1.0
20210224,15,114.0,141.0,166.0,180.0,150.0,678,8.5,4.1,66.0,0.0,109.8,3,24,2,1.1281198,1.0
20210224,16,163.0,157.0,165.0,164.0,162.0,1841,8.1,2.8,64.0,0.0,109.8,3,24,2,2.836671803,1.0
20210224,17,123.0,107.0,145.0,164.0,135.0,585,7.6,2.3,65.0,0.0,109.8,3,24,2,1.085343228,1.0
20210224,18,152.0,146.0,142.0,159.0,150.0,734,7.5,2.6,67.0,0.0,109.8,3,24,2,1.225375626,1.5
20210224,19,160.0,154.0,168.0,155.0,159.0,2359,7.0,1.0,69.0,0.0,109.8,3,24,2,3.703296703,1.5
20210224,20,128.0,131.0,141.0,142.0,136.0,4,7.0,2.0,69.0,0.0,109.8,3,24,2,0.007380074,1.5
20210224,21,140.0,142.0,122.0,120.0,131.0,1,6.9,1.1,69.0,0.0,109.8,3,24,2,0.001908397,1.5
20210224,22,104.0,124.0,122.0,135.0,121.0,200,6.6,0.6,70.0,0.0,109.8,3,24,2,0.412371134,1.5
20210224,23,129.0,122.0,119.0,89.0,115.0,4,5.8,1.3,73.0,0.0,109.8,3,24,2,0.008714597,1.5
20210225,0,74.0,70.0,70.0,70.0,71.0,0,4.8,0.6,78.0,0.0,109.8,4,25,2,0.0,1.5
20210225,1,104.0,123.0,128.0,121.0,119.0,21,5.1,1.2,78.0,0.0,109.8,4,25,2,0.044117647,1.5
20210225,2,125.0,126.0,102.0,115.0,117.0,47,4.1,1.4,82.0,0.0,109.8,4,25,2,0.10042735,1.5
20210225,3,98.0,124.0,127.0,128.0,119.0,0,4.0,1.1,83.0,0.0,109.8,4,25,2,0.0,1.5
20210225,4,116.0,116.0,122.0,119.0,118.0,122,3.5,1.4,86.0,0.0,109.8,4,25,2,0.257928118,1.5
20210225,5,105.0,93.0,112.0,114.0,106.0,840,3.4,0.8,87.0,0.0,109.8,4,25,2,1.981132075,1.5
20210225,6,108.0,107.0,120.0,122.0,114.0,0,3.4,1.2,88.0,0.0,109.8,4,25,2,0.0,1.5
20210225,7,122.0,124.0,152.0,142.0,135.0,1838,2.4,0.4,90.0,0.0,109.8,4,25,2,3.403703704,1.5
20210225,8,135.0,154.0,166.0,168.0,156.0,598,3.8,0.4,86.0,0.0,109.8,4,25,2,0.959871589,1.5
20210225,9,162.0,170.0,178.0,169.0,170.0,1265,6.9,0.3,77.0,0.0,109.8,4,25,2,1.863033873,1.0
20210225,10,151.0,176.0,178.0,182.0,172.0,1117,10.1,0.9,64.0,0.0,109.8,4,25,2,1.625909753,1.0
20210225,11,184.0,177.0,177.0,183.0,180.0,3784,10.1,0.9,60.0,0.0,109.8,4,25,2,5.248266297,1.0
20210225,12,136.0,112.0,105.0,134.0,122.0,144,10.5,0.7,57.0,0.0,109.8,4,25,2,0.295687885,1.0
20210225,13,185.0,184.0,174.0,174.0,179.0,1573,10.4,1.2,58.0,0.0,109.8,4,25,2,2.193863319,1.0
20210225,14,184.0,177.0,169.0,178.0,177.0,887,10.9,1.9,57.0,0.0,109.8,4,25,2,1.252824859,1.0
20210225,15,152.0,182.0,186.0,178.0,175.0,599,11.4,1.6,54.0,0.0,109.8,4,25,2,0.858166189,1.0
20210225,16,165.0,155.0,169.0,176.0,166.0,1763,10.7,2.1,54.0,0.0,109.8,4,25,2,2.65112782,1.0
20210225,17,126.0,104.0,154.0,180.0,141.0,1389,9.4,2.7,65.0,0.0,109.8,4,25,2,2.462765957,1.0
20210225,18,164.0,148.0,130.0,124.0,142.0,2192,7.4,2.3,85.0,0.2,109.8,4,25,2,3.872791519,1.5
20210225,19,127.0,111.0,107.0,96.0,110.0,967,6.6,2.4,98.0,1.6,109.8,4,25,2,2.192743764,1.5
20210225,20,100.0,109.0,111.0,115.0,109.0,124,6.4,2.1,98.0,2.9,109.8,4,25,2,0.285057471,1.5
20210225,21,121.0,118.0,118.0,108.0,116.0,156,6.4,1.0,98.0,3.3,109.8,4,25,2,0.335483871,1.5
20210225,22,108.0,116.0,136.0,132.0,123.0,113,6.4,1.4,98.0,3.6,109.8,4,25,2,0.229674797,1.5
20210225,23,122.0,107.0,94.0,84.0,102.0,32,6.5,2.2,98.0,3.8,109.8,4,25,2,0.078624079,1.5
20210226,0,71.0,71.0,71.0,71.0,71.0,128,6.5,2.1,98.0,3.8,109.8,5,26,2,0.450704225,1.5
20210226,1,103.0,124.0,124.0,112.0,116.0,97,6.5,2.8,98.0,0.1,109.8,5,26,2,0.20950324,1.5
20210226,2,107.0,103.0,109.0,125.0,111.0,292,6.5,2.1,98.0,0.4,109.8,5,26,2,0.657657658,1.5
20210226,3,104.0,113.0,113.0,107.0,109.0,18,7.0,1.4,98.0,0.5,109.8,5,26,2,0.041189931,1.5
20210226,4,120.0,131.0,124.0,126.0,125.0,234,7.1,1.4,98.0,1.1,109.8,5,26,2,0.467065868,1.5
20210226,5,96.0,79.0,101.0,113.0,97.0,1,7.4,1.6,91.0,1.8,109.8,5,26,2,0.002570694,1.5
20210226,6,119.0,127.0,119.0,107.0,118.0,461,7.4,1.8,83.0,1.9,109.8,5,26,2,0.976694915,1.5
20210226,7,95.0,94.0,64.0,30.0,71.0,869,7.2,1.6,96.0,2.3,109.8,5,26,2,3.070671378,1.5
20210226,8,24.0,23.0,23.0,23.0,23.0,1037,7.4,2.0,96.0,2.6,109.8,5,26,2,11.15053763,1.5
20210226,9,23.0,23.0,23.0,23.0,23.0,761,8.4,3.7,88.0,3.0,109.8,5,26,2,8.27173913,1.0
20210226,10,23.0,25.0,28.0,27.0,26.0,474,9.5,4.2,74.0,3.4,109.8,5,26,2,4.601941748,1.0
20210226,11,23.0,24.0,24.0,24.0,24.0,2107,9.9,3.9,62.0,3.4,109.8,5,26,2,22.17894737,1.0
20210226,12,23.0,24.0,24.0,24.0,24.0,0,10.6,4.1,57.0,3.4,109.8,5,26,2,0.0,1.0
20210226,13,23.0,23.0,27.0,28.0,25.0,1298,10.1,3.6,56.0,3.4,109.8,5,26,2,12.85148515,1.0
20210226,14,25.0,23.0,23.0,24.0,24.0,626,10.6,3.1,57.0,3.4,109.8,5,26,2,6.589473684,1.0
20210226,15,23.0,23.0,23.0,24.0,23.0,307,10.0,4.1,56.0,3.4,109.8,5,26,2,3.301075269,1.0
20210226,16,23.0,23.0,23.0,24.0,23.0,2479,10.4,3.4,54.0,3.4,109.8,5,26,2,26.65591398,1.0
20210226,17,28.0,28.0,23.0,24.0,26.0,2440,10.1,3.7,58.0,3.4,109.8,5,26,2,23.68932039,1.0
20210226,18,24.0,24.0,23.0,24.0,24.0,1889,9.5,3.0,58.0,3.4,109.8,5,26,2,19.88421053,1.5
20210226,19,24.0,23.0,24.0,24.0,24.0,883,9.3,4.2,58.0,3.4,109.8,5,26,2,9.294736842,1.5
20210226,20,24.0,28.0,25.0,23.0,25.0,58,9.0,3.5,60.0,3.4,109.8,5,26,2,0.58,1.5
20210226,21,23.0,24.0,23.0,24.0,24.0,132,8.7,3.0,62.0,3.4,109.8,5,26,2,1.404255319,1.5
20210226,22,24.0,24.0,23.0,24.0,24.0,139,8.6,3.1,63.0,3.4,109.8,5,26,2,1.463157895,1.5
20210226,23,23.0,24.0,28.0,27.0,26.0,206,8.4,3.1,63.0,3.4,109.8,5,26,2,2.019607843,1.5
20210227,0,71.0,64.0,65.0,65.0,66.0,100,8.4,3.8,63.0,3.4,109.8,6,27,2,0.377358491,1.5
20210227,1,97.0,106.0,111.0,110.0,106.0,28,8.1,3.2,64.0,0.0,109.8,6,27,2,0.066037736,1.5
20210227,2,107.0,100.0,98.0,111.0,104.0,2,7.8,3.3,62.0,0.0,109.8,6,27,2,0.004807692,1.5
20210227,3,95.0,112.0,112.0,107.0,107.0,98,7.8,3.6,59.0,0.0,109.8,6,27,2,0.230046948,1.5
20210227,4,105.0,108.0,113.0,109.0,109.0,114,7.5,2.9,62.0,0.0,109.8,6,27,2,0.262068966,1.5
20210227,5,80.0,73.0,97.0,110.0,90.0,48,7.3,2.9,62.0,0.0,109.8,6,27,2,0.133333333,1.5
20210227,6,104.0,96.0,106.0,103.0,102.0,30,7.4,3.4,62.0,0.0,109.8,6,27,2,0.073349633,1.5
20210227,7,92.0,90.0,68.0,32.0,71.0,1939,7.3,3.3,61.0,0.0,109.8,6,27,2,6.875886525,1.5
20210227,8,22.0,22.0,24.0,23.0,23.0,6,7.1,3.4,62.0,0.0,109.8,6,27,2,0.065934066,1.5
20210227,9,24.0,24.0,24.0,28.0,25.0,0,7.1,3.8,60.0,0.0,109.8,6,27,2,0.0,1.0
20210227,10,29.0,25.0,25.0,25.0,26.0,0,7.1,3.2,61.0,0.0,109.8,6,27,2,0.0,1.0
20210227,11,24.0,25.0,29.0,27.0,26.0,0,7.2,3.6,60.0,0.0,109.8,6,27,2,0.0,1.0
20210227,12,25.0,25.0,24.0,24.0,25.0,0,7.6,3.2,61.0,0.0,109.8,6,27,2,0.0,1.0
20210227,13,27.0,22.0,22.0,21.0,23.0,0,7.2,4.1,61.0,0.0,109.8,6,27,2,0.0,1.0
20210227,14,22.0,23.0,22.0,22.0,22.0,0,7.3,4.5,57.0,0.0,109.8,6,27,2,0.0,1.0
20210227,15,22.0,23.0,23.0,22.0,23.0,0,8.1,2.6,55.0,0.0,109.8,6,27,2,0.0,1.0
20210227,16,26.0,27.0,23.0,23.0,25.0,0,7.2,3.0,60.0,0.0,109.8,6,27,2,0.0,1.0
20210227,17,23.0,22.0,22.0,23.0,23.0,0,6.8,3.2,62.0,0.0,109.8,6,27,2,0.0,1.0
20210227,18,22.0,22.0,22.0,22.0,22.0,0,6.4,3.6,63.0,0.0,109.8,6,27,2,0.0,1.5
20210227,19,23.0,22.0,26.0,27.0,25.0,0,6.4,2.9,65.0,0.0,109.8,6,27,2,0.0,1.5
20210227,20,23.0,22.0,22.0,23.0,23.0,0,6.1,3.4,67.0,0.0,109.8,6,27,2,0.0,1.5
20210227,21,23.0,23.0,22.0,23.0,23.0,0,6.0,2.1,69.0,0.0,109.8,6,27,2,0.0,1.5
20210227,22,23.0,23.0,22.0,22.0,23.0,0,5.9,2.2,69.0,0.0,109.8,6,27,2,0.0,1.5
20210227,23,26.0,27.0,22.0,22.0,24.0,0,5.9,2.5,71.0,0.0,109.8,6,27,2,0.0,1.5
20210228,0,23.0,22.0,23.0,22.0,23.0,0,5.8,2.1,71.0,0.0,109.8,7,28,2,0.0,1.5
20210228,1,22.0,22.0,22.0,21.0,22.0,0,5.5,2.8,75.0,0.0,109.8,7,28,2,0.0,1.5
20210228,2,22.0,24.0,27.0,25.0,25.0,0,5.3,1.9,76.0,0.0,109.8,7,28,2,0.0,1.5
20210228,3,22.0,22.0,22.0,22.0,22.0,0,5.0,1.9,77.0,0.0,109.8,7,28,2,0.0,1.5
20210228,4,22.0,22.0,23.0,23.0,23.0,0,5.4,2.1,78.0,0.0,109.8,7,28,2,0.0,1.5
20210228,5,22.0,22.0,22.0,23.0,22.0,0,5.9,2.1,77.0,0.0,109.8,7,28,2,0.0,1.5
20210228,6,25.0,26.0,22.0,22.0,24.0,0,5.5,1.6,79.0,0.0,109.8,7,28,2,0.0,1.5
20210228,7,22.0,22.0,22.0,21.0,22.0,0,4.6,1.6,84.0,0.0,109.8,7,28,2,0.0,1.5
20210228,8,21.0,22.0,21.0,22.0,22.0,0,4.4,1.3,90.0,0.0,109.8,7,28,2,0.0,1.5
20210228,9,22.0,24.0,26.0,24.0,24.0,0,6.3,1.0,84.0,0.0,109.8,7,28,2,0.0,1.0
20210228,10,22.0,22.0,22.0,23.0,22.0,0,10.0,1.2,71.0,0.0,109.8,7,28,2,0.0,1.0
20210228,11,22.0,22.0,22.0,22.0,22.0,0,10.6,1.1,70.0,0.0,109.8,7,28,2,0.0,1.0
20210228,12,23.0,23.0,23.0,27.0,24.0,0,11.2,1.2,67.0,0.0,109.8,7,28,2,0.0,1.0
20210228,13,25.0,22.0,23.0,22.0,23.0,0,12.5,1.9,63.0,0.0,109.8,7,28,2,0.0,1.0
20210228,14,22.0,22.0,23.0,22.0,22.0,0,14.1,2.4,61.0,0.0,109.8,7,28,2,0.0,1.0
20210228,15,22.0,22.0,23.0,22.0,22.0,0,13.9,2.1,63.0,0.0,109.8,7,28,2,0.0,1.0
20210228,16,27.0,27.0,23.0,23.0,25.0,0,13.4,2.9,65.0,0.0,109.8,7,28,2,0.0,1.0
20210228,17,22.0,22.0,22.0,22.0,22.0,0,12.9,1.6,71.0,0.0,109.8,7,28,2,0.0,1.0
20210228,18,22.0,22.0,22.0,22.0,22.0,0,12.9,0.9,76.0,0.0,109.8,7,28,2,0.0,1.5
20210228,19,22.0,23.0,26.0,24.0,24.0,0,12.3,1.0,80.0,0.0,109.8,7,28,2,0.0,1.5
20210228,20,22.0,22.0,22.0,22.0,22.0,0,11.9,0.2,84.0,0.0,109.8,7,28,2,0.0,1.5
20210228,21,23.0,22.0,23.0,22.0,23.0,0,11.5,0.6,84.0,0.0,109.8,7,28,2,0.0,1.5
20210228,22,22.0,22.0,22.0,25.0,23.0,0,11.8,1.7,84.0,0.0,109.8,7,28,2,0.0,1.5
20210228,23,26.0,23.0,22.0,23.0,24.0,0,11.1,2.0,87.0,0.0,109.8,7,28,2,0.0,1.5
20210301,0,62.0,61.0,61.0,61.0,61.0,0,11.1,0.7,88.0,0.0,167.2,1,1,3,0.0,1.5
20210301,1,89.0,94.0,106.0,105.0,99.0,0,11.2,2.1,88.0,0.0,167.2,1,1,3,0.0,1.5
20210301,2,102.0,99.0,107.0,106.0,104.0,0,10.4,0.0,90.0,0.0,167.2,1,1,3,0.0,1.5
20210301,3,98.0,104.0,101.0,107.0,103.0,0,10.7,0.4,91.0,0.0,167.2,1,1,3,0.0,1.5
20210301,4,107.0,106.0,106.0,100.0,105.0,0,10.6,0.5,94.0,0.0,167.2,1,1,3,0.0,1.5
20210301,5,84.0,78.0,93.0,103.0,90.0,0,11.8,1.4,95.0,0.0,167.2,1,1,3,0.0,1.5
20210301,6,116.0,106.0,106.0,106.0,109.0,0,11.4,0.7,97.0,0.0,167.2,1,1,3,0.0,1.5
20210301,7,101.0,109.0,139.0,139.0,122.0,0,11.5,0.8,98.0,0.0,167.2,1,1,3,0.0,1.5
20210301,8,165.0,178.0,179.0,195.0,179.0,0,13.1,2.4,96.0,0.0,167.2,1,1,3,0.0,1.5
20210301,9,175.0,167.0,168.0,182.0,173.0,0,14.2,2.7,91.0,0.0,167.2,1,1,3,0.0,1.0
20210301,10,134.0,183.0,178.0,187.0,171.0,0,14.4,1.3,88.0,0.0,167.2,1,1,3,0.0,1.0
20210301,11,184.0,180.0,177.0,156.0,174.0,0,14.8,3.1,88.0,0.0,167.2,1,1,3,0.0,1.0
20210301,12,93.0,80.0,80.0,121.0,94.0,0,14.9,3.5,86.0,0.1,167.2,1,1,3,0.0,1.0
20210301,13,163.0,175.0,177.0,163.0,170.0,0,15.8,3.7,83.0,0.1,167.2,1,1,3,0.0,1.0
20210301,14,167.0,167.0,163.0,161.0,165.0,0,15.4,4.8,88.0,0.2,167.2,1,1,3,0.0,1.0
20210301,15,130.0,156.0,159.0,162.0,152.0,0,14.4,4.5,98.0,1.5,167.2,1,1,3,0.0,1.0
20210301,16,167.0,151.0,161.0,169.0,162.0,0,14.7,4.3,98.0,3.5,167.2,1,1,3,0.0,1.0
20210301,17,107.0,95.0,137.0,155.0,124.0,0,15.3,4.5,98.0,4.8,167.2,1,1,3,0.0,1.0
20210301,18,161.0,139.0,143.0,143.0,147.0,0,15.5,4.6,98.0,7.1,167.2,1,1,3,0.0,1.5
20210301,19,140.0,141.0,158.0,135.0,144.0,0,10.0,3.1,98.0,14.9,167.2,1,1,3,0.0,1.5
20210301,20,124.0,123.0,116.0,120.0,121.0,0,5.8,4.1,98.0,35.1,167.2,1,1,3,0.0,1.5
20210301,21,128.0,124.0,117.0,115.0,121.0,0,5.1,3.3,98.0,44.6,167.2,1,1,3,0.0,1.5
20210301,22,97.0,113.0,101.0,112.0,106.0,0,4.7,2.7,98.0,50.8,167.2,1,1,3,0.0,1.5
20210301,23,110.0,106.0,107.0,71.0,99.0,0,4.3,3.6,98.0,56.3,167.2,1,1,3,0.0,1.5
20210302,0,63.0,62.0,62.0,62.0,62.0,0,4.2,2.9,98.0,60.3,167.2,2,2,3,0.0,1.5
20210302,1,90.0,101.0,106.0,111.0,102.0,0,3.5,3.9,97.0,2.5,167.2,2,2,3,0.0,1.5
20210302,2,107.0,105.0,113.0,110.0,109.0,0,1.8,3.7,98.0,4.7,167.2,2,2,3,0.0,1.5
20210302,3,89.0,108.0,110.0,107.0,104.0,0,1.4,3.1,98.0,5.5,167.2,2,2,3,0.0,1.5
20210302,4,107.0,100.0,99.0,93.0,100.0,0,1.7,4.1,98.0,6.3,167.2,2,2,3,0.0,1.5
20210302,5,70.0,67.0,95.0,106.0,85.0,0,2.1,4.5,97.0,6.4,167.2,2,2,3,0.0,1.5
20210302,6,116.0,99.0,96.0,99.0,103.0,0,2.0,3.8,94.0,6.4,167.2,2,2,3,0.0,1.5
20210302,7,109.0,119.0,149.0,151.0,132.0,25,2.4,3.7,85.0,6.4,167.2,2,2,3,0.047348485,1.5
20210302,8,167.0,173.0,172.0,177.0,172.0,375,2.5,3.3,84.0,6.4,167.2,2,2,3,0.544267054,1.5
20210302,9,169.0,180.0,179.0,178.0,177.0,660,2.8,3.4,83.0,6.4,167.2,2,2,3,0.934844193,1.0
20210302,10,133.0,177.0,191.0,190.0,173.0,527,3.1,3.7,78.0,6.4,167.2,2,2,3,0.762662808,1.0
20210302,11,185.0,163.0,162.0,160.0,168.0,703,3.4,3.7,80.0,6.4,167.2,2,2,3,1.049253731,1.0
20210302,12,103.0,86.0,91.0,131.0,103.0,305,4.2,4.1,76.0,6.4,167.2,2,2,3,0.742092457,1.0
20210302,13,177.0,189.0,179.0,182.0,182.0,869,4.3,4.0,73.0,6.4,167.2,2,2,3,1.195323246,1.0
20210302,14,175.0,174.0,180.0,179.0,177.0,884,4.5,4.3,64.0,6.4,167.2,2,2,3,1.248587571,1.0
20210302,15,152.0,166.0,157.0,147.0,156.0,1629,3.8,2.8,71.0,6.4,167.2,2,2,3,2.618971061,1.0
20210302,16,159.0,172.0,171.0,166.0,167.0,8835,3.7,2.9,76.0,6.4,167.2,2,2,3,13.2260479,1.0
20210302,17,130.0,114.0,143.0,158.0,136.0,795,3.6,2.8,75.0,6.4,167.2,2,2,3,1.458715596,1.0
20210302,18,154.0,153.0,154.0,145.0,152.0,338,3.2,2.8,79.0,6.4,167.2,2,2,3,0.557755776,1.5
20210302,19,142.0,135.0,122.0,111.0,128.0,1898,3.1,2.7,79.0,6.4,167.2,2,2,3,3.721568627,1.5
20210302,20,104.0,118.0,114.0,114.0,113.0,64,2.9,1.7,79.0,6.4,167.2,2,2,3,0.142222222,1.5
20210302,21,108.0,110.0,114.0,113.0,111.0,67,2.1,2.4,82.0,6.4,167.2,2,2,3,0.150561798,1.5
20210302,22,92.0,106.0,100.0,104.0,101.0,98,1.9,1.8,84.0,6.4,167.2,2,2,3,0.243781095,1.5
20210302,23,109.0,108.0,95.0,72.0,96.0,195,1.0,1.2,88.0,6.4,167.2,2,2,3,0.5078125,1.5
20210303,0,69.0,65.0,64.0,66.0,66.0,56,0.8,2.2,89.0,6.4,167.2,3,3,3,0.212121212,1.5
20210303,1,90.0,104.0,115.0,111.0,105.0,436,0.7,1.4,89.0,0.0,167.2,3,3,3,1.038095238,1.5
20210303,2,113.0,113.0,115.0,109.0,113.0,56,0.7,2.0,88.0,0.0,167.2,3,3,3,0.124444444,1.5
20210303,3,99.0,105.0,107.0,110.0,105.0,30,0.9,2.3,86.0,0.0,167.2,3,3,3,0.071258907,1.5
20210303,4,109.0,108.0,102.0,104.0,106.0,26,0.6,2.2,86.0,0.0,167.2,3,3,3,0.061465721,1.5
20210303,5,82.0,77.0,99.0,107.0,91.0,430,0.3,1.7,86.0,0.0,167.2,3,3,3,1.178082192,1.5
20210303,6,118.0,113.0,109.0,108.0,112.0,98,-0.4,0.8,92.0,0.0,167.2,3,3,3,0.21875,1.5
20210303,7,106.0,119.0,140.0,149.0,129.0,1251,-0.5,2.4,92.0,0.0,167.2,3,3,3,2.43385214,1.5
20210303,8,159.0,181.0,174.0,167.0,170.0,321,0.9,1.5,90.0,0.0,167.2,3,3,3,0.471365639,1.5
20210303,9,170.0,169.0,171.0,169.0,170.0,1038,3.6,1.2,79.0,0.0,167.2,3,3,3,1.528718704,1.0
20210303,10,132.0,156.0,164.0,170.0,156.0,697,6.0,1.0,65.0,0.0,167.2,3,3,3,1.120578778,1.0
20210303,11,172.0,153.0,163.0,160.0,162.0,1264,7.3,1.2,56.0,0.0,167.2,3,3,3,1.950617284,1.0
20210303,12,106.0,89.0,90.0,121.0,102.0,333,7.9,1.8,48.0,0.0,167.2,3,3,3,0.820197044,1.0
20210303,13,152.0,156.0,165.0,159.0,158.0,654,8.1,2.3,51.0,0.0,167.2,3,3,3,1.034810127,1.0
20210303,14,158.0,156.0,158.0,163.0,159.0,2720,8.2,2.6,51.0,0.0,167.2,3,3,3,4.283464567,1.0
20210303,15,135.0,153.0,156.0,161.0,151.0,365,9.0,2.8,52.0,0.0,167.2,3,3,3,0.603305785,1.0
20210303,16,156.0,162.0,163.0,159.0,160.0,2492,8.7,2.7,52.0,0.0,167.2,3,3,3,3.89375,1.0
20210303,17,128.0,113.0,137.0,151.0,132.0,1141,7.6,2.5,55.0,0.0,167.2,3,3,3,2.156899811,1.0
20210303,18,150.0,145.0,123.0,110.0,132.0,184,7.0,2.5,58.0,0.0,167.2,3,3,3,0.348484848,1.5
20210303,19,112.0,119.0,117.0,111.0,115.0,3330,6.7,1.1,62.0,0.0,167.2,3,3,3,7.254901961,1.5
20210303,20,108.0,125.0,130.0,126.0,122.0,190,6.1,0.6,65.0,0.0,167.2,3,3,3,0.388548057,1.5
20210303,21,132.0,123.0,120.0,116.0,123.0,72,5.5,0.9,69.0,0.0,167.2,3,3,3,0.146639511,1.5
20210303,22,106.0,111.0,116.0,118.0,113.0,36,5.0,0.1,73.0,0.0,167.2,3,3,3,0.079822616,1.5
20210303,23,114.0,114.0,109.0,81.0,105.0,0,5.2,1.4,70.0,0.0,167.2,3,3,3,0.0,1.5
20210304,0,72.0,67.0,66.0,66.0,68.0,508,4.4,0.8,75.0,0.0,167.2,4,4,3,1.874538745,1.5
20210304,1,96.0,108.0,119.0,109.0,108.0,15,4.2,1.0,74.0,0.0,167.2,4,4,3,0.034722222,1.5
20210304,2,106.0,106.0,111.0,116.0,110.0,10,3.5,1.0,78.0,0.0,167.2,4,4,3,0.022779043,1.5
20210304,3,104.0,105.0,104.0,113.0,107.0,450,3.8,1.5,78.0,0.0,167.2,4,4,3,1.056338028,1.5
20210304,4,115.0,109.0,108.0,103.0,109.0,148,3.4,0.6,80.0,0.0,167.2,4,4,3,0.340229885,1.5
20210304,5,85.0,78.0,91.0,107.0,90.0,26,3.5,2.1,82.0,0.0,167.2,4,4,3,0.072022161,1.5
20210304,6,118.0,112.0,105.0,100.0,109.0,16,3.3,1.1,83.0,0.0,167.2,4,4,3,0.036781609,1.5
20210304,7,110.0,125.0,142.0,136.0,128.0,1771,3.7,1.6,83.0,0.0,167.2,4,4,3,3.452241715,1.5
20210304,8,154.0,153.0,159.0,159.0,156.0,469,4.7,1.3,80.0,0.0,167.2,4,4,3,0.7504,1.5
20210304,9,158.0,158.0,159.0,166.0,160.0,1343,5.8,0.6,79.0,0.0,167.2,4,4,3,2.095163807,1.0
20210304,10,127.0,158.0,173.0,168.0,157.0,790,7.5,1.5,75.0,0.0,167.2,4,4,3,1.261980831,1.0
20210304,11,141.0,150.0,155.0,149.0,149.0,1291,8.7,2.2,66.0,0.0,167.2,4,4,3,2.169747899,1.0
20210304,12,81.0,64.0,94.0,118.0,89.0,0,11.1,1.0,63.0,0.0,167.2,4,4,3,0.0,1.0
20210304,13,158.0,158.0,154.0,151.0,155.0,903,11.7,1.1,65.0,0.0,167.2,4,4,3,1.45410628,1.0
20210304,14,143.0,154.0,151.0,160.0,152.0,757,12.8,0.8,62.0,0.0,167.2,4,4,3,1.245065789,1.0
20210304,15,125.0,142.0,144.0,149.0,140.0,976,13.0,2.0,66.0,0.0,167.2,4,4,3,1.742857143,1.0
20210304,16,140.0,141.0,145.0,140.0,142.0,1605,12.8,2.6,71.0,0.0,167.2,4,4,3,2.835689046,1.0
20210304,17,105.0,103.0,138.0,143.0,122.0,251,12.6,1.8,72.0,0.0,167.2,4,4,3,0.513292434,1.0
20210304,18,139.0,138.0,135.0,145.0,139.0,615,12.0,1.5,76.0,0.0,167.2,4,4,3,1.104129264,1.5
20210304,19,135.0,119.0,103.0,94.0,113.0,2126,11.2,1.0,85.0,0.0,167.2,4,4,3,4.713968958,1.5
20210304,20,91.0,96.0,105.0,111.0,101.0,1,10.2,1.7,97.0,1.3,167.2,4,4,3,0.00248139,1.5
20210304,21,110.0,105.0,109.0,109.0,108.0,171,9.1,2.5,96.0,1.3,167.2,4,4,3,0.394919169,1.5
20210304,22,96.0,111.0,111.0,109.0,107.0,16,8.7,1.3,97.0,1.3,167.2,4,4,3,0.037470726,1.5
20210304,23,109.0,112.0,102.0,65.0,97.0,242,8.4,1.2,98.0,1.3,167.2,4,4,3,0.62371134,1.5
20210305,0,22.0,22.0,26.0,26.0,24.0,0,8.3,1.8,97.0,1.4,167.2,5,5,3,0.0,1.5
20210305,1,21.0,21.0,21.0,22.0,21.0,0,8.1,1.6,97.0,0.1,167.2,5,5,3,0.0,1.5
20210305,2,21.0,21.0,21.0,22.0,21.0,0,8.3,1.8,95.0,0.1,167.2,5,5,3,0.0,1.5
20210305,3,22.0,22.0,22.0,24.0,23.0,0,8.3,2.1,93.0,0.1,167.2,5,5,3,0.0,1.5
20210305,4,26.0,24.0,22.0,21.0,23.0,0,8.3,1.6,94.0,0.1,167.2,5,5,3,0.0,1.5
20210305,5,21.0,21.0,21.0,22.0,21.0,0,8.5,3.1,93.0,0.1,167.2,5,5,3,0.0,1.5
20210305,6,22.0,21.0,21.0,21.0,21.0,0,8.9,2.3,91.0,0.1,167.2,5,5,3,0.0,1.5
20210305,7,21.0,26.0,26.0,22.0,24.0,0,8.6,2.3,88.0,0.1,167.2,5,5,3,0.0,1.5
20210305,8,21.0,21.0,21.0,21.0,21.0,0,8.8,2.8,89.0,0.1,167.2,5,5,3,0.0,1.5
20210305,9,21.0,21.0,21.0,21.0,21.0,0,8.9,1.8,92.0,0.1,167.2,5,5,3,0.0,1.0
20210305,10,21.0,21.0,22.0,26.0,23.0,0,9.5,1.7,96.0,0.2,167.2,5,5,3,0.0,1.0
20210305,11,25.0,21.0,21.0,21.0,22.0,0,11.3,2.4,90.0,0.2,167.2,5,5,3,0.0,1.0
20210305,12,21.0,21.0,21.0,21.0,21.0,0,13.0,2.1,82.0,0.2,167.2,5,5,3,0.0,1.0
20210305,13,21.0,21.0,21.0,21.0,21.0,0,15.3,2.4,72.0,0.2,167.2,5,5,3,0.0,1.0
20210305,14,24.0,25.0,21.0,21.0,23.0,0,15.4,2.7,71.0,0.2,167.2,5,5,3,0.0,1.0
20210305,15,21.0,21.0,21.0,21.0,21.0,0,16.8,2.5,67.0,0.2,167.2,5,5,3,0.0,1.0
20210305,16,21.0,21.0,21.0,21.0,21.0,0,15.9,3.2,67.0,0.2,167.2,5,5,3,0.0,1.0
20210305,17,24.0,26.0,22.0,21.0,23.0,0,14.9,2.7,70.0,0.2,167.2,5,5,3,0.0,1.0
20210305,18,21.0,21.0,21.0,21.0,21.0,0,14.1,0.8,74.0,0.2,167.2,5,5,3,0.0,1.5
20210305,19,21.0,21.0,21.0,21.0,21.0,0,12.8,0.4,82.0,0.2,167.2,5,5,3,0.0,1.5
20210305,20,22.0,26.0,24.0,21.0,23.0,0,12.5,1.5,90.0,0.2,167.2,5,5,3,0.0,1.5
20210305,21,21.0,21.0,21.0,22.0,21.0,0,11.2,1.6,97.0,0.2,167.2,5,5,3,0.0,1.5
20210305,22,21.0,21.0,21.0,21.0,21.0,0,10.4,0.3,98.0,0.2,167.2,5,5,3,0.0,1.5
20210305,23,21.0,24.0,26.0,25.0,24.0,0,10.5,0.8,98.0,0.2,167.2,5,5,3,0.0,1.5
20210306,0,63.0,63.0,64.0,63.0,63.0,36,11.1,1.9,92.0,0.2,167.2,6,6,3,0.14229249,1.5
20210306,1,96.0,93.0,116.0,113.0,105.0,71,10.5,0.2,77.0,0.0,167.2,6,6,3,0.169856459,1.5
20210306,2,106.0,96.0,106.0,107.0,104.0,290,11.6,2.3,57.0,0.0,167.2,6,6,3,0.698795181,1.5
20210306,3,92.0,110.0,110.0,109.0,105.0,120,11.5,2.8,56.0,0.0,167.2,6,6,3,0.285035629,1.5
20210306,4,108.0,105.0,106.0,108.0,107.0,4,11.3,3.4,57.0,0.0,167.2,6,6,3,0.009367681,1.5
20210306,5,89.0,83.0,99.0,98.0,92.0,160,11.0,3.2,60.0,0.0,167.2,6,6,3,0.433604336,1.5
20210306,6,102.0,111.0,110.0,103.0,107.0,213,10.7,3.5,74.0,0.0,167.2,6,6,3,0.5,1.5
20210306,7,92.0,75.0,48.0,29.0,61.0,1468,10.4,3.6,77.0,0.0,167.2,6,6,3,6.016393443,1.5
20210306,8,27.0,25.0,22.0,22.0,24.0,0,10.0,4.3,77.0,0.0,167.2,6,6,3,0.0,1.5
20210306,9,22.0,22.0,22.0,22.0,22.0,0,9.0,4.4,79.0,0.0,167.2,6,6,3,0.0,1.0
20210306,10,22.0,22.0,22.0,22.0,22.0,0,7.8,3.4,85.0,0.0,167.2,6,6,3,0.0,1.0
20210306,11,22.0,23.0,28.0,27.0,25.0,0,7.0,3.7,84.0,0.0,167.2,6,6,3,0.0,1.0
20210306,12,22.0,23.0,22.0,22.0,22.0,0,6.7,4.3,78.0,0.0,167.2,6,6,3,0.0,1.0
20210306,13,22.0,23.0,22.0,22.0,22.0,0,6.4,3.6,78.0,0.0,167.2,6,6,3,0.0,1.0
20210306,14,22.0,23.0,22.0,23.0,23.0,0,5.2,4.1,91.0,0.0,167.2,6,6,3,0.0,1.0
20210306,15,28.0,26.0,23.0,22.0,25.0,0,4.7,3.5,93.0,0.0,167.2,6,6,3,0.0,1.0
20210306,16,23.0,23.0,22.0,23.0,23.0,0,4.2,3.8,96.0,0.9,167.2,6,6,3,0.0,1.0
20210306,17,22.0,22.0,22.0,23.0,22.0,0,4.0,3.2,96.0,1.2,167.2,6,6,3,0.0,1.0
20210306,18,22.0,23.0,27.0,27.0,25.0,0,3.6,3.1,97.0,1.5,167.2,6,6,3,0.0,1.5
20210306,19,22.0,22.0,22.0,22.0,22.0,0,4.2,3.1,87.0,1.5,167.2,6,6,3,0.0,1.5
20210306,20,22.0,22.0,22.0,22.0,22.0,0,4.2,2.9,85.0,1.5,167.2,6,6,3,0.0,1.5
20210306,21,23.0,22.0,22.0,27.0,24.0,0,4.3,2.3,84.0,1.5,167.2,6,6,3,0.0,1.5
20210306,22,26.0,22.0,22.0,22.0,23.0,0,4.5,1.9,82.0,1.5,167.2,6,6,3,0.0,1.5
20210306,23,22.0,22.0,22.0,22.0,22.0,0,4.4,2.3,82.0,1.5,167.2,6,6,3,0.0,1.5
20210307,0,22.0,22.0,22.0,25.0,23.0,0,4.3,2.7,82.0,1.5,167.2,7,7,3,0.0,1.5
20210307,1,26.0,22.0,22.0,22.0,23.0,0,4.1,2.8,84.0,0.0,167.2,7,7,3,0.0,1.5
20210307,2,22.0,22.0,22.0,22.0,22.0,0,4.1,2.8,82.0,0.0,167.2,7,7,3,0.0,1.5
20210307,3,22.0,22.0,22.0,23.0,22.0,0,4.2,2.1,80.0,0.0,167.2,7,7,3,0.0,1.5
20210307,4,22.0,24.0,27.0,22.0,24.0,0,4.2,3.0,79.0,0.0,167.2,7,7,3,0.0,1.5
20210307,5,22.0,22.0,22.0,22.0,22.0,0,4.3,2.1,76.0,0.0,167.2,7,7,3,0.0,1.5
20210307,6,22.0,22.0,22.0,22.0,22.0,0,4.4,2.3,74.0,0.0,167.2,7,7,3,0.0,1.5
20210307,7,24.0,44.0,67.0,90.0,56.0,0,4.3,2.2,74.0,0.0,167.2,7,7,3,0.0,1.5
20210307,8,151.0,169.0,182.0,182.0,171.0,0,4.5,2.7,73.0,0.0,167.2,7,7,3,0.0,1.5
20210307,9,179.0,166.0,157.0,162.0,166.0,0,4.8,2.1,72.0,0.0,167.2,7,7,3,0.0,1.0
20210307,10,137.0,176.0,159.0,171.0,161.0,0,5.0,2.7,69.0,0.0,167.2,7,7,3,0.0,1.0
20210307,11,169.0,170.0,166.0,168.0,168.0,0,5.3,3.3,65.0,0.0,167.2,7,7,3,0.0,1.0
20210307,12,120.0,105.0,106.0,129.0,115.0,0,6.0,2.5,63.0,0.0,167.2,7,7,3,0.0,1.0
20210307,13,169.0,173.0,182.0,175.0,175.0,0,6.7,3.1,59.0,0.0,167.2,7,7,3,0.0,1.0
20210307,14,165.0,176.0,180.0,177.0,175.0,0,8.1,2.9,57.0,0.0,167.2,7,7,3,0.0,1.0
20210307,15,135.0,166.0,175.0,174.0,163.0,0,7.4,3.7,60.0,0.0,167.2,7,7,3,0.0,1.0
20210307,16,158.0,166.0,164.0,173.0,165.0,0,7.1,3.1,63.0,0.0,167.2,7,7,3,0.0,1.0
20210307,17,123.0,118.0,151.0,151.0,136.0,0,6.8,2.3,66.0,0.0,167.2,7,7,3,0.0,1.0
20210307,18,154.0,158.0,154.0,143.0,152.0,0,6.1,2.0,69.0,0.0,167.2,7,7,3,0.0,1.5
20210307,19,141.0,147.0,131.0,99.0,130.0,0,5.8,1.2,71.0,0.0,167.2,7,7,3,0.0,1.5
20210307,20,101.0,114.0,108.0,110.0,108.0,0,5.4,0.7,74.0,0.0,167.2,7,7,3,0.0,1.5
20210307,21,110.0,113.0,110.0,111.0,111.0,0,5.1,0.9,75.0,0.0,167.2,7,7,3,0.0,1.5
20210307,22,84.0,100.0,98.0,97.0,95.0,0,4.2,1.3,79.0,0.0,167.2,7,7,3,0.0,1.5
20210307,23,110.0,106.0,100.0,77.0,98.0,0,4.0,1.4,81.0,0.0,167.2,7,7,3,0.0,1.5
20210308,0,64.0,63.0,63.0,62.0,63.0,0,3.5,0.8,83.0,0.0,167.2,1,8,3,0.0,1.5
20210308,1,87.0,94.0,105.0,110.0,99.0,0,3.8,0.6,82.0,0.0,167.2,1,8,3,0.0,1.5
20210308,2,104.0,98.0,98.0,111.0,103.0,0,3.3,1.5,85.0,0.0,167.2,1,8,3,0.0,1.5
20210308,3,90.0,105.0,99.0,104.0,100.0,0,2.0,0.4,88.0,0.0,167.2,1,8,3,0.0,1.5
20210308,4,105.0,105.0,100.0,110.0,105.0,0,2.5,0.7,89.0,0.0,167.2,1,8,3,0.0,1.5
20210308,5,82.0,72.0,94.0,101.0,87.0,0,2.3,1.3,89.0,0.0,167.2,1,8,3,0.0,1.5
20210308,6,109.0,104.0,96.0,81.0,98.0,0,2.3,0.8,89.0,0.0,167.2,1,8,3,0.0,1.5
20210308,7,72.0,77.0,107.0,117.0,93.0,0,1.8,1.1,95.0,0.0,167.2,1,8,3,0.0,1.5
20210308,8,141.0,154.0,161.0,160.0,154.0,369,4.1,2.0,83.0,0.0,167.2,1,8,3,0.599025974,1.5
20210308,9,165.0,160.0,160.0,156.0,160.0,434,5.7,1.0,77.0,0.0,167.2,1,8,3,0.677067083,1.0
20210308,10,127.0,153.0,138.0,150.0,142.0,286,8.9,1.6,67.0,0.0,167.2,1,8,3,0.503521127,1.0
20210308,11,159.0,160.0,167.0,171.0,164.0,1740,9.9,2.3,64.0,0.0,167.2,1,8,3,2.648401826,1.0
20210308,12,106.0,87.0,94.0,124.0,103.0,120,10.7,3.6,56.0,0.0,167.2,1,8,3,0.291970803,1.0
20210308,13,157.0,174.0,168.0,160.0,165.0,1771,9.9,3.6,60.0,0.0,167.2,1,8,3,2.687405159,1.0
20210308,14,156.0,164.0,167.0,176.0,166.0,1976,10.7,3.9,57.0,0.0,167.2,1,8,3,2.980392157,1.0
20210308,15,139.0,173.0,153.0,180.0,161.0,1024,10.2,3.8,62.0,0.0,167.2,1,8,3,1.587596899,1.0
20210308,16,150.0,166.0,164.0,152.0,158.0,1002,9.1,3.1,66.0,0.0,167.2,1,8,3,1.585443038,1.0
20210308,17,127.0,110.0,147.0,161.0,136.0,736,8.4,3.7,68.0,0.0,167.2,1,8,3,1.350458716,1.0
20210308,18,150.0,156.0,152.0,157.0,154.0,1891,8.0,3.1,68.0,0.0,167.2,1,8,3,3.074796748,1.5
20210308,19,155.0,144.0,140.0,128.0,142.0,2879,7.3,1.4,71.0,0.0,167.2,1,8,3,5.077601411,1.5
20210308,20,134.0,132.0,117.0,132.0,129.0,10,7.1,2.0,71.0,0.0,167.2,1,8,3,0.019417476,1.5
20210308,21,132.0,123.0,116.0,114.0,121.0,15,6.1,1.3,75.0,0.0,167.2,1,8,3,0.030927835,1.5
20210308,22,91.0,109.0,115.0,113.0,107.0,95,6.1,1.8,74.0,0.0,167.2,1,8,3,0.221962617,1.5
20210308,23,105.0,114.0,104.0,82.0,101.0,14,5.8,0.7,75.0,0.0,167.2,1,8,3,0.034567901,1.5
20210309,0,72.0,69.0,65.0,65.0,68.0,0,4.9,1.9,79.0,0.0,167.2,2,9,3,0.0,1.5
20210309,1,92.0,97.0,103.0,103.0,99.0,54,4.1,0.8,83.0,0.0,167.2,2,9,3,0.136708861,1.5
20210309,2,107.0,106.0,99.0,103.0,104.0,192,4.4,2.3,83.0,0.0,167.2,2,9,3,0.462650602,1.5
20210309,3,92.0,109.0,113.0,99.0,103.0,70,4.5,1.4,81.0,0.0,167.2,2,9,3,0.169491525,1.5
20210309,4,96.0,101.0,100.0,101.0,100.0,30,4.5,1.9,81.0,0.0,167.2,2,9,3,0.075376884,1.5
20210309,5,84.0,73.0,90.0,91.0,85.0,84,4.8,2.8,79.0,0.0,167.2,2,9,3,0.24852071,1.5
20210309,6,102.0,100.0,106.0,105.0,103.0,244,4.0,0.7,83.0,0.0,167.2,2,9,3,0.590799031,1.5
20210309,7,105.0,115.0,150.0,140.0,128.0,825,4.0,1.0,86.0,0.0,167.2,2,9,3,1.617647059,1.5
20210309,8,158.0,169.0,174.0,174.0,169.0,552,5.2,0.8,82.0,0.0,167.2,2,9,3,0.817777778,1.5
20210309,9,168.0,179.0,178.0,164.0,172.0,727,6.7,1.0,76.0,0.0,167.2,2,9,3,1.055152395,1.0
20210309,10,135.0,180.0,178.0,172.0,166.0,688,8.3,1.1,70.0,0.0,167.2,2,9,3,1.034586466,1.0
20210309,11,168.0,166.0,178.0,174.0,172.0,1359,9.9,1.4,62.0,0.0,167.2,2,9,3,1.981049563,1.0
20210309,12,119.0,102.0,96.0,122.0,110.0,20,11.3,1.4,58.0,0.0,167.2,2,9,3,0.045558087,1.0
20210309,13,159.0,162.0,175.0,181.0,169.0,851,12.4,2.4,47.0,0.0,167.2,2,9,3,1.257016248,1.0
20210309,14,168.0,160.0,163.0,170.0,165.0,5260,13.8,1.9,43.0,0.0,167.2,2,9,3,7.957639939,1.0
20210309,15,129.0,170.0,168.0,164.0,158.0,835,14.0,3.2,51.0,0.0,167.2,2,9,3,1.323296355,1.0
20210309,16,159.0,146.0,144.0,154.0,151.0,1622,12.9,3.0,60.0,0.0,167.2,2,9,3,2.689883914,1.0
20210309,17,108.0,104.0,144.0,161.0,129.0,114,11.6,3.4,66.0,0.0,167.2,2,9,3,0.220502901,1.0
20210309,18,156.0,156.0,161.0,145.0,155.0,1264,11.0,2.6,69.0,0.0,167.2,2,9,3,2.045307443,1.5
20210309,19,148.0,136.0,131.0,111.0,132.0,2191,10.7,0.8,73.0,0.0,167.2,2,9,3,4.16539924,1.5
20210309,20,106.0,112.0,106.0,113.0,109.0,59,9.6,1.4,78.0,0.0,167.2,2,9,3,0.135011442,1.5
20210309,21,107.0,110.0,100.0,103.0,105.0,209,9.2,1.6,81.0,0.0,167.2,2,9,3,0.497619048,1.5
20210309,22,87.0,102.0,106.0,109.0,101.0,194,8.7,0.7,75.0,0.0,167.2,2,9,3,0.48019802,1.5
20210309,23,106.0,95.0,98.0,79.0,95.0,48,9.2,0.9,60.0,0.0,167.2,2,9,3,0.126984127,1.5
20210310,0,64.0,64.0,64.0,67.0,65.0,0,9.6,1.6,49.0,0.0,167.2,3,10,3,0.0,1.5
20210310,1,96.0,107.0,104.0,103.0,103.0,240,9.1,1.5,48.0,0.0,167.2,3,10,3,0.585365854,1.5
20210310,2,103.0,109.0,101.0,104.0,104.0,418,8.5,1.8,49.0,0.0,167.2,3,10,3,1.002398082,1.5
20210310,3,89.0,104.0,100.0,104.0,99.0,0,7.8,3.1,49.0,0.0,167.2,3,10,3,0.0,1.5
20210310,4,108.0,106.0,106.0,104.0,106.0,81,7.7,3.4,48.0,0.0,167.2,3,10,3,0.191037736,1.5
20210310,5,94.0,81.0,91.0,98.0,91.0,10,7.3,3.8,48.0,0.0,167.2,3,10,3,0.027472527,1.5
20210310,6,106.0,100.0,102.0,107.0,104.0,194,6.8,3.6,49.0,0.0,167.2,3,10,3,0.46746988,1.5
20210310,7,106.0,106.0,131.0,131.0,119.0,830,7.0,3.6,49.0,0.0,167.2,3,10,3,1.751054852,1.5
20210310,8,142.0,157.0,156.0,165.0,155.0,115,8.6,3.0,62.0,0.0,167.2,3,10,3,0.185483871,1.5
20210310,9,166.0,163.0,169.0,166.0,166.0,1503,10.2,4.4,60.0,0.0,167.2,3,10,3,2.263554217,1.0
20210310,10,134.0,169.0,177.0,175.0,164.0,918,10.6,4.2,57.0,0.0,167.2,3,10,3,1.401526718,1.0
20210310,11,161.0,149.0,168.0,165.0,161.0,1057,11.9,2.9,50.0,0.0,167.2,3,10,3,1.643856921,1.0
20210310,12,116.0,101.0,102.0,125.0,111.0,40,11.7,3.7,52.0,0.0,167.2,3,10,3,0.09009009,1.0
20210310,13,158.0,145.0,156.0,151.0,153.0,802,11.7,3.3,54.0,0.0,167.2,3,10,3,1.314754098,1.0
20210310,14,153.0,162.0,169.0,165.0,162.0,1522,12.1,4.0,46.0,0.0,167.2,3,10,3,2.345146379,1.0
20210310,15,128.0,162.0,161.0,158.0,152.0,1007,11.5,3.8,47.0,0.0,167.2,3,10,3,1.653530378,1.0
20210310,16,154.0,156.0,150.0,150.0,153.0,231,11.2,3.5,45.0,0.0,167.2,3,10,3,0.378688525,1.0
20210310,17,123.0,118.0,143.0,135.0,130.0,1283,10.1,3.9,52.0,0.0,167.2,3,10,3,2.472061657,1.0
20210310,18,122.0,123.0,123.0,121.0,122.0,854,9.1,2.8,55.0,0.0,167.2,3,10,3,1.746421268,1.5
20210310,19,120.0,123.0,122.0,128.0,123.0,2332,8.1,2.0,58.0,0.0,167.2,3,10,3,4.730223124,1.5
20210310,20,122.0,124.0,142.0,145.0,133.0,14,7.7,1.7,59.0,0.0,167.2,3,10,3,0.026266417,1.5
20210310,21,141.0,132.0,128.0,115.0,129.0,8,7.0,0.6,62.0,0.0,167.2,3,10,3,0.015503876,1.5
20210310,22,108.0,124.0,122.0,116.0,118.0,60,6.1,1.3,66.0,0.0,167.2,3,10,3,0.127659574,1.5
20210310,23,115.0,113.0,103.0,88.0,105.0,0,4.7,0.5,72.0,0.0,167.2,3,10,3,0.0,1.5
20210311,0,72.0,70.0,69.0,68.0,70.0,0,4.7,0.5,72.0,0.0,167.2,4,11,3,0.0,1.5
20210311,1,100.0,103.0,112.0,113.0,107.0,698,4.4,1.0,74.0,0.0,167.2,4,11,3,1.630841121,1.5
20210311,2,106.0,95.0,105.0,111.0,104.0,102,3.8,1.6,77.0,0.0,167.2,4,11,3,0.244604317,1.5
20210311,3,98.0,107.0,103.0,96.0,101.0,97,4.0,1.1,76.0,0.0,167.2,4,11,3,0.24009901,1.5
20210311,4,113.0,114.0,110.0,108.0,111.0,200,2.7,0.6,85.0,0.0,167.2,4,11,3,0.449438202,1.5
20210311,5,83.0,76.0,97.0,103.0,90.0,18,3.4,2.0,84.0,0.0,167.2,4,11,3,0.050139276,1.5
20210311,6,107.0,107.0,107.0,100.0,105.0,1240,2.0,0.4,90.0,0.0,167.2,4,11,3,2.945368171,1.5
20210311,7,113.0,127.0,149.0,143.0,133.0,336,2.9,0.2,89.0,0.0,167.2,4,11,3,0.631578947,1.5
20210311,8,155.0,175.0,171.0,169.0,168.0,875,4.5,0.5,86.0,0.0,167.2,4,11,3,1.305970149,1.5
20210311,9,172.0,157.0,168.0,175.0,168.0,1337,6.5,1.4,76.0,0.0,167.2,4,11,3,1.989583333,1.0
20210311,10,127.0,165.0,168.0,164.0,156.0,1430,10.0,1.0,62.0,0.0,167.2,4,11,3,2.291666667,1.0
20210311,11,174.0,165.0,168.0,164.0,168.0,3577,12.1,1.5,55.0,0.0,167.2,4,11,3,5.330849478,1.0
20210311,12,108.0,93.0,93.0,122.0,104.0,109,13.4,1.6,30.0,0.0,167.2,4,11,3,0.262019231,1.0
20210311,13,160.0,149.0,155.0,150.0,154.0,463,14.9,2.6,32.0,0.0,167.2,4,11,3,0.754071661,1.0
20210311,14,160.0,157.0,160.0,157.0,159.0,643,14.9,2.3,51.0,0.0,167.2,4,11,3,1.014195584,1.0
20210311,15,126.0,159.0,160.0,153.0,150.0,577,13.7,2.9,60.0,0.0,167.2,4,11,3,0.964882943,1.0
20210311,16,153.0,151.0,163.0,160.0,157.0,720,13.9,3.1,62.0,0.0,167.2,4,11,3,1.148325359,1.0
20210311,17,119.0,107.0,158.0,159.0,136.0,532,13.3,2.2,67.0,0.0,167.2,4,11,3,0.979742173,1.0
20210311,18,152.0,143.0,145.0,139.0,145.0,1032,12.3,2.4,74.0,0.0,167.2,4,11,3,1.78238342,1.5
20210311,19,142.0,135.0,142.0,125.0,136.0,3434,11.9,1.3,80.0,0.0,167.2,4,11,3,6.3125,1.5
20210311,20,113.0,120.0,130.0,120.0,121.0,1,11.6,0.9,81.0,0.0,167.2,4,11,3,0.002070393,1.5
20210311,21,116.0,106.0,111.0,104.0,109.0,392,11.3,1.0,83.0,0.0,167.2,4,11,3,0.897025172,1.5
20210311,22,92.0,105.0,110.0,109.0,104.0,20,11.2,1.1,83.0,0.0,167.2,4,11,3,0.048076923,1.5
20210311,23,101.0,110.0,105.0,83.0,100.0,66,10.6,1.1,85.0,0.0,167.2,4,11,3,0.165413534,1.5
20210312,0,22.0,22.0,26.0,26.0,24.0,0,10.9,2.0,81.0,0.0,167.2,5,12,3,0.0,1.5
20210312,1,21.0,21.0,21.0,22.0,21.0,0,10.4,1.4,84.0,0.0,167.2,5,12,3,0.0,1.5
20210312,2,21.0,21.0,21.0,22.0,21.0,0,9.8,0.9,89.0,0.2,167.2,5,12,3,0.0,1.5
20210312,3,22.0,22.0,22.0,24.0,23.0,0,9.2,3.2,97.0,1.5,167.2,5,12,3,0.0,1.5
20210312,4,26.0,24.0,22.0,21.0,23.0,0,9.5,3.0,94.0,1.8,167.2,5,12,3,0.0,1.5
20210312,5,21.0,21.0,21.0,22.0,21.0,0,9.1,2.9,97.0,2.8,167.2,5,12,3,0.0,1.5
20210312,6,22.0,21.0,21.0,21.0,21.0,0,8.9,3.2,98.0,3.8,167.2,5,12,3,0.0,1.5
20210312,7,21.0,26.0,26.0,22.0,24.0,0,8.6,3.4,98.0,5.2,167.2,5,12,3,0.0,1.5
20210312,8,21.0,21.0,21.0,21.0,21.0,0,8.3,2.0,98.0,9.0,167.2,5,12,3,0.0,1.5
20210312,9,21.0,21.0,21.0,21.0,21.0,0,8.5,1.1,98.0,11.0,167.2,5,12,3,0.0,1.0
20210312,10,21.0,21.0,22.0,26.0,23.0,0,9.6,3.1,98.0,11.8,167.2,5,12,3,0.0,1.0
20210312,11,25.0,21.0,21.0,21.0,22.0,0,10.0,3.9,98.0,12.2,167.2,5,12,3,0.0,1.0
20210312,12,21.0,21.0,21.0,21.0,21.0,0,10.4,2.9,98.0,12.8,167.2,5,12,3,0.0,1.0
20210312,13,21.0,21.0,21.0,21.0,21.0,0,10.7,2.5,98.0,16.2,167.2,5,12,3,0.0,1.0
20210312,14,24.0,25.0,21.0,21.0,23.0,0,10.9,3.4,98.0,19.9,167.2,5,12,3,0.0,1.0
20210312,15,21.0,21.0,21.0,21.0,21.0,0,10.8,3.4,98.0,22.3,167.2,5,12,3,0.0,1.0
20210312,16,21.0,21.0,21.0,21.0,21.0,0,10.0,3.7,98.0,25.3,167.2,5,12,3,0.0,1.0
20210312,17,24.0,26.0,22.0,21.0,23.0,0,10.0,3.3,98.0,27.3,167.2,5,12,3,0.0,1.0
20210312,18,21.0,21.0,21.0,21.0,21.0,0,9.9,3.3,98.0,29.2,167.2,5,12,3,0.0,1.5
20210312,19,21.0,21.0,21.0,21.0,21.0,0,10.1,4.5,90.0,29.3,167.2,5,12,3,0.0,1.5
20210312,20,22.0,26.0,24.0,21.0,23.0,0,9.6,3.4,88.0,29.3,167.2,5,12,3,0.0,1.5
20210312,21,21.0,21.0,21.0,22.0,21.0,0,8.8,3.9,95.0,29.4,167.2,5,12,3,0.0,1.5
20210312,22,21.0,21.0,21.0,21.0,21.0,0,8.4,4.3,95.0,29.4,167.2,5,12,3,0.0,1.5
20210312,23,21.0,24.0,26.0,25.0,24.0,0,8.5,4.0,90.0,29.4,167.2,5,12,3,0.0,1.5
20210313,0,63.0,63.0,64.0,63.0,63.0,0,9.0,3.9,84.0,29.4,167.2,6,13,3,0.0,1.5
20210313,1,96.0,93.0,116.0,113.0,105.0,95,9.1,3.6,85.0,0.0,167.2,6,13,3,0.227272727,1.5
20210313,2,106.0,96.0,106.0,107.0,104.0,120,9.0,3.5,81.0,0.0,167.2,6,13,3,0.289156627,1.5
20210313,3,92.0,110.0,110.0,109.0,105.0,76,8.8,3.3,79.0,0.0,167.2,6,13,3,0.180522565,1.5
20210313,4,108.0,105.0,106.0,108.0,107.0,20,8.6,3.4,79.0,0.0,167.2,6,13,3,0.046838407,1.5
20210313,5,89.0,83.0,99.0,98.0,92.0,22,8.5,3.9,77.0,0.0,167.2,6,13,3,0.059620596,1.5
20210313,6,102.0,111.0,110.0,103.0,107.0,107,8.5,4.0,76.0,0.0,167.2,6,13,3,0.251173709,1.5
20210313,7,92.0,75.0,48.0,29.0,61.0,1164,8.2,3.3,76.0,0.0,167.2,6,13,3,4.770491803,1.5
20210313,8,27.0,25.0,22.0,22.0,24.0,2,8.4,3.5,75.0,0.0,167.2,6,13,3,0.020833333,1.5
20210313,9,22.0,22.0,22.0,22.0,22.0,0,9.4,3.8,71.0,0.0,167.2,6,13,3,0.0,1.0
20210313,10,22.0,22.0,22.0,22.0,22.0,0,10.3,3.0,66.0,0.0,167.2,6,13,3,0.0,1.0
20210313,11,22.0,23.0,28.0,27.0,25.0,0,11.4,2.6,63.0,0.0,167.2,6,13,3,0.0,1.0
20210313,12,22.0,23.0,22.0,22.0,22.0,0,11.8,3.5,57.0,0.0,167.2,6,13,3,0.0,1.0
20210313,13,22.0,23.0,22.0,22.0,22.0,0,13.4,3.1,54.0,0.0,167.2,6,13,3,0.0,1.0
20210313,14,22.0,23.0,22.0,23.0,23.0,0,13.2,3.4,51.0,0.0,167.2,6,13,3,0.0,1.0
20210313,15,28.0,26.0,23.0,22.0,25.0,0,12.7,3.7,56.0,0.0,167.2,6,13,3,0.0,1.0
20210313,16,23.0,23.0,22.0,23.0,23.0,0,12.0,2.9,66.0,0.0,167.2,6,13,3,0.0,1.0
20210313,17,22.0,22.0,22.0,23.0,22.0,0,11.1,3.4,71.0,0.0,167.2,6,13,3,0.0,1.0
20210313,18,22.0,23.0,27.0,27.0,25.0,0,10.4,2.3,74.0,0.0,167.2,6,13,3,0.0,1.5
20210313,19,22.0,22.0,22.0,22.0,22.0,0,9.7,1.7,76.0,0.0,167.2,6,13,3,0.0,1.5
20210313,20,22.0,22.0,22.0,22.0,22.0,4,9.4,0.9,77.0,0.0,167.2,6,13,3,0.045454545,1.5
20210313,21,23.0,22.0,22.0,27.0,24.0,0,9.2,0.9,79.0,0.0,167.2,6,13,3,0.0,1.5
20210313,22,26.0,22.0,22.0,22.0,23.0,0,9.0,0.8,80.0,0.0,167.2,6,13,3,0.0,1.5
20210313,23,22.0,22.0,22.0,22.0,22.0,0,7.8,1.1,85.0,0.0,167.2,6,13,3,0.0,1.5
20210314,0,22.0,22.0,22.0,22.0,22.0,0,7.4,0.7,87.0,0.0,167.2,7,14,3,0.0,1.5
20210314,1,22.0,23.0,22.0,22.0,22.0,0,7.2,1.9,90.0,0.0,167.2,7,14,3,0.0,1.5
20210314,2,22.0,27.0,26.0,22.0,24.0,0,6.3,1.0,94.0,0.0,167.2,7,14,3,0.0,1.5
20210314,3,22.0,22.0,22.0,22.0,22.0,0,6.2,0.8,98.0,0.0,167.2,7,14,3,0.0,1.5
20210314,4,22.0,24.0,23.0,22.0,23.0,0,5.4,0.8,98.0,0.0,167.2,7,14,3,0.0,1.5
20210314,5,22.0,22.0,23.0,27.0,24.0,0,7.1,2.5,95.0,0.0,167.2,7,14,3,0.0,1.5
20210314,6,25.0,22.0,22.0,22.0,23.0,0,6.7,1.4,96.0,0.0,167.2,7,14,3,0.0,1.5
20210314,7,26.0,38.0,71.0,112.0,62.0,0,7.5,1.9,81.0,0.0,167.2,7,14,3,0.0,1.5
20210314,8,154.0,175.0,197.0,204.0,183.0,0,7.5,0.6,87.0,0.0,167.2,7,14,3,0.0,1.5
20210314,9,185.0,178.0,170.0,180.0,178.0,0,9.7,2.2,72.0,0.0,167.2,7,14,3,0.0,1.0
20210314,10,157.0,180.0,180.0,167.0,171.0,0,12.0,2.2,63.0,0.0,167.2,7,14,3,0.0,1.0
20210314,11,173.0,190.0,187.0,175.0,181.0,0,13.8,2.5,55.0,0.0,167.2,7,14,3,0.0,1.0
20210314,12,123.0,104.0,108.0,140.0,119.0,0,14.4,1.3,51.0,0.0,167.2,7,14,3,0.0,1.0
20210314,13,175.0,187.0,192.0,188.0,186.0,0,14.6,2.5,48.0,0.0,167.2,7,14,3,0.0,1.0
20210314,14,185.0,174.0,172.0,176.0,177.0,0,15.9,2.2,47.0,0.0,167.2,7,14,3,0.0,1.0
20210314,15,148.0,181.0,190.0,192.0,178.0,0,16.0,2.2,45.0,0.0,167.2,7,14,3,0.0,1.0
20210314,16,180.0,168.0,169.0,168.0,171.0,0,14.1,1.9,55.0,0.0,167.2,7,14,3,0.0,1.0
20210314,17,130.0,117.0,159.0,179.0,146.0,0,13.3,2.0,59.0,0.0,167.2,7,14,3,0.0,1.0
20210314,18,182.0,182.0,169.0,158.0,173.0,0,12.6,2.0,63.0,0.0,167.2,7,14,3,0.0,1.5
20210314,19,164.0,158.0,157.0,122.0,150.0,0,11.4,0.8,67.0,0.0,167.2,7,14,3,0.0,1.5
20210314,20,109.0,121.0,121.0,126.0,119.0,0,10.7,0.9,72.0,0.0,167.2,7,14,3,0.0,1.5
20210314,21,120.0,122.0,125.0,125.0,123.0,0,10.0,1.5,74.0,0.0,167.2,7,14,3,0.0,1.5
20210314,22,100.0,108.0,109.0,129.0,112.0,0,10.2,2.6,75.0,0.0,167.2,7,14,3,0.0,1.5
20210314,23,118.0,113.0,106.0,90.0,107.0,0,9.1,0.9,82.0,0.0,167.2,7,14,3,0.0,1.5
20210315,0,83.0,77.0,72.0,72.0,76.0,0,8.4,1.7,84.0,0.0,167.2,1,15,3,0.0,1.5
20210315,1,100.0,110.0,115.0,116.0,110.0,0,8.1,1.2,85.0,0.0,167.2,1,15,3,0.0,1.5
20210315,2,114.0,117.0,121.0,117.0,117.0,0,7.8,0.9,85.0,0.0,167.2,1,15,3,0.0,1.5
20210315,3,104.0,119.0,117.0,123.0,116.0,0,7.6,1.6,86.0,0.0,167.2,1,15,3,0.0,1.5
20210315,4,122.0,111.0,100.0,106.0,110.0,0,7.1,1.9,88.0,0.0,167.2,1,15,3,0.0,1.5
20210315,5,94.0,87.0,96.0,112.0,97.0,0,5.8,0.7,92.0,0.0,167.2,1,15,3,0.0,1.5
20210315,6,121.0,118.0,117.0,117.0,118.0,0,6.0,0.3,91.0,0.0,167.2,1,15,3,0.0,1.5
20210315,7,116.0,119.0,144.0,150.0,132.0,0,6.1,0.3,95.0,0.0,167.2,1,15,3,0.0,1.5
20210315,8,176.0,196.0,198.0,181.0,188.0,1007,8.0,0.1,90.0,0.0,167.2,1,15,3,1.340878828,1.5
20210315,9,184.0,195.0,176.0,188.0,186.0,1074,11.0,0.5,76.0,0.0,167.2,1,15,3,1.445491252,1.0
20210315,10,138.0,174.0,181.0,164.0,164.0,686,13.6,1.8,64.0,0.0,167.2,1,15,3,1.04414003,1.0
20210315,11,162.0,180.0,167.0,184.0,173.0,1661,16.0,3.2,51.0,0.0,167.2,1,15,3,2.396825397,1.0
20210315,12,128.0,105.0,92.0,122.0,112.0,5207,16.6,4.2,43.0,0.0,167.2,1,15,3,11.64876957,1.0
20210315,13,168.0,177.0,170.0,170.0,171.0,1059,17.0,4.6,33.0,0.0,167.2,1,15,3,1.545985401,1.0
20210315,14,182.0,181.0,173.0,172.0,177.0,635,17.6,3.6,34.0,0.0,167.2,1,15,3,0.896892655,1.0
20210315,15,137.0,168.0,171.0,176.0,163.0,564,17.6,3.5,34.0,0.0,167.2,1,15,3,0.865030675,1.0
20210315,16,166.0,172.0,181.0,160.0,170.0,1163,17.2,4.0,31.0,0.0,167.2,1,15,3,1.71281296,1.0
20210315,17,118.0,108.0,149.0,159.0,134.0,387,17.1,3.8,40.0,0.0,167.2,1,15,3,0.724719101,1.0
20210315,18,161.0,161.0,153.0,170.0,161.0,1401,15.5,3.5,48.0,0.0,167.2,1,15,3,2.172093023,1.5
20210315,19,162.0,159.0,154.0,147.0,156.0,1123,14.4,3.3,59.0,0.0,167.2,1,15,3,1.805466238,1.5
20210315,20,133.0,131.0,127.0,120.0,128.0,13,13.8,2.1,63.0,0.0,167.2,1,15,3,0.025440313,1.5
20210315,21,124.0,131.0,129.0,124.0,127.0,19,13.8,3.5,65.0,0.0,167.2,1,15,3,0.037401575,1.5
20210315,22,108.0,111.0,116.0,123.0,115.0,336,13.9,1.5,69.0,0.0,167.2,1,15,3,0.733624454,1.5
20210315,23,116.0,120.0,110.0,85.0,108.0,38,14.0,2.9,73.0,0.0,167.2,1,15,3,0.088167053,1.5
20210316,0,76.0,73.0,71.0,72.0,73.0,42,14.1,2.3,76.0,0.0,167.2,2,16,3,0.143835616,1.5
20210316,1,100.0,115.0,120.0,109.0,111.0,570,14.3,1.7,78.0,0.0,167.2,2,16,3,1.283783784,1.5
20210316,2,106.0,117.0,116.0,117.0,114.0,472,14.5,2.1,80.0,0.0,167.2,2,16,3,1.035087719,1.5
20210316,3,106.0,113.0,114.0,113.0,112.0,243,13.7,1.7,91.0,0.0,167.2,2,16,3,0.544843049,1.5
20210316,4,118.0,115.0,113.0,102.0,112.0,246,13.2,1.1,98.0,0.1,167.2,2,16,3,0.549107143,1.5
20210316,5,79.0,75.0,102.0,111.0,92.0,904,13.2,0.9,98.0,0.4,167.2,2,16,3,2.463215259,1.5
20210316,6,114.0,119.0,121.0,105.0,115.0,53,12.9,1.5,98.0,0.5,167.2,2,16,3,0.11546841,1.5
20210316,7,96.0,116.0,148.0,161.0,130.0,546,12.8,2.4,98.0,0.5,167.2,2,16,3,1.047984645,1.5
20210316,8,170.0,185.0,180.0,173.0,177.0,931,13.4,1.5,98.0,0.5,167.2,2,16,3,1.314971751,1.5
20210316,9,171.0,168.0,187.0,192.0,180.0,818,16.5,1.6,73.0,0.5,167.2,2,16,3,1.139275766,1.0
20210316,10,150.0,179.0,193.0,190.0,178.0,951,17.4,3.5,59.0,0.5,167.2,2,16,3,1.335674157,1.0
20210316,11,186.0,172.0,175.0,170.0,176.0,1316,19.0,2.6,47.0,0.5,167.2,2,16,3,1.87197724,1.0
20210316,12,120.0,104.0,95.0,116.0,109.0,1512,20.1,3.1,35.0,0.5,167.2,2,16,3,3.475862069,1.0
20210316,13,158.0,175.0,172.0,171.0,169.0,1250,20.3,3.7,25.0,0.5,167.2,2,16,3,1.849112426,1.0
20210316,14,167.0,169.0,172.0,174.0,171.0,891,21.1,2.8,20.0,0.5,167.2,2,16,3,1.306451613,1.0
20210316,15,138.0,177.0,180.0,157.0,163.0,1848,21.2,4.1,9.0,0.5,167.2,2,16,3,2.834355828,1.0
20210316,16,165.0,171.0,177.0,160.0,168.0,1117,21.0,3.4,8.0,0.5,167.2,2,16,3,1.659732541,1.0
20210316,17,133.0,139.0,166.0,177.0,154.0,486,20.7,2.0,9.0,0.5,167.2,2,16,3,0.790243902,1.0
20210316,18,177.0,169.0,163.0,162.0,168.0,2767,18.8,1.8,11.0,0.5,167.2,2,16,3,4.123695976,1.5
20210316,19,152.0,145.0,142.0,117.0,139.0,2234,13.5,2.5,67.0,0.5,167.2,2,16,3,4.017985612,1.5
20210316,20,108.0,112.0,120.0,115.0,114.0,61,11.3,2.8,80.0,0.5,167.2,2,16,3,0.134065934,1.5
20210316,21,110.0,120.0,117.0,123.0,118.0,12,10.7,1.8,81.0,0.5,167.2,2,16,3,0.025531915,1.5
20210316,22,102.0,102.0,99.0,107.0,103.0,15,9.8,1.9,83.0,0.5,167.2,2,16,3,0.036585366,1.5
20210316,23,107.0,119.0,111.0,85.0,106.0,156,9.2,1.5,86.0,0.5,167.2,2,16,3,0.369668246,1.5
20210317,0,72.0,72.0,72.0,71.0,72.0,96,8.7,1.1,88.0,0.5,167.2,3,17,3,0.334494774,1.5
20210317,1,96.0,104.0,108.0,118.0,107.0,162,8.1,1.7,88.0,0.0,167.2,3,17,3,0.38028169,1.5
20210317,2,115.0,117.0,107.0,110.0,112.0,116,8.0,2.3,85.0,0.0,167.2,3,17,3,0.258351893,1.5
20210317,3,112.0,118.0,120.0,115.0,116.0,213,7.8,2.7,86.0,0.0,167.2,3,17,3,0.458064516,1.5
20210317,4,111.0,110.0,114.0,115.0,113.0,118,7.4,1.8,86.0,0.0,167.2,3,17,3,0.262222222,1.5
20210317,5,98.0,83.0,96.0,112.0,97.0,9,6.9,2.1,89.0,0.0,167.2,3,17,3,0.023136247,1.5
20210317,6,118.0,116.0,126.0,122.0,121.0,567,6.6,1.8,92.0,0.0,167.2,3,17,3,1.176348548,1.5
20210317,7,120.0,124.0,162.0,158.0,141.0,334,5.7,1.2,96.0,0.0,167.2,3,17,3,0.592198582,1.5
20210317,8,178.0,193.0,197.0,193.0,190.0,258,8.1,1.4,91.0,0.0,167.2,3,17,3,0.339027595,1.5
20210317,9,188.0,180.0,173.0,179.0,180.0,561,10.5,1.1,77.0,0.0,167.2,3,17,3,0.779166667,1.0
20210317,10,142.0,170.0,177.0,175.0,166.0,512,12.2,1.7,63.0,0.0,167.2,3,17,3,0.771084337,1.0
20210317,11,188.0,190.0,177.0,177.0,183.0,1685,13.2,3.0,57.0,0.0,167.2,3,17,3,2.301912568,1.0
20210317,12,116.0,88.0,85.0,123.0,103.0,0,13.3,3.3,57.0,0.0,167.2,3,17,3,0.0,1.0
20210317,13,169.0,188.0,192.0,182.0,183.0,1088,13.6,3.7,56.0,0.0,167.2,3,17,3,1.488372093,1.0
20210317,14,171.0,179.0,176.0,189.0,179.0,636,13.1,4.4,58.0,0.0,167.2,3,17,3,0.88951049,1.0
20210317,15,147.0,179.0,179.0,174.0,170.0,4218,13.1,4.1,62.0,0.0,167.2,3,17,3,6.212076583,1.0
20210317,16,166.0,164.0,170.0,174.0,169.0,1929,12.3,4.1,63.0,0.0,167.2,3,17,3,2.862017804,1.0
20210317,17,132.0,118.0,144.0,158.0,138.0,970,11.5,3.2,65.0,0.0,167.2,3,17,3,1.757246377,1.0
20210317,18,171.0,166.0,177.0,167.0,170.0,1414,10.9,2.4,68.0,0.0,167.2,3,17,3,2.076358297,1.5
20210317,19,160.0,160.0,169.0,147.0,159.0,516,10.4,1.9,70.0,0.0,167.2,3,17,3,0.811320755,1.5
20210317,20,133.0,143.0,143.0,135.0,139.0,81,10.1,1.6,73.0,0.0,167.2,3,17,3,0.146209386,1.5
20210317,21,125.0,134.0,125.0,123.0,127.0,159,9.3,1.0,75.0,0.0,167.2,3,17,3,0.313609467,1.5
20210317,22,119.0,128.0,126.0,127.0,125.0,93,9.5,1.5,75.0,0.0,167.2,3,17,3,0.186,1.5
20210317,23,125.0,120.0,105.0,94.0,111.0,72,9.1,0.8,75.0,0.0,167.2,3,17,3,0.162162162,1.5
20210318,0,90.0,82.0,75.0,73.0,80.0,160,8.7,1.4,76.0,0.0,167.2,4,18,3,0.5,1.5
20210318,1,98.0,117.0,117.0,115.0,112.0,108,7.7,1.2,83.0,0.0,167.2,4,18,3,0.241610738,1.5
20210318,2,117.0,121.0,117.0,105.0,115.0,260,7.9,2.3,82.0,0.0,167.2,4,18,3,0.565217391,1.5
20210318,3,101.0,118.0,126.0,111.0,114.0,128,6.8,1.4,87.0,0.0,167.2,4,18,3,0.280701754,1.5
20210318,4,104.0,110.0,117.0,115.0,112.0,22,6.9,1.6,88.0,0.0,167.2,4,18,3,0.049327354,1.5
20210318,5,96.0,90.0,100.0,120.0,102.0,335,5.8,1.2,88.0,0.0,167.2,4,18,3,0.825123153,1.5
20210318,6,123.0,122.0,123.0,114.0,121.0,244,5.5,0.8,94.0,0.0,167.2,4,18,3,0.506224066,1.5
20210318,7,112.0,125.0,138.0,157.0,133.0,453,6.3,1.3,94.0,0.0,167.2,4,18,3,0.851503759,1.5
20210318,8,166.0,153.0,150.0,177.0,162.0,309,7.7,1.5,87.0,0.0,167.2,4,18,3,0.478328173,1.5
20210318,9,168.0,162.0,166.0,186.0,171.0,2626,10.0,1.2,79.0,0.0,167.2,4,18,3,3.850439883,1.0
20210318,10,156.0,179.0,168.0,156.0,165.0,597,12.6,2.2,66.0,0.0,167.2,4,18,3,0.905918058,1.0
20210318,11,165.0,185.0,182.0,177.0,177.0,644,12.7,4.4,57.0,0.0,167.2,4,18,3,0.90832158,1.0
20210318,12,104.0,88.0,90.0,124.0,102.0,203,13.2,3.9,60.0,0.0,167.2,4,18,3,0.5,1.0
20210318,13,170.0,180.0,176.0,171.0,174.0,3045,13.0,4.1,59.0,0.0,167.2,4,18,3,4.368723099,1.0
20210318,14,170.0,166.0,153.0,165.0,164.0,1120,13.6,3.7,59.0,0.0,167.2,4,18,3,1.712538226,1.0
20210318,15,130.0,170.0,168.0,154.0,156.0,225,12.6,4.7,61.0,0.0,167.2,4,18,3,0.361736334,1.0
20210318,16,156.0,161.0,174.0,156.0,162.0,1290,12.1,4.3,64.0,0.0,167.2,4,18,3,1.99381762,1.0
20210318,17,140.0,133.0,153.0,164.0,148.0,224,11.5,3.9,66.0,0.0,167.2,4,18,3,0.379661017,1.0
20210318,18,154.0,146.0,150.0,151.0,150.0,2472,10.9,2.5,68.0,0.0,167.2,4,18,3,4.113144759,1.5
20210318,19,139.0,138.0,142.0,131.0,138.0,932,10.1,2.5,71.0,0.0,167.2,4,18,3,1.694545455,1.5
20210318,20,119.0,124.0,114.0,112.0,117.0,0,9.8,2.1,73.0,0.0,167.2,4,18,3,0.0,1.5
20210318,21,108.0,115.0,110.0,121.0,114.0,431,9.8,2.0,74.0,0.0,167.2,4,18,3,0.949339207,1.5
20210318,22,117.0,115.0,116.0,108.0,114.0,104,9.8,2.6,73.0,0.0,167.2,4,18,3,0.228070175,1.5
20210318,23,116.0,120.0,109.0,80.0,106.0,7,9.7,1.8,73.0,0.0,167.2,4,18,3,0.016470588,1.5
20210319,0,22.0,22.0,26.0,26.0,24.0,0,9.8,2.4,72.0,0.0,167.2,5,19,3,0.0,1.5
20210319,1,21.0,21.0,21.0,22.0,21.0,0,9.3,1.4,73.0,0.0,167.2,5,19,3,0.0,1.5
20210319,2,21.0,21.0,21.0,22.0,21.0,0,9.5,2.0,73.0,0.0,167.2,5,19,3,0.0,1.5
20210319,3,22.0,22.0,22.0,24.0,23.0,0,9.4,2.2,73.0,0.0,167.2,5,19,3,0.0,1.5
20210319,4,26.0,24.0,22.0,21.0,23.0,0,9.7,2.4,71.0,0.0,167.2,5,19,3,0.0,1.5
20210319,5,21.0,21.0,21.0,22.0,21.0,0,9.8,1.6,70.0,0.0,167.2,5,19,3,0.0,1.5
20210319,6,22.0,21.0,21.0,21.0,21.0,0,10.0,1.2,70.0,0.0,167.2,5,19,3,0.0,1.5
20210319,7,21.0,26.0,26.0,22.0,24.0,0,10.4,2.2,68.0,0.0,167.2,5,19,3,0.0,1.5
20210319,8,21.0,21.0,21.0,21.0,21.0,0,10.8,3.2,69.0,0.0,167.2,5,19,3,0.0,1.5
20210319,9,21.0,21.0,21.0,21.0,21.0,0,11.5,2.7,66.0,0.0,167.2,5,19,3,0.0,1.0
20210319,10,21.0,21.0,22.0,26.0,23.0,0,13.3,4.3,57.0,0.0,167.2,5,19,3,0.0,1.0
20210319,11,25.0,21.0,21.0,21.0,22.0,0,13.6,4.6,57.0,0.0,167.2,5,19,3,0.0,1.0
20210319,12,21.0,21.0,21.0,21.0,21.0,0,12.5,4.7,67.0,0.0,167.2,5,19,3,0.0,1.0
20210319,13,21.0,21.0,21.0,21.0,21.0,0,12.5,4.6,64.0,0.0,167.2,5,19,3,0.0,1.0
20210319,14,24.0,25.0,21.0,21.0,23.0,0,12.8,4.5,65.0,0.0,167.2,5,19,3,0.0,1.0
20210319,15,21.0,21.0,21.0,21.0,21.0,0,12.9,3.5,63.0,0.0,167.2,5,19,3,0.0,1.0
20210319,16,21.0,21.0,21.0,21.0,21.0,0,12.1,3.7,63.0,0.0,167.2,5,19,3,0.0,1.0
20210319,17,24.0,26.0,22.0,21.0,23.0,0,11.8,2.9,64.0,0.0,167.2,5,19,3,0.0,1.0
20210319,18,21.0,21.0,21.0,21.0,21.0,0,11.0,3.2,69.0,0.0,167.2,5,19,3,0.0,1.5
20210319,19,21.0,21.0,21.0,21.0,21.0,0,10.5,2.2,70.0,0.0,167.2,5,19,3,0.0,1.5
20210319,20,22.0,26.0,24.0,21.0,23.0,0,10.1,2.1,71.0,0.0,167.2,5,19,3,0.0,1.5
20210319,21,21.0,21.0,21.0,22.0,21.0,0,10.1,2.5,71.0,0.0,167.2,5,19,3,0.0,1.5
20210319,22,21.0,21.0,21.0,21.0,21.0,0,10.2,1.8,72.0,0.0,167.2,5,19,3,0.0,1.5
20210319,23,21.0,24.0,26.0,25.0,24.0,0,10.1,1.7,74.0,0.0,167.2,5,19,3,0.0,1.5
20210320,0,63.0,63.0,64.0,63.0,63.0,24,10.1,1.8,76.0,0.0,167.2,6,20,3,0.09486166,1.5
20210320,1,96.0,93.0,116.0,113.0,105.0,108,10.1,1.4,73.0,0.0,167.2,6,20,3,0.258373206,1.5
20210320,2,106.0,96.0,106.0,107.0,104.0,0,10.1,1.9,76.0,0.0,167.2,6,20,3,0.0,1.5
20210320,3,92.0,110.0,110.0,109.0,105.0,192,10.3,2.0,77.0,0.0,167.2,6,20,3,0.456057007,1.5
20210320,4,108.0,105.0,106.0,108.0,107.0,24,10.5,1.2,78.0,0.0,167.2,6,20,3,0.056206089,1.5
20210320,5,89.0,83.0,99.0,98.0,92.0,56,10.3,2.1,80.0,0.0,167.2,6,20,3,0.151761518,1.5
20210320,6,102.0,111.0,110.0,103.0,107.0,220,9.2,2.0,93.0,0.9,167.2,6,20,3,0.516431925,1.5
20210320,7,92.0,75.0,48.0,29.0,61.0,673,9.2,0.9,98.0,1.6,167.2,6,20,3,2.758196721,1.5
20210320,8,27.0,25.0,22.0,22.0,24.0,0,9.5,1.5,98.0,1.8,167.2,6,20,3,0.0,1.5
20210320,9,22.0,22.0,22.0,22.0,22.0,0,9.6,2.1,98.0,1.9,167.2,6,20,3,0.0,1.0
20210320,10,22.0,22.0,22.0,22.0,22.0,0,9.7,2.4,98.0,2.1,167.2,6,20,3,0.0,1.0
20210320,11,22.0,23.0,28.0,27.0,25.0,0,10.1,0.8,98.0,2.4,167.2,6,20,3,0.0,1.0
20210320,12,22.0,23.0,22.0,22.0,22.0,0,10.4,1.6,98.0,3.1,167.2,6,20,3,0.0,1.0
20210320,13,22.0,23.0,22.0,22.0,22.0,0,10.7,1.6,98.0,3.6,167.2,6,20,3,0.0,1.0
20210320,14,22.0,23.0,22.0,23.0,23.0,0,11.1,2.1,98.0,3.8,167.2,6,20,3,0.0,1.0
20210320,15,28.0,26.0,23.0,22.0,25.0,0,11.2,2.5,98.0,3.9,167.2,6,20,3,0.0,1.0
20210320,16,23.0,23.0,22.0,23.0,23.0,0,11.7,3.2,98.0,4.1,167.2,6,20,3,0.0,1.0
20210320,17,22.0,22.0,22.0,23.0,22.0,0,11.0,3.3,98.0,4.1,167.2,6,20,3,0.0,1.0
20210320,18,22.0,23.0,27.0,27.0,25.0,0,11.0,2.5,98.0,4.1,167.2,6,20,3,0.0,1.5
20210320,19,22.0,22.0,22.0,22.0,22.0,0,10.9,1.8,98.0,4.1,167.2,6,20,3,0.0,1.5
20210320,20,22.0,22.0,22.0,22.0,22.0,0,10.7,2.4,95.0,4.1,167.2,6,20,3,0.0,1.5
20210320,21,23.0,22.0,22.0,27.0,24.0,0,10.7,2.7,93.0,4.1,167.2,6,20,3,0.0,1.5
20210320,22,26.0,22.0,22.0,22.0,23.0,0,10.5,3.2,94.0,4.1,167.2,6,20,3,0.0,1.5
20210320,23,22.0,22.0,22.0,22.0,22.0,0,10.4,2.5,95.0,4.1,167.2,6,20,3,0.0,1.5
20210321,0,23.0,22.0,23.0,25.0,23.0,0,10.3,1.4,93.0,4.1,167.2,7,21,3,0.0,1.5
20210321,1,28.0,23.0,22.0,22.0,24.0,0,9.5,1.7,98.0,0.4,167.2,7,21,3,0.0,1.5
20210321,2,23.0,22.0,22.0,22.0,22.0,0,9.7,0.8,98.0,0.4,167.2,7,21,3,0.0,1.5
20210321,3,23.0,22.0,23.0,22.0,23.0,0,9.5,1.1,98.0,0.4,167.2,7,21,3,0.0,1.5
20210321,4,24.0,27.0,24.0,23.0,25.0,0,9.4,2.2,92.0,0.4,167.2,7,21,3,0.0,1.5
20210321,5,23.0,22.0,22.0,22.0,22.0,0,9.8,2.3,88.0,0.4,167.2,7,21,3,0.0,1.5
20210321,6,22.0,22.0,22.0,22.0,22.0,0,10.1,2.5,78.0,0.4,167.2,7,21,3,0.0,1.5
20210321,7,21.0,23.0,26.0,25.0,24.0,0,9.2,3.1,76.0,0.4,167.2,7,21,3,0.0,1.5
20210321,8,148.0,196.0,208.0,206.0,190.0,0,8.8,4.8,71.0,0.4,167.2,7,21,3,0.0,1.5
20210321,9,192.0,194.0,184.0,187.0,189.0,0,9.9,2.5,71.0,0.4,167.2,7,21,3,0.0,1.0
20210321,10,164.0,202.0,196.0,178.0,185.0,0,10.9,3.7,59.0,0.4,167.2,7,21,3,0.0,1.0
20210321,11,174.0,170.0,191.0,189.0,181.0,0,11.5,3.4,49.0,0.4,167.2,7,21,3,0.0,1.0
20210321,12,132.0,102.0,98.0,126.0,115.0,0,12.3,4.2,42.0,0.4,167.2,7,21,3,0.0,1.0
20210321,13,178.0,190.0,191.0,199.0,190.0,0,12.3,5.2,38.0,0.4,167.2,7,21,3,0.0,1.0
20210321,14,178.0,182.0,201.0,196.0,189.0,0,12.3,4.8,38.0,0.4,167.2,7,21,3,0.0,1.0
20210321,15,151.0,174.0,184.0,165.0,169.0,0,12.0,4.4,41.0,0.4,167.2,7,21,3,0.0,1.0
20210321,16,164.0,154.0,160.0,162.0,160.0,0,11.2,4.2,39.0,0.4,167.2,7,21,3,0.0,1.0
20210321,17,117.0,109.0,148.0,162.0,134.0,0,11.1,2.5,40.0,0.4,167.2,7,21,3,0.0,1.0
20210321,18,155.0,156.0,157.0,157.0,156.0,0,10.3,4.0,36.0,0.4,167.2,7,21,3,0.0,1.5
20210321,19,145.0,159.0,150.0,119.0,143.0,0,9.8,2.6,36.0,0.4,167.2,7,21,3,0.0,1.5
20210321,20,115.0,133.0,134.0,125.0,127.0,0,9.1,4.0,34.0,0.4,167.2,7,21,3,0.0,1.5
20210321,21,121.0,122.0,133.0,131.0,127.0,0,7.9,3.4,36.0,0.4,167.2,7,21,3,0.0,1.5
20210321,22,100.0,118.0,117.0,121.0,114.0,0,6.7,2.6,41.0,0.4,167.2,7,21,3,0.0,1.5
20210321,23,124.0,130.0,113.0,82.0,112.0,0,5.8,3.7,47.0,0.4,167.2,7,21,3,0.0,1.5
20210322,0,69.0,71.0,74.0,71.0,71.0,0,5.5,4.0,50.0,0.0,167.2,1,22,3,0.0,1.5
20210322,1,93.0,112.0,109.0,118.0,108.0,0,5.2,5.5,52.0,0.0,167.2,1,22,3,0.0,1.5
20210322,2,118.0,110.0,103.0,120.0,113.0,0,4.9,5.3,54.0,0.0,167.2,1,22,3,0.0,1.5
20210322,3,96.0,123.0,117.0,116.0,113.0,0,4.8,4.9,54.0,0.0,167.2,1,22,3,0.0,1.5
20210322,4,113.0,112.0,121.0,120.0,117.0,0,4.6,5.3,53.0,0.0,167.2,1,22,3,0.0,1.5
20210322,5,86.0,76.0,100.0,112.0,94.0,0,4.3,6.0,54.0,0.0,167.2,1,22,3,0.0,1.5
20210322,6,117.0,117.0,114.0,108.0,114.0,0,4.0,6.2,54.0,0.0,167.2,1,22,3,0.0,1.5
20210322,7,105.0,128.0,162.0,159.0,139.0,0,3.7,5.9,52.0,0.0,167.2,1,22,3,0.0,1.5
20210322,8,165.0,167.0,174.0,178.0,171.0,855,4.5,5.3,45.0,0.0,167.2,1,22,3,1.25,1.5
20210322,9,170.0,176.0,160.0,160.0,167.0,710,5.6,5.5,39.0,0.0,167.2,1,22,3,1.066066066,1.0
20210322,10,140.0,175.0,189.0,185.0,172.0,2924,7.0,5.3,34.0,0.0,167.2,1,22,3,4.24383164,1.0
20210322,11,169.0,172.0,180.0,168.0,172.0,1318,8.6,4.8,31.0,0.0,167.2,1,22,3,1.912917271,1.0
20210322,12,116.0,104.0,101.0,122.0,111.0,1133,9.5,5.4,27.0,0.0,167.2,1,22,3,2.557562077,1.0
20210322,13,156.0,155.0,168.0,186.0,166.0,781,10.7,4.7,25.0,0.0,167.2,1,22,3,1.17443609,1.0
20210322,14,172.0,151.0,140.0,163.0,157.0,3513,11.6,4.9,22.0,0.0,167.2,1,22,3,5.611821086,1.0
20210322,15,125.0,171.0,168.0,161.0,156.0,1272,11.8,4.4,20.0,0.0,167.2,1,22,3,2.0352,1.0
20210322,16,148.0,175.0,162.0,154.0,160.0,1557,12.6,3.6,21.0,0.0,167.2,1,22,3,2.436619718,1.0
20210322,17,104.0,87.0,129.0,159.0,120.0,1143,12.1,3.1,25.0,0.0,167.2,1,22,3,2.386221294,1.0
20210322,18,164.0,150.0,147.0,149.0,153.0,2718,11.0,2.3,27.0,0.0,167.2,1,22,3,4.455737705,1.5
20210322,19,153.0,142.0,174.0,154.0,156.0,2545,9.8,2.1,31.0,0.0,167.2,1,22,3,4.085072231,1.5
20210322,20,133.0,134.0,129.0,134.0,133.0,221,9.1,2.4,34.0,0.0,167.2,1,22,3,0.416981132,1.5
20210322,21,123.0,128.0,128.0,123.0,126.0,101,8.7,1.5,34.0,0.0,167.2,1,22,3,0.201195219,1.5
20210322,22,98.0,122.0,118.0,116.0,114.0,41,7.8,2.0,36.0,0.0,167.2,1,22,3,0.09030837,1.5
20210322,23,131.0,120.0,114.0,88.0,113.0,37,7.3,1.3,35.0,0.0,167.2,1,22,3,0.081677704,1.5
20210323,0,70.0,69.0,69.0,68.0,69.0,74,6.5,1.0,36.0,0.0,167.2,2,23,3,0.268115942,1.5
20210323,1,97.0,105.0,102.0,106.0,103.0,166,6.8,1.9,33.0,0.0,167.2,2,23,3,0.404878049,1.5
20210323,2,119.0,123.0,123.0,113.0,120.0,115,6.7,2.0,35.0,0.0,167.2,2,23,3,0.240585774,1.5
20210323,3,92.0,99.0,108.0,113.0,103.0,65,6.5,2.5,37.0,0.0,167.2,2,23,3,0.15776699,1.5
20210323,4,116.0,111.0,109.0,111.0,112.0,195,7.1,3.3,35.0,0.0,167.2,2,23,3,0.436241611,1.5
20210323,5,86.0,72.0,98.0,125.0,95.0,154,6.7,2.4,37.0,0.0,167.2,2,23,3,0.404199475,1.5
20210323,6,125.0,115.0,108.0,119.0,117.0,24,4.3,0.4,48.0,0.0,167.2,2,23,3,0.051391863,1.5
20210323,7,120.0,134.0,158.0,149.0,140.0,783,4.9,0.5,47.0,0.0,167.2,2,23,3,1.395721925,1.5
20210323,8,151.0,174.0,165.0,160.0,163.0,429,7.3,0.8,44.0,0.0,167.2,2,23,3,0.66,1.5
20210323,9,162.0,160.0,161.0,156.0,160.0,1010,9.7,1.3,32.0,0.0,167.2,2,23,3,1.580594679,1.0
20210323,10,127.0,149.0,156.0,160.0,148.0,170,12.0,2.3,26.0,0.0,167.2,2,23,3,0.287162162,1.0
20210323,11,166.0,152.0,152.0,153.0,156.0,2543,13.8,2.0,19.0,0.0,167.2,2,23,3,4.081861958,1.0
20210323,12,97.0,85.0,86.0,104.0,93.0,141,15.5,2.8,17.0,0.0,167.2,2,23,3,0.379032258,1.0
20210323,13,153.0,149.0,150.0,161.0,153.0,1052,16.4,3.1,17.0,0.0,167.2,2,23,3,1.716150082,1.0
20210323,14,149.0,146.0,156.0,153.0,151.0,9830,17.2,3.3,18.0,0.0,167.2,2,23,3,16.27483444,1.0
20210323,15,132.0,165.0,161.0,142.0,150.0,553,17.5,4.0,20.0,0.0,167.2,2,23,3,0.921666667,1.0
20210323,16,142.0,165.0,168.0,163.0,160.0,1358,17.7,3.8,23.0,0.0,167.2,2,23,3,2.128526646,1.0
20210323,17,102.0,98.0,142.0,170.0,128.0,926,17.3,3.9,25.0,0.0,167.2,2,23,3,1.80859375,1.0
20210323,18,166.0,161.0,161.0,158.0,162.0,1369,16.3,4.3,29.0,0.0,167.2,2,23,3,2.119195046,1.5
20210323,19,146.0,141.0,143.0,117.0,137.0,40,14.6,4.0,43.0,0.0,167.2,2,23,3,0.073126143,1.5
20210323,20,126.0,123.0,125.0,136.0,128.0,1,13.7,3.8,49.0,0.0,167.2,2,23,3,0.001960784,1.5
20210323,21,126.0,124.0,127.0,126.0,126.0,8,12.8,3.8,55.0,0.0,167.2,2,23,3,0.015904573,1.5
20210323,22,91.0,120.0,123.0,122.0,114.0,395,12.5,3.9,56.0,0.0,167.2,2,23,3,0.86622807,1.5
20210323,23,103.0,120.0,116.0,101.0,110.0,17,12.0,2.1,57.0,0.0,167.2,2,23,3,0.038636364,1.5
20210324,0,73.0,70.0,69.0,69.0,70.0,136,11.7,1.8,57.0,0.0,167.2,3,24,3,0.483985765,1.5
20210324,1,98.0,106.0,119.0,121.0,111.0,54,10.8,1.0,60.0,0.0,167.2,3,24,3,0.121621622,1.5
20210324,2,126.0,120.0,113.0,113.0,118.0,157,10.0,1.7,60.0,0.0,167.2,3,24,3,0.332627119,1.5
20210324,3,106.0,117.0,121.0,123.0,117.0,154,8.4,1.1,65.0,0.0,167.2,3,24,3,0.329764454,1.5
20210324,4,118.0,114.0,121.0,112.0,116.0,36,9.1,0.7,57.0,0.0,167.2,3,24,3,0.077419355,1.5
20210324,5,99.0,83.0,106.0,116.0,101.0,226,9.5,2.0,48.0,0.0,167.2,3,24,3,0.559405941,1.5
20210324,6,124.0,122.0,112.0,113.0,118.0,0,7.7,0.4,55.0,0.0,167.2,3,24,3,0.0,1.5
20210324,7,120.0,136.0,169.0,172.0,149.0,969,9.1,1.3,52.0,0.0,167.2,3,24,3,1.623115578,1.5
20210324,8,171.0,188.0,185.0,184.0,182.0,524,9.8,0.5,57.0,0.0,167.2,3,24,3,0.71978022,1.5
20210324,9,154.0,165.0,172.0,156.0,162.0,1343,11.6,1.0,52.0,0.0,167.2,3,24,3,2.075734158,1.0
20210324,10,123.0,154.0,168.0,171.0,154.0,742,13.0,1.6,38.0,0.0,167.2,3,24,3,1.204545455,1.0
20210324,11,163.0,165.0,170.0,156.0,164.0,536,15.9,1.9,28.0,0.0,167.2,3,24,3,0.819571865,1.0
20210324,12,113.0,93.0,99.0,116.0,105.0,89,16.5,3.4,23.0,0.0,167.2,3,24,3,0.211401425,1.0
20210324,13,147.0,163.0,182.0,190.0,171.0,1998,16.4,4.5,21.0,0.0,167.2,3,24,3,2.929618768,1.0
20210324,14,175.0,169.0,151.0,158.0,163.0,2394,17.3,2.7,29.0,0.0,167.2,3,24,3,3.666156202,1.0
20210324,15,114.0,141.0,166.0,180.0,150.0,1070,17.5,2.9,29.0,0.0,167.2,3,24,3,1.780366057,1.0
20210324,16,163.0,157.0,165.0,164.0,162.0,1332,16.7,3.7,33.0,0.0,167.2,3,24,3,2.05238829,1.0
20210324,17,123.0,107.0,145.0,164.0,135.0,335,16.9,2.5,34.0,0.0,167.2,3,24,3,0.621521336,1.0
20210324,18,152.0,146.0,142.0,159.0,150.0,1729,15.8,3.2,45.0,0.0,167.2,3,24,3,2.886477462,1.5
20210324,19,160.0,154.0,168.0,155.0,159.0,1932,15.0,2.1,50.0,0.0,167.2,3,24,3,3.032967033,1.5
20210324,20,128.0,131.0,141.0,142.0,136.0,0,14.6,3.6,58.0,0.0,167.2,3,24,3,0.0,1.5
20210324,21,140.0,142.0,122.0,120.0,131.0,335,14.3,3.6,59.0,0.0,167.2,3,24,3,0.639312977,1.5
20210324,22,104.0,124.0,122.0,135.0,121.0,0,14.1,4.2,66.0,0.0,167.2,3,24,3,0.0,1.5
20210324,23,129.0,122.0,119.0,89.0,115.0,193,14.0,3.1,67.0,0.0,167.2,3,24,3,0.420479303,1.5
20210325,0,74.0,70.0,70.0,70.0,71.0,0,13.5,2.1,69.0,0.0,167.2,4,25,3,0.0,1.5
20210325,1,104.0,123.0,128.0,121.0,119.0,166,12.5,1.4,73.0,0.0,167.2,4,25,3,0.348739496,1.5
20210325,2,125.0,126.0,102.0,115.0,117.0,21,12.5,1.4,73.0,0.0,167.2,4,25,3,0.044871795,1.5
20210325,3,98.0,124.0,127.0,128.0,119.0,9,10.4,1.0,81.0,0.0,167.2,4,25,3,0.018867925,1.5
20210325,4,116.0,116.0,122.0,119.0,118.0,458,10.3,2.0,77.0,0.0,167.2,4,25,3,0.968287526,1.5
20210325,5,105.0,93.0,112.0,114.0,106.0,0,9.8,2.0,75.0,0.0,167.2,4,25,3,0.0,1.5
20210325,6,108.0,107.0,120.0,122.0,114.0,93,9.7,2.2,66.0,0.0,167.2,4,25,3,0.203501094,1.5
20210325,7,122.0,124.0,152.0,142.0,135.0,916,10.4,2.2,62.0,0.0,167.2,4,25,3,1.696296296,1.5
20210325,8,135.0,154.0,166.0,168.0,156.0,615,11.1,1.4,64.0,0.0,167.2,4,25,3,0.987158909,1.5
20210325,9,162.0,170.0,178.0,169.0,170.0,866,13.3,2.4,53.0,0.0,167.2,4,25,3,1.275405007,1.0
20210325,10,151.0,176.0,178.0,182.0,172.0,1223,15.2,2.2,46.0,0.0,167.2,4,25,3,1.780203785,1.0
20210325,11,184.0,177.0,177.0,183.0,180.0,727,16.4,3.1,35.0,0.0,167.2,4,25,3,1.008321775,1.0
20210325,12,136.0,112.0,105.0,134.0,122.0,0,18.2,3.0,29.0,0.0,167.2,4,25,3,0.0,1.0
20210325,13,185.0,184.0,174.0,174.0,179.0,1322,19.0,2.8,26.0,0.0,167.2,4,25,3,1.843793584,1.0
20210325,14,184.0,177.0,169.0,178.0,177.0,6064,18.7,3.2,26.0,0.0,167.2,4,25,3,8.564971751,1.0
20210325,15,152.0,182.0,186.0,178.0,175.0,2397,17.8,3.2,29.0,0.0,167.2,4,25,3,3.434097421,1.0
20210325,16,165.0,155.0,169.0,176.0,166.0,635,17.5,3.2,32.0,0.0,167.2,4,25,3,0.954887218,1.0
20210325,17,126.0,104.0,154.0,180.0,141.0,396,16.5,2.0,41.0,0.0,167.2,4,25,3,0.70212766,1.0
20210325,18,164.0,148.0,130.0,124.0,142.0,1411,14.6,2.9,46.0,0.0,167.2,4,25,3,2.492932862,1.5
20210325,19,127.0,111.0,107.0,96.0,110.0,986,13.7,2.0,53.0,0.0,167.2,4,25,3,2.235827664,1.5
20210325,20,100.0,109.0,111.0,115.0,109.0,1,13.2,2.4,50.0,0.0,167.2,4,25,3,0.002298851,1.5
20210325,21,121.0,118.0,118.0,108.0,116.0,125,12.7,1.0,53.0,0.0,167.2,4,25,3,0.268817204,1.5
20210325,22,108.0,116.0,136.0,132.0,123.0,378,13.1,3.3,53.0,0.0,167.2,4,25,3,0.768292683,1.5
20210325,23,122.0,107.0,94.0,84.0,102.0,58,11.9,1.3,60.0,0.0,167.2,4,25,3,0.142506143,1.5
20210326,0,22.0,22.0,26.0,26.0,24.0,0,11.5,2.2,60.0,0.0,167.2,5,26,3,0.0,1.5
20210326,1,21.0,21.0,21.0,22.0,21.0,0,11.8,1.4,55.0,0.0,167.2,5,26,3,0.0,1.5
20210326,2,21.0,21.0,21.0,22.0,21.0,0,11.9,0.9,55.0,0.0,167.2,5,26,3,0.0,1.5
20210326,3,22.0,22.0,22.0,24.0,23.0,0,12.4,2.0,52.0,0.0,167.2,5,26,3,0.0,1.5
20210326,4,26.0,24.0,22.0,21.0,23.0,0,12.5,2.4,53.0,0.0,167.2,5,26,3,0.0,1.5
20210326,5,21.0,21.0,21.0,22.0,21.0,0,12.1,2.1,58.0,0.0,167.2,5,26,3,0.0,1.5
20210326,6,22.0,21.0,21.0,21.0,21.0,0,11.6,1.5,60.0,0.0,167.2,5,26,3,0.0,1.5
20210326,7,21.0,26.0,26.0,22.0,24.0,0,11.6,0.3,65.0,0.0,167.2,5,26,3,0.0,1.5
20210326,8,21.0,21.0,21.0,21.0,21.0,0,14.3,1.1,51.0,0.0,167.2,5,26,3,0.0,1.5
20210326,9,21.0,21.0,21.0,21.0,21.0,0,16.3,1.7,35.0,0.0,167.2,5,26,3,0.0,1.0
20210326,10,21.0,21.0,22.0,26.0,23.0,0,18.9,1.4,27.0,0.0,167.2,5,26,3,0.0,1.0
20210326,11,25.0,21.0,21.0,21.0,22.0,0,20.6,1.6,18.0,0.0,167.2,5,26,3,0.0,1.0
20210326,12,21.0,21.0,21.0,21.0,21.0,0,18.9,3.7,32.0,0.0,167.2,5,26,3,0.0,1.0
20210326,13,21.0,21.0,21.0,21.0,21.0,0,19.1,3.5,41.0,0.0,167.2,5,26,3,0.0,1.0
20210326,14,24.0,25.0,21.0,21.0,23.0,0,18.3,3.5,39.0,0.0,167.2,5,26,3,0.0,1.0
20210326,15,21.0,21.0,21.0,21.0,21.0,0,17.3,3.1,40.0,0.0,167.2,5,26,3,0.0,1.0
20210326,16,21.0,21.0,21.0,21.0,21.0,0,16.8,2.7,44.0,0.0,167.2,5,26,3,0.0,1.0
20210326,17,24.0,26.0,22.0,21.0,23.0,0,16.3,3.1,49.0,0.0,167.2,5,26,3,0.0,1.0
20210326,18,21.0,21.0,21.0,21.0,21.0,0,15.5,2.8,58.0,0.0,167.2,5,26,3,0.0,1.5
20210326,19,21.0,21.0,21.0,21.0,21.0,0,14.9,3.0,57.0,0.0,167.2,5,26,3,0.0,1.5
20210326,20,22.0,26.0,24.0,21.0,23.0,0,14.3,2.2,57.0,0.0,167.2,5,26,3,0.0,1.5
20210326,21,21.0,21.0,21.0,22.0,21.0,0,13.5,1.4,63.0,0.0,167.2,5,26,3,0.0,1.5
20210326,22,21.0,21.0,21.0,21.0,21.0,0,12.5,0.4,71.0,0.0,167.2,5,26,3,0.0,1.5
20210326,23,21.0,24.0,26.0,25.0,24.0,0,11.8,0.4,75.0,0.0,167.2,5,26,3,0.0,1.5
20210327,0,63.0,63.0,64.0,63.0,63.0,0,11.5,0.2,76.0,0.0,167.2,6,27,3,0.0,1.5
20210327,1,96.0,93.0,116.0,113.0,105.0,390,11.2,0.3,79.0,0.0,167.2,6,27,3,0.933014354,1.5
20210327,2,106.0,96.0,106.0,107.0,104.0,60,10.6,0.5,83.0,0.0,167.2,6,27,3,0.144578313,1.5
20210327,3,92.0,110.0,110.0,109.0,105.0,4,9.2,0.0,88.0,0.0,167.2,6,27,3,0.009501188,1.5
20210327,4,108.0,105.0,106.0,108.0,107.0,678,9.0,0.2,91.0,0.0,167.2,6,27,3,1.587822014,1.5
20210327,5,89.0,83.0,99.0,98.0,92.0,44,8.5,0.0,94.0,0.0,167.2,6,27,3,0.119241192,1.5
20210327,6,102.0,111.0,110.0,103.0,107.0,31,8.3,0.7,94.0,0.0,167.2,6,27,3,0.072769953,1.5
20210327,7,92.0,75.0,48.0,29.0,61.0,760,9.0,0.2,94.0,0.0,167.2,6,27,3,3.114754098,1.5
20210327,8,27.0,25.0,22.0,22.0,24.0,0,10.4,0.5,86.0,0.0,167.2,6,27,3,0.0,1.5
20210327,9,22.0,22.0,22.0,22.0,22.0,0,11.8,1.2,84.0,0.0,167.2,6,27,3,0.0,1.0
20210327,10,22.0,22.0,22.0,22.0,22.0,0,13.5,1.0,76.0,0.0,167.2,6,27,3,0.0,1.0
20210327,11,22.0,23.0,28.0,27.0,25.0,0,15.2,1.9,72.0,0.0,167.2,6,27,3,0.0,1.0
20210327,12,22.0,23.0,22.0,22.0,22.0,0,15.9,2.9,79.0,0.0,167.2,6,27,3,0.0,1.0
20210327,13,22.0,23.0,22.0,22.0,22.0,0,17.1,3.4,79.0,0.0,167.2,6,27,3,0.0,1.0
20210327,14,22.0,23.0,22.0,23.0,23.0,0,16.3,3.3,77.0,0.0,167.2,6,27,3,0.0,1.0
20210327,15,28.0,26.0,23.0,22.0,25.0,0,16.7,2.9,75.0,0.0,167.2,6,27,3,0.0,1.0
20210327,16,23.0,23.0,22.0,23.0,23.0,0,17.2,2.7,74.0,0.0,167.2,6,27,3,0.0,1.0
20210327,17,22.0,22.0,22.0,23.0,22.0,0,16.8,3.4,72.0,0.0,167.2,6,27,3,0.0,1.0
20210327,18,22.0,23.0,27.0,27.0,25.0,0,16.6,4.2,71.0,0.0,167.2,6,27,3,0.0,1.5
20210327,19,22.0,22.0,22.0,22.0,22.0,0,16.2,2.8,78.0,0.0,167.2,6,27,3,0.0,1.5
20210327,20,22.0,22.0,22.0,22.0,22.0,0,15.1,3.7,97.0,1.3,167.2,6,27,3,0.0,1.5
20210327,21,23.0,22.0,22.0,27.0,24.0,0,14.3,5.1,98.0,7.8,167.2,6,27,3,0.0,1.5
20210327,22,26.0,22.0,22.0,22.0,23.0,0,14.4,4.0,98.0,15.0,167.2,6,27,3,0.0,1.5
20210327,23,22.0,22.0,22.0,22.0,22.0,0,14.8,4.0,98.0,20.9,167.2,6,27,3,0.0,1.5
20210328,0,24.0,23.0,24.0,24.0,24.0,0,15.0,4.9,98.0,23.6,167.2,7,28,3,0.0,1.5
20210328,1,23.0,26.0,28.0,25.0,26.0,0,15.0,3.7,98.0,5.5,167.2,7,28,3,0.0,1.5
20210328,2,22.0,22.0,22.0,22.0,22.0,0,15.8,5.0,98.0,9.4,167.2,7,28,3,0.0,1.5
20210328,3,23.0,24.0,24.0,23.0,24.0,0,16.1,4.8,98.0,10.4,167.2,7,28,3,0.0,1.5
20210328,4,24.0,24.0,26.0,28.0,26.0,0,15.6,3.0,98.0,11.1,167.2,7,28,3,0.0,1.5
20210328,5,22.0,22.0,22.0,22.0,22.0,0,15.9,3.3,98.0,11.2,167.2,7,28,3,0.0,1.5
20210328,6,23.0,23.0,23.0,23.0,23.0,0,15.4,2.9,98.0,11.2,167.2,7,28,3,0.0,1.5
20210328,7,21.0,23.0,26.0,25.0,24.0,0,15.5,2.2,98.0,11.2,167.2,7,28,3,0.0,1.5
20210328,8,144.0,167.0,190.0,198.0,175.0,0,16.4,1.9,94.0,11.2,167.2,7,28,3,0.0,1.5
20210328,9,185.0,182.0,174.0,172.0,178.0,0,17.0,1.5,83.0,11.2,167.2,7,28,3,0.0,1.0
20210328,10,135.0,184.0,182.0,168.0,167.0,0,17.7,3.2,57.0,11.2,167.2,7,28,3,0.0,1.0
20210328,11,176.0,178.0,193.0,184.0,183.0,0,18.6,3.8,52.0,11.2,167.2,7,28,3,0.0,1.0
20210328,12,131.0,112.0,107.0,135.0,121.0,0,19.3,3.7,49.0,11.2,167.2,7,28,3,0.0,1.0
20210328,13,169.0,189.0,191.0,191.0,185.0,0,20.4,3.6,49.0,11.2,167.2,7,28,3,0.0,1.0
20210328,14,183.0,171.0,178.0,189.0,180.0,0,20.7,3.1,49.0,11.2,167.2,7,28,3,0.0,1.0
20210328,15,155.0,188.0,194.0,189.0,182.0,0,21.0,2.8,46.0,11.2,167.2,7,28,3,0.0,1.0
20210328,16,172.0,163.0,164.0,172.0,168.0,0,21.1,2.6,46.0,11.2,167.2,7,28,3,0.0,1.0
20210328,17,132.0,123.0,166.0,179.0,150.0,0,21.0,2.8,42.0,11.2,167.2,7,28,3,0.0,1.0
20210328,18,183.0,185.0,168.0,171.0,177.0,0,20.3,2.6,42.0,11.2,167.2,7,28,3,0.0,1.5
20210328,19,158.0,169.0,163.0,121.0,153.0,0,18.2,1.1,51.0,11.2,167.2,7,28,3,0.0,1.5
20210328,20,110.0,113.0,111.0,113.0,112.0,0,17.3,2.4,56.0,11.2,167.2,7,28,3,0.0,1.5
20210328,21,115.0,120.0,123.0,113.0,118.0,0,16.1,1.4,59.0,11.2,167.2,7,28,3,0.0,1.5
20210328,22,102.0,104.0,111.0,119.0,109.0,0,15.5,1.1,60.0,11.2,167.2,7,28,3,0.0,1.5
20210328,23,126.0,111.0,111.0,81.0,107.0,0,14.3,0.8,61.0,11.2,167.2,7,28,3,0.0,1.5
20210329,0,67.0,66.0,66.0,66.0,66.0,0,14.1,2.1,63.0,11.2,167.2,1,29,3,0.0,1.5
20210329,1,94.0,101.0,112.0,110.0,104.0,0,14.4,2.9,64.0,0.0,167.2,1,29,3,0.0,1.5
20210329,2,124.0,124.0,107.0,95.0,113.0,0,14.9,3.1,55.0,0.0,167.2,1,29,3,0.0,1.5
20210329,3,90.0,100.0,109.0,115.0,104.0,0,16.0,2.5,58.0,0.0,167.2,1,29,3,0.0,1.5
20210329,4,112.0,114.0,114.0,99.0,110.0,0,16.0,2.5,60.0,0.0,167.2,1,29,3,0.0,1.5
20210329,5,76.0,72.0,102.0,110.0,90.0,0,15.0,2.1,65.0,0.0,167.2,1,29,3,0.0,1.5
20210329,6,119.0,113.0,108.0,112.0,113.0,0,15.7,1.6,52.0,0.0,167.2,1,29,3,0.0,1.5
20210329,7,113.0,120.0,154.0,160.0,137.0,10,14.1,1.6,66.0,0.0,167.2,1,29,3,0.018281536,1.5
20210329,8,190.0,222.0,207.0,189.0,202.0,1644,14.0,2.1,72.0,0.0,167.2,1,29,3,2.034653465,1.5
20210329,9,183.0,179.0,179.0,176.0,179.0,1648,15.6,2.6,45.0,0.0,167.2,1,29,3,2.29846583,1.0
20210329,10,139.0,169.0,175.0,168.0,163.0,720,16.7,1.7,32.0,0.0,167.2,1,29,3,1.105990783,1.0
20210329,11,182.0,191.0,200.0,200.0,193.0,1059,17.3,3.1,25.0,0.0,167.2,1,29,3,1.369987063,1.0
20210329,12,134.0,104.0,100.0,133.0,118.0,52,17.8,3.6,23.0,0.0,167.2,1,29,3,0.110403397,1.0
20210329,13,179.0,194.0,186.0,187.0,187.0,669,18.6,3.4,25.0,0.0,167.2,1,29,3,0.896782842,1.0
20210329,14,168.0,181.0,183.0,177.0,177.0,1152,19.1,2.7,25.0,0.0,167.2,1,29,3,1.624823695,1.0
20210329,15,139.0,179.0,170.0,165.0,163.0,271,19.4,2.5,34.0,0.0,167.2,1,29,3,0.415007657,1.0
20210329,16,167.0,167.0,157.0,164.0,164.0,2375,18.2,2.1,39.0,0.0,167.2,1,29,3,3.625954198,1.0
20210329,17,122.0,99.0,136.0,153.0,128.0,294,18.2,1.2,44.0,0.0,167.2,1,29,3,0.576470588,1.0
20210329,18,160.0,163.0,164.0,175.0,166.0,1408,17.1,0.8,53.0,0.0,167.2,1,29,3,2.126888218,1.5
20210329,19,177.0,173.0,154.0,137.0,160.0,3513,16.3,1.4,52.0,0.0,167.2,1,29,3,5.48049922,1.5
20210329,20,132.0,134.0,137.0,135.0,135.0,370,15.8,2.1,43.0,0.0,167.2,1,29,3,0.687732342,1.5
20210329,21,125.0,126.0,125.0,119.0,124.0,62,14.8,1.8,43.0,0.0,167.2,1,29,3,0.125252525,1.5
20210329,22,105.0,108.0,121.0,116.0,113.0,204,14.0,1.2,44.0,0.0,167.2,1,29,3,0.453333333,1.5
20210329,23,110.0,113.0,109.0,82.0,104.0,51,13.9,3.0,45.0,0.0,167.2,1,29,3,0.123188406,1.5
20210330,0,69.0,67.0,67.0,65.0,67.0,252,13.9,2.5,41.0,0.0,167.2,2,30,3,0.940298507,1.5
20210330,1,90.0,102.0,112.0,112.0,104.0,24,13.4,3.0,39.0,0.0,167.2,2,30,3,0.057692308,1.5
20210330,2,118.0,110.0,108.0,103.0,110.0,272,12.8,3.3,37.0,0.0,167.2,2,30,3,0.619589977,1.5
20210330,3,101.0,110.0,120.0,117.0,112.0,1796,12.1,0.9,38.0,0.0,167.2,2,30,3,4.008928571,1.5
20210330,4,116.0,114.0,103.0,103.0,109.0,358,11.6,1.3,38.0,0.0,167.2,2,30,3,0.821100917,1.5
20210330,5,93.0,82.0,103.0,115.0,98.0,775,11.2,2.1,38.0,0.0,167.2,2,30,3,1.972010178,1.5
20210330,6,113.0,111.0,115.0,118.0,114.0,144,11.1,1.6,36.0,0.0,167.2,2,30,3,0.315098468,1.5
20210330,7,116.0,125.0,142.0,143.0,132.0,534,11.1,2.1,36.0,0.0,167.2,2,30,3,1.015209125,1.5
20210330,8,164.0,177.0,185.0,193.0,180.0,736,11.6,2.4,38.0,0.0,167.2,2,30,3,1.02364395,1.5
20210330,9,184.0,187.0,173.0,171.0,179.0,1209,12.0,3.5,36.0,0.0,167.2,2,30,3,1.690909091,1.0
20210330,10,142.0,171.0,169.0,152.0,159.0,1037,13.1,3.8,31.0,0.0,167.2,2,30,3,1.635646688,1.0
20210330,11,146.0,139.0,141.0,150.0,144.0,1193,13.9,3.0,31.0,0.0,167.2,2,30,3,2.071180556,1.0
20210330,12,119.0,104.0,99.0,109.0,108.0,7208,16.2,2.1,27.0,0.0,167.2,2,30,3,16.72389791,1.0
20210330,13,145.0,166.0,171.0,184.0,167.0,946,18.3,1.4,21.0,0.0,167.2,2,30,3,1.42042042,1.0
20210330,14,177.0,160.0,161.0,165.0,166.0,904,18.8,2.6,21.0,0.0,167.2,2,30,3,1.363499246,1.0
20210330,15,133.0,175.0,178.0,168.0,164.0,61,18.6,2.9,28.0,0.0,167.2,2,30,3,0.093272171,1.0
20210330,16,163.0,165.0,152.0,162.0,161.0,1290,16.7,4.3,37.0,0.0,167.2,2,30,3,2.009345794,1.0
20210330,17,133.0,144.0,181.0,167.0,156.0,1514,16.2,2.3,41.0,0.0,167.2,2,30,3,2.4224,1.0
20210330,18,153.0,156.0,164.0,165.0,160.0,984,14.2,2.8,45.0,0.0,167.2,2,30,3,1.542319749,1.5
20210330,19,162.0,155.0,141.0,107.0,141.0,2347,12.4,0.7,52.0,0.0,167.2,2,30,3,4.153982301,1.5
20210330,20,100.0,109.0,115.0,112.0,109.0,15,11.5,0.1,59.0,0.0,167.2,2,30,3,0.03440367,1.5
20210330,21,113.0,117.0,113.0,108.0,113.0,187,11.0,0.5,63.0,0.0,167.2,2,30,3,0.414634146,1.5
20210330,22,88.0,103.0,114.0,118.0,106.0,26,11.2,1.1,66.0,0.0,167.2,2,30,3,0.061465721,1.5
20210330,23,120.0,116.0,103.0,77.0,104.0,400,10.1,0.0,71.0,0.0,167.2,2,30,3,0.961538462,1.5
20210331,0,22.0,22.0,26.0,26.0,24.0,0,9.6,1.7,73.0,0.0,167.2,3,31,3,0.0,1.5
20210331,1,21.0,21.0,21.0,22.0,21.0,0,8.9,0.5,75.0,0.0,167.2,3,31,3,0.0,1.5
20210331,2,21.0,21.0,21.0,22.0,21.0,0,8.3,0.4,78.0,0.0,167.2,3,31,3,0.0,1.5
20210331,3,22.0,22.0,22.0,24.0,23.0,0,7.8,0.1,80.0,0.0,167.2,3,31,3,0.0,1.5
20210331,4,26.0,24.0,22.0,21.0,23.0,0,7.2,0.6,81.0,0.0,167.2,3,31,3,0.0,1.5
20210331,5,21.0,21.0,21.0,22.0,21.0,0,7.2,2.1,84.0,0.0,167.2,3,31,3,0.0,1.5
20210331,6,22.0,21.0,21.0,21.0,21.0,0,6.7,0.1,87.0,0.0,167.2,3,31,3,0.0,1.5
20210331,7,21.0,26.0,26.0,22.0,24.0,0,7.6,0.1,88.0,0.0,167.2,3,31,3,0.0,1.5
20210331,8,21.0,21.0,21.0,21.0,21.0,0,10.9,0.3,76.0,0.0,167.2,3,31,3,0.0,1.5
20210331,9,21.0,21.0,21.0,21.0,21.0,0,12.8,1.1,68.0,0.0,167.2,3,31,3,0.0,1.0
20210331,10,21.0,21.0,22.0,26.0,23.0,0,15.1,1.6,46.0,0.0,167.2,3,31,3,0.0,1.0
20210331,11,25.0,21.0,21.0,21.0,22.0,0,17.3,2.6,41.0,0.0,167.2,3,31,3,0.0,1.0
20210331,12,21.0,21.0,21.0,21.0,21.0,0,17.5,2.7,43.0,0.0,167.2,3,31,3,0.0,1.0
20210331,13,21.0,21.0,21.0,21.0,21.0,0,18.0,2.9,45.0,0.0,167.2,3,31,3,0.0,1.0
20210331,14,24.0,25.0,21.0,21.0,23.0,0,18.1,2.4,42.0,0.0,167.2,3,31,3,0.0,1.0
20210331,15,21.0,21.0,21.0,21.0,21.0,0,17.7,3.4,40.0,0.0,167.2,3,31,3,0.0,1.0
20210331,16,21.0,21.0,21.0,21.0,21.0,0,16.3,3.7,55.0,0.0,167.2,3,31,3,0.0,1.0
20210331,17,24.0,26.0,22.0,21.0,23.0,0,14.5,3.1,62.0,0.0,167.2,3,31,3,0.0,1.0
20210331,18,21.0,21.0,21.0,21.0,21.0,0,13.5,3.6,69.0,0.0,167.2,3,31,3,0.0,1.5
20210331,19,21.0,21.0,21.0,21.0,21.0,0,12.8,2.0,72.0,0.0,167.2,3,31,3,0.0,1.5
20210331,20,22.0,26.0,24.0,21.0,23.0,0,12.1,0.7,73.0,0.0,167.2,3,31,3,0.0,1.5
20210331,21,21.0,21.0,21.0,22.0,21.0,0,12.1,1.4,72.0,0.0,167.2,3,31,3,0.0,1.5
20210331,22,21.0,21.0,21.0,21.0,21.0,0,11.5,1.4,74.0,0.0,167.2,3,31,3,0.0,1.5
20210331,23,21.0,24.0,26.0,25.0,24.0,0,11.6,1.8,77.0,0.0,167.2,3,31,3,0.0,1.5
20210401,0,26.0,23.0,21.0,21.0,23.0,0,11.2,1.6,77.0,0.0,167.2,4,1,4,0.0,1.5
20210401,1,21.0,21.0,21.0,21.0,21.0,332,10.8,2.6,79.0,0.0,167.2,4,1,4,3.952380952,1.5
20210401,2,21.0,21.0,21.0,21.0,21.0,77,10.6,1.8,79.0,0.0,167.2,4,1,4,0.916666667,1.5
20210401,3,24.0,26.0,22.0,21.0,23.0,682,10.5,2.1,78.0,0.0,167.2,4,1,4,7.333333333,1.5
20210401,4,21.0,21.0,21.0,21.0,21.0,0,10.7,1.4,83.0,0.0,167.2,4,1,4,0.0,1.5
20210401,5,21.0,21.0,21.0,21.0,21.0,48,11.1,1.8,85.0,0.0,167.2,4,1,4,0.571428571,1.5
20210401,6,23.0,25.0,24.0,21.0,23.0,71,11.8,2.5,86.0,0.0,167.2,4,1,4,0.76344086,1.5
20210401,7,22.0,40.0,76.0,97.0,59.0,1231,12.2,3.0,83.0,0.0,167.2,4,1,4,5.238297872,1.5
20210401,8,153.0,184.0,183.0,179.0,175.0,398,13.7,2.6,73.0,0.0,167.2,4,1,4,0.569384835,1.5
20210401,9,181.0,178.0,164.0,157.0,170.0,802,14.7,3.5,68.0,0.0,167.2,4,1,4,1.179411765,1.0
20210401,10,125.0,141.0,164.0,164.0,149.0,298,15.6,3.6,62.0,0.0,167.2,4,1,4,0.501683502,1.0
20210401,11,173.0,170.0,173.0,179.0,174.0,823,16.2,3.6,60.0,0.0,167.2,4,1,4,1.184172662,1.0
20210401,12,105.0,93.0,93.0,134.0,106.0,35,16.0,4.9,55.0,0.0,167.2,4,1,4,0.082352941,1.0
20210401,13,177.0,177.0,182.0,179.0,179.0,529,16.4,4.4,53.0,0.0,167.2,4,1,4,0.73986014,1.0
20210401,14,170.0,168.0,164.0,167.0,167.0,1062,14.9,4.4,57.0,0.0,167.2,4,1,4,1.587443946,1.0
20210401,15,125.0,165.0,160.0,167.0,154.0,392,15.3,4.4,55.0,0.0,167.2,4,1,4,0.635332253,1.0
20210401,16,162.0,145.0,146.0,136.0,147.0,4140,15.0,3.5,49.0,0.0,167.2,4,1,4,7.028862479,1.0
20210401,17,98.0,99.0,131.0,146.0,119.0,206,14.3,4.9,53.0,0.0,167.2,4,1,4,0.434599156,1.0
20210401,18,128.0,130.0,138.0,141.0,134.0,1652,13.7,4.1,56.0,0.0,167.2,4,1,4,3.076350093,1.5
20210401,19,133.0,130.0,119.0,106.0,122.0,1634,13.1,4.5,61.0,0.0,167.2,4,1,4,3.348360656,1.5
20210401,20,108.0,101.0,117.0,113.0,110.0,105,12.8,3.5,65.0,0.0,167.2,4,1,4,0.239179954,1.5
20210401,21,100.0,105.0,102.0,110.0,104.0,21,12.7,2.6,63.0,0.0,167.2,4,1,4,0.050359712,1.5
20210401,22,92.0,110.0,106.0,110.0,105.0,253,12.8,2.8,61.0,0.0,167.2,4,1,4,0.605263158,1.5
20210401,23,103.0,114.0,104.0,73.0,99.0,30,12.8,3.7,64.0,0.0,167.2,4,1,4,0.076142132,1.5
20210402,0,68.0,63.0,65.0,64.0,65.0,30,12.7,3.7,67.0,0.0,167.2,5,2,4,0.115384615,1.5
20210402,1,97.0,106.0,117.0,113.0,108.0,0,12.6,2.8,68.0,0.0,167.2,5,2,4,0.0,1.5
20210402,2,120.0,117.0,116.0,112.0,116.0,634,12.6,3.9,73.0,0.0,167.2,5,2,4,1.36344086,1.5
20210402,3,90.0,108.0,104.0,113.0,104.0,102,12.5,2.8,75.0,0.0,167.2,5,2,4,0.245783133,1.5
20210402,4,101.0,98.0,108.0,97.0,101.0,89,12.5,3.9,76.0,0.0,167.2,5,2,4,0.22029703,1.5
20210402,5,79.0,76.0,90.0,94.0,85.0,45,12.4,2.7,77.0,0.0,167.2,5,2,4,0.132743363,1.5
20210402,6,109.0,110.0,112.0,111.0,111.0,62,12.4,2.3,79.0,0.0,167.2,5,2,4,0.140271493,1.5
20210402,7,108.0,115.0,142.0,139.0,126.0,1172,12.5,2.9,80.0,0.0,167.2,5,2,4,2.325396825,1.5
20210402,8,162.0,181.0,167.0,175.0,171.0,0,12.9,2.9,78.0,0.0,167.2,5,2,4,0.0,1.5
20210402,9,169.0,155.0,177.0,172.0,168.0,0,13.8,2.9,75.0,0.0,167.2,5,2,4,0.0,1.0
20210402,10,129.0,170.0,169.0,174.0,161.0,0,14.4,3.4,74.0,0.0,167.2,5,2,4,0.0,1.0
20210402,11,178.0,169.0,170.0,173.0,173.0,0,14.8,3.0,74.0,0.0,167.2,5,2,4,0.0,1.0
20210402,12,105.0,89.0,91.0,129.0,104.0,0,14.8,3.4,76.0,0.0,167.2,5,2,4,0.0,1.0
20210402,13,170.0,166.0,165.0,160.0,165.0,0,15.7,2.7,71.0,0.0,167.2,5,2,4,0.0,1.0
20210402,14,161.0,163.0,161.0,180.0,166.0,0,17.0,3.0,67.0,0.0,167.2,5,2,4,0.0,1.0
20210402,15,133.0,173.0,177.0,153.0,159.0,0,17.6,2.7,64.0,0.0,167.2,5,2,4,0.0,1.0
20210402,16,161.0,164.0,162.0,157.0,161.0,0,18.3,1.3,61.0,0.0,167.2,5,2,4,0.0,1.0
20210402,17,110.0,90.0,139.0,153.0,123.0,0,16.6,2.7,67.0,0.0,167.2,5,2,4,0.0,1.0
20210402,18,150.0,169.0,169.0,162.0,163.0,0,15.3,2.4,72.0,0.0,167.2,5,2,4,0.0,1.5
20210402,19,159.0,164.0,172.0,138.0,158.0,0,13.8,1.9,77.0,0.0,167.2,5,2,4,0.0,1.5
20210402,20,122.0,125.0,118.0,129.0,124.0,0,13.2,1.8,81.0,0.0,167.2,5,2,4,0.0,1.5
20210402,21,125.0,134.0,122.0,117.0,125.0,0,12.7,1.6,82.0,0.0,167.2,5,2,4,0.0,1.5
20210402,22,98.0,100.0,115.0,105.0,105.0,0,12.5,1.6,81.0,0.0,167.2,5,2,4,0.0,1.5
20210402,23,106.0,103.0,98.0,73.0,95.0,0,12.4,2.1,84.0,0.0,167.2,5,2,4,0.0,1.5
20210403,0,76.0,68.0,72.0,65.0,70.0,0,11.9,1.6,87.0,0.0,167.2,6,3,4,0.0,1.5
20210403,1,95.0,103.0,115.0,116.0,107.0,0,11.6,0.8,90.0,0.0,167.2,6,3,4,0.0,1.5
20210403,2,118.0,112.0,107.0,97.0,109.0,0,11.1,1.8,93.0,0.0,167.2,6,3,4,0.0,1.5
20210403,3,89.0,105.0,100.0,104.0,100.0,0,11.0,1.1,94.0,0.0,167.2,6,3,4,0.0,1.5
20210403,4,101.0,107.0,100.0,99.0,102.0,0,11.1,2.4,95.0,0.0,167.2,6,3,4,0.0,1.5
20210403,5,82.0,79.0,91.0,92.0,86.0,0,10.7,0.9,97.0,0.0,167.2,6,3,4,0.0,1.5
20210403,6,103.0,102.0,103.0,97.0,101.0,0,11.3,0.5,97.0,0.0,167.2,6,3,4,0.0,1.5
20210403,7,97.0,92.0,68.0,30.0,72.0,56,12.7,0.3,94.0,0.0,167.2,6,3,4,0.195121951,1.5
20210403,8,21.0,25.0,25.0,21.0,23.0,0,13.8,0.1,88.0,0.0,167.2,6,3,4,0.0,1.5
20210403,9,21.0,21.0,20.0,20.0,21.0,0,14.7,0.2,84.0,0.0,167.2,6,3,4,0.0,1.0
20210403,10,21.0,21.0,20.0,21.0,21.0,0,16.1,0.5,83.0,0.0,167.2,6,3,4,0.0,1.0
20210403,11,21.0,21.0,24.0,26.0,23.0,0,16.1,0.5,83.0,0.0,167.2,6,3,4,0.0,1.0
20210403,12,24.0,21.0,21.0,21.0,22.0,0,19.6,2.4,74.0,0.0,167.2,6,3,4,0.0,1.0
20210403,13,21.0,21.0,21.0,21.0,21.0,0,18.7,2.7,78.0,0.0,167.2,6,3,4,0.0,1.0
20210403,14,20.0,21.0,21.0,21.0,21.0,0,18.3,2.8,84.0,0.0,167.2,6,3,4,0.0,1.0
20210403,15,25.0,26.0,21.0,21.0,23.0,0,16.6,2.2,98.0,1.7,167.2,6,3,4,0.0,1.0
20210403,16,21.0,21.0,21.0,21.0,21.0,0,16.1,1.6,98.0,2.8,167.2,6,3,4,0.0,1.0
20210403,17,21.0,21.0,21.0,21.0,21.0,0,15.5,0.4,98.0,8.2,167.2,6,3,4,0.0,1.0
20210403,18,21.0,25.0,25.0,21.0,23.0,0,15.5,1.1,98.0,12.2,167.2,6,3,4,0.0,1.5
20210403,19,20.0,20.0,21.0,21.0,21.0,0,15.5,1.2,98.0,13.9,167.2,6,3,4,0.0,1.5
20210403,20,20.0,20.0,21.0,21.0,21.0,0,15.6,0.4,98.0,18.3,167.2,6,3,4,0.0,1.5
20210403,21,22.0,23.0,26.0,25.0,24.0,0,15.6,0.3,98.0,24.1,167.2,6,3,4,0.0,1.5
20210403,22,21.0,21.0,22.0,21.0,21.0,0,15.5,1.4,98.0,29.0,167.2,6,3,4,0.0,1.5
20210403,23,21.0,21.0,21.0,21.0,21.0,0,14.6,1.2,98.0,30.2,167.2,6,3,4,0.0,1.5
20210404,0,21.0,21.0,21.0,22.0,21.0,0,13.4,1.9,98.0,32.5,167.2,7,4,4,0.0,1.5
20210404,1,25.0,24.0,21.0,20.0,23.0,0,12.1,2.4,98.0,3.0,167.2,7,4,4,0.0,1.5
20210404,2,21.0,21.0,21.0,21.0,21.0,0,11.9,1.4,98.0,5.4,167.2,7,4,4,0.0,1.5
20210404,3,21.0,21.0,21.0,21.0,21.0,0,11.4,1.8,98.0,8.5,167.2,7,4,4,0.0,1.5
20210404,4,23.0,26.0,24.0,21.0,24.0,0,11.2,2.3,98.0,9.5,167.2,7,4,4,0.0,1.5
20210404,5,21.0,21.0,21.0,21.0,21.0,0,11.0,2.2,98.0,9.9,167.2,7,4,4,0.0,1.5
20210404,6,21.0,21.0,21.0,21.0,21.0,0,11.0,3.1,98.0,14.2,167.2,7,4,4,0.0,1.5
20210404,7,21.0,25.0,25.0,23.0,24.0,0,11.0,3.6,98.0,15.4,167.2,7,4,4,0.0,1.5
20210404,8,21.0,20.0,21.0,21.0,21.0,0,10.7,3.6,97.0,16.6,167.2,7,4,4,0.0,1.5
20210404,9,21.0,20.0,21.0,20.0,21.0,0,10.4,3.0,97.0,18.0,167.2,7,4,4,0.0,1.0
20210404,10,21.0,20.0,22.0,26.0,22.0,0,10.4,3.3,96.0,18.0,167.2,7,4,4,0.0,1.0
20210404,11,24.0,21.0,21.0,21.0,22.0,0,9.7,4.0,94.0,18.0,167.2,7,4,4,0.0,1.0
20210404,12,21.0,21.0,21.0,21.0,21.0,0,10.0,4.0,87.0,18.0,167.2,7,4,4,0.0,1.0
20210404,13,21.0,20.0,20.0,24.0,21.0,0,9.9,4.1,86.0,18.0,167.2,7,4,4,0.0,1.0
20210404,14,26.0,23.0,21.0,21.0,23.0,0,9.5,4.3,85.0,18.0,167.2,7,4,4,0.0,1.0
20210404,15,20.0,20.0,21.0,21.0,21.0,0,9.5,4.6,78.0,18.0,167.2,7,4,4,0.0,1.0
20210404,16,20.0,20.0,20.0,20.0,20.0,0,9.6,3.6,71.0,18.0,167.2,7,4,4,0.0,1.0
20210404,17,22.0,25.0,25.0,21.0,23.0,0,9.6,3.1,66.0,18.0,167.2,7,4,4,0.0,1.0
20210404,18,20.0,21.0,20.0,20.0,20.0,0,9.6,3.6,62.0,18.0,167.2,7,4,4,0.0,1.5
20210404,19,20.0,20.0,20.0,21.0,20.0,0,9.2,2.7,67.0,18.0,167.2,7,4,4,0.0,1.5
20210404,20,20.0,21.0,25.0,26.0,23.0,0,9.1,3.8,69.0,18.0,167.2,7,4,4,0.0,1.5
20210404,21,22.0,21.0,22.0,21.0,22.0,0,8.9,3.1,69.0,18.0,167.2,7,4,4,0.0,1.5
20210404,22,21.0,21.0,21.0,21.0,21.0,0,8.7,2.4,67.0,18.0,167.2,7,4,4,0.0,1.5
20210404,23,21.0,21.0,21.0,25.0,22.0,0,8.6,3.0,68.0,18.0,167.2,7,4,4,0.0,1.5
20210405,0,26.0,23.0,21.0,21.0,23.0,0,8.2,2.6,70.0,18.0,167.2,1,5,4,0.0,1.5
20210405,1,21.0,21.0,21.0,21.0,21.0,0,7.0,3.0,73.0,0.0,167.2,1,5,4,0.0,1.5
20210405,2,21.0,21.0,21.0,21.0,21.0,0,6.4,2.7,75.0,0.0,167.2,1,5,4,0.0,1.5
20210405,3,24.0,26.0,22.0,21.0,23.0,0,6.0,2.6,75.0,0.0,167.2,1,5,4,0.0,1.5
20210405,4,21.0,21.0,21.0,21.0,21.0,0,6.4,3.9,64.0,0.0,167.2,1,5,4,0.0,1.5
20210405,5,21.0,21.0,21.0,21.0,21.0,0,6.2,3.5,61.0,0.0,167.2,1,5,4,0.0,1.5
20210405,6,23.0,25.0,24.0,21.0,23.0,0,6.1,2.1,65.0,0.0,167.2,1,5,4,0.0,1.5
20210405,7,22.0,40.0,76.0,97.0,59.0,0,7.0,3.4,64.0,0.0,167.2,1,5,4,0.0,1.5
20210405,8,153.0,184.0,183.0,179.0,175.0,1029,8.9,3.6,58.0,0.0,167.2,1,5,4,1.472103004,1.5
20210405,9,181.0,178.0,164.0,157.0,170.0,940,11.2,4.0,50.0,0.0,167.2,1,5,4,1.382352941,1.0
20210405,10,125.0,141.0,164.0,164.0,149.0,1371,11.9,4.6,45.0,0.0,167.2,1,5,4,2.308080808,1.0
20210405,11,173.0,170.0,173.0,179.0,174.0,2272,12.6,3.8,41.0,0.0,167.2,1,5,4,3.269064748,1.0
20210405,12,105.0,93.0,93.0,134.0,106.0,72,13.1,4.3,39.0,0.0,167.2,1,5,4,0.169411765,1.0
20210405,13,177.0,177.0,182.0,179.0,179.0,1267,13.7,4.2,39.0,0.0,167.2,1,5,4,1.772027972,1.0
20210405,14,170.0,168.0,164.0,167.0,167.0,607,14.1,3.8,41.0,0.0,167.2,1,5,4,0.907324365,1.0
20210405,15,125.0,165.0,160.0,167.0,154.0,4275,14.0,3.7,44.0,0.0,167.2,1,5,4,6.928687196,1.0
20210405,16,162.0,145.0,146.0,136.0,147.0,1158,13.9,3.2,45.0,0.0,167.2,1,5,4,1.966044143,1.0
20210405,17,98.0,99.0,131.0,146.0,119.0,771,13.3,2.6,40.0,0.0,167.2,1,5,4,1.626582278,1.0
20210405,18,128.0,130.0,138.0,141.0,134.0,1184,12.0,2.6,43.0,0.0,167.2,1,5,4,2.204841713,1.5
20210405,19,133.0,130.0,119.0,106.0,122.0,2358,10.6,2.4,54.0,0.0,167.2,1,5,4,4.831967213,1.5
20210405,20,108.0,101.0,117.0,113.0,110.0,102,10.0,2.2,57.0,0.0,167.2,1,5,4,0.232346241,1.5
20210405,21,100.0,105.0,102.0,110.0,104.0,10,9.5,2.3,61.0,0.0,167.2,1,5,4,0.023980815,1.5
20210405,22,92.0,110.0,106.0,110.0,105.0,269,9.1,2.6,64.0,0.0,167.2,1,5,4,0.64354067,1.5
20210405,23,103.0,114.0,104.0,73.0,99.0,24,9.7,2.3,59.0,0.0,167.2,1,5,4,0.060913706,1.5
20210406,0,68.0,63.0,65.0,64.0,65.0,156,8.6,1.3,65.0,0.0,167.2,2,6,4,0.6,1.5
20210406,1,97.0,106.0,117.0,113.0,108.0,212,6.6,0.9,76.0,0.0,167.2,2,6,4,0.48960739,1.5
20210406,2,120.0,117.0,116.0,112.0,116.0,5,6.3,0.9,78.0,0.0,167.2,2,6,4,0.010752688,1.5
20210406,3,90.0,108.0,104.0,113.0,104.0,37,6.5,2.4,77.0,0.0,167.2,2,6,4,0.089156627,1.5
20210406,4,101.0,98.0,108.0,97.0,101.0,13,5.5,1.0,82.0,0.0,167.2,2,6,4,0.032178218,1.5
20210406,5,79.0,76.0,90.0,94.0,85.0,319,5.3,1.0,83.0,0.0,167.2,2,6,4,0.94100295,1.5
20210406,6,109.0,110.0,112.0,111.0,111.0,182,4.8,0.2,86.0,0.0,167.2,2,6,4,0.411764706,1.5
20210406,7,108.0,115.0,142.0,139.0,126.0,531,6.3,1.7,79.0,0.0,167.2,2,6,4,1.053571429,1.5
20210406,8,162.0,181.0,167.0,175.0,171.0,1007,8.5,2.7,72.0,0.0,167.2,2,6,4,1.470072993,1.5
20210406,9,169.0,155.0,177.0,172.0,168.0,984,11.3,1.7,62.0,0.0,167.2,2,6,4,1.462109955,1.0
20210406,10,129.0,170.0,169.0,174.0,161.0,927,13.4,0.9,51.0,0.0,167.2,2,6,4,1.443925234,1.0
20210406,11,178.0,169.0,170.0,173.0,173.0,1223,15.6,0.9,46.0,0.0,167.2,2,6,4,1.772463768,1.0
20210406,12,105.0,89.0,91.0,129.0,104.0,3566,16.0,1.2,39.0,0.0,167.2,2,6,4,8.61352657,1.0
20210406,13,170.0,166.0,165.0,160.0,165.0,960,17.1,1.7,33.0,0.0,167.2,2,6,4,1.452344932,1.0
20210406,14,161.0,163.0,161.0,180.0,166.0,1218,17.9,2.5,45.0,0.0,167.2,2,6,4,1.831578947,1.0
20210406,15,133.0,173.0,177.0,153.0,159.0,1342,16.4,3.3,46.0,0.0,167.2,2,6,4,2.110062893,1.0
20210406,16,161.0,164.0,162.0,157.0,161.0,868,16.0,3.0,56.0,0.0,167.2,2,6,4,1.347826087,1.0
20210406,17,110.0,90.0,139.0,153.0,123.0,218,15.4,2.6,61.0,0.0,167.2,2,6,4,0.443089431,1.0
20210406,18,150.0,169.0,169.0,162.0,163.0,1330,14.9,2.0,55.0,0.0,167.2,2,6,4,2.046153846,1.5
20210406,19,159.0,164.0,172.0,138.0,158.0,2259,13.5,0.9,65.0,0.0,167.2,2,6,4,3.568720379,1.5
20210406,20,122.0,125.0,118.0,129.0,124.0,101,11.9,0.2,76.0,0.0,167.2,2,6,4,0.204453441,1.5
20210406,21,125.0,134.0,122.0,117.0,125.0,18,11.3,0.8,77.0,0.0,167.2,2,6,4,0.036144578,1.5
20210406,22,98.0,100.0,115.0,105.0,105.0,68,11.2,1.7,70.0,0.0,167.2,2,6,4,0.162679426,1.5
20210406,23,106.0,103.0,98.0,73.0,95.0,516,11.3,1.0,62.0,0.0,167.2,2,6,4,1.357894737,1.5
20210407,0,21.0,21.0,21.0,21.0,21.0,0,13.1,1.5,44.0,0.0,167.2,3,7,4,0.0,1.5
20210407,1,21.0,21.0,21.0,21.0,21.0,182,14.3,2.9,41.0,0.0,167.2,3,7,4,2.166666667,1.5
20210407,2,21.0,21.0,23.0,26.0,23.0,250,14.1,2.5,39.0,0.0,167.2,3,7,4,2.747252747,1.5
20210407,3,24.0,21.0,21.0,21.0,22.0,10,11.9,1.4,46.0,0.0,167.2,3,7,4,0.114942529,1.5
20210407,4,21.0,21.0,21.0,21.0,21.0,151,12.3,2.7,44.0,0.0,167.2,3,7,4,1.797619048,1.5
20210407,5,21.0,21.0,21.0,25.0,22.0,283,11.8,2.9,46.0,0.0,167.2,3,7,4,3.215909091,1.5
20210407,6,26.0,23.0,21.0,21.0,23.0,136,12.0,2.8,45.0,0.0,167.2,3,7,4,1.494505495,1.5
20210407,7,21.0,39.0,67.0,95.0,56.0,593,12.6,0.9,46.0,0.0,167.2,3,7,4,2.671171171,1.5
20210407,8,160.0,191.0,190.0,199.0,185.0,669,13.6,3.2,43.0,0.0,167.2,3,7,4,0.904054054,1.5
20210407,9,185.0,187.0,186.0,187.0,186.0,892,15.4,3.7,39.0,0.0,167.2,3,7,4,1.197315436,1.0
20210407,10,144.0,172.0,165.0,177.0,165.0,1027,17.3,3.2,39.0,0.0,167.2,3,7,4,1.560790274,1.0
20210407,11,164.0,173.0,179.0,169.0,171.0,1113,18.4,3.0,34.0,0.0,167.2,3,7,4,1.624817518,1.0
20210407,12,108.0,87.0,86.0,123.0,101.0,2836,18.8,3.4,36.0,0.0,167.2,3,7,4,7.01980198,1.0
20210407,13,173.0,170.0,163.0,159.0,166.0,427,18.3,3.9,36.0,0.0,167.2,3,7,4,0.642105263,1.0
20210407,14,154.0,167.0,164.0,156.0,160.0,1325,18.1,3.7,38.0,0.0,167.2,3,7,4,2.067082683,1.0
20210407,15,126.0,156.0,163.0,173.0,155.0,1691,18.0,3.1,38.0,0.0,167.2,3,7,4,2.736245955,1.0
20210407,16,149.0,160.0,163.0,163.0,159.0,579,17.8,2.9,38.0,0.0,167.2,3,7,4,0.911811024,1.0
20210407,17,107.0,95.0,142.0,155.0,125.0,567,16.4,2.7,38.0,0.0,167.2,3,7,4,1.136272545,1.0
20210407,18,140.0,127.0,123.0,111.0,125.0,1427,15.3,2.2,45.0,0.0,167.2,3,7,4,2.848303393,1.5
20210407,19,124.0,112.0,108.0,117.0,115.0,1745,14.7,3.6,50.0,0.0,167.2,3,7,4,3.785249458,1.5
20210407,20,120.0,123.0,138.0,130.0,128.0,13,14.3,3.3,61.0,0.0,167.2,3,7,4,0.025440313,1.5
20210407,21,128.0,122.0,115.0,117.0,121.0,460,13.9,2.9,62.0,0.0,167.2,3,7,4,0.954356846,1.5
20210407,22,104.0,120.0,116.0,114.0,114.0,70,12.9,1.7,64.0,0.0,167.2,3,7,4,0.154185022,1.5
20210407,23,99.0,118.0,109.0,78.0,101.0,110,12.6,1.2,61.0,0.0,167.2,3,7,4,0.272277228,1.5
20210408,0,72.0,69.0,63.0,62.0,67.0,0,11.9,1.4,61.0,0.0,167.2,4,8,4,0.0,1.5
20210408,1,93.0,100.0,109.0,112.0,104.0,131,11.8,0.9,57.0,0.0,167.2,4,8,4,0.316425121,1.5
20210408,2,106.0,100.0,102.0,98.0,102.0,112,11.1,1.9,65.0,0.0,167.2,4,8,4,0.275862069,1.5
20210408,3,97.0,108.0,113.0,101.0,105.0,48,10.8,1.5,65.0,0.0,167.2,4,8,4,0.114558473,1.5
20210408,4,96.0,96.0,102.0,99.0,98.0,70,12.0,2.2,52.0,0.0,167.2,4,8,4,0.178117048,1.5
20210408,5,81.0,72.0,95.0,109.0,89.0,316,12.5,3.1,46.0,0.0,167.2,4,8,4,0.885154062,1.5
20210408,6,115.0,111.0,105.0,97.0,107.0,350,12.3,3.2,44.0,0.0,167.2,4,8,4,0.817757009,1.5
20210408,7,101.0,110.0,134.0,127.0,118.0,826,12.3,1.2,44.0,0.0,167.2,4,8,4,1.75,1.5
20210408,8,153.0,172.0,180.0,181.0,172.0,458,13.4,0.8,45.0,0.0,167.2,4,8,4,0.667638484,1.5
20210408,9,172.0,174.0,163.0,171.0,170.0,1501,15.8,2.0,34.0,0.0,167.2,4,8,4,2.207352941,1.0
20210408,10,127.0,166.0,166.0,174.0,158.0,474,16.5,2.7,31.0,0.0,167.2,4,8,4,0.748815166,1.0
20210408,11,167.0,161.0,167.0,159.0,164.0,702,18.1,2.7,38.0,0.0,167.2,4,8,4,1.073394495,1.0
20210408,12,103.0,94.0,95.0,130.0,106.0,938,15.9,4.7,57.0,0.0,167.2,4,8,4,2.222748815,1.0
20210408,13,174.0,164.0,172.0,159.0,167.0,825,15.4,4.3,61.0,0.0,167.2,4,8,4,1.233183857,1.0
20210408,14,149.0,152.0,158.0,153.0,153.0,1241,14.9,4.9,59.0,0.0,167.2,4,8,4,2.027777778,1.0
20210408,15,107.0,134.0,144.0,146.0,133.0,2328,14.8,4.1,62.0,0.0,167.2,4,8,4,4.384180791,1.0
20210408,16,137.0,153.0,138.0,151.0,145.0,825,13.8,3.5,61.0,0.0,167.2,4,8,4,1.424870466,1.0
20210408,17,111.0,104.0,140.0,124.0,120.0,386,13.2,3.9,64.0,0.0,167.2,4,8,4,0.805845511,1.0
20210408,18,110.0,107.0,105.0,111.0,108.0,1904,12.7,3.4,69.0,0.0,167.2,4,8,4,4.397228637,1.5
20210408,19,106.0,102.0,97.0,93.0,100.0,1058,11.7,1.2,73.0,0.0,167.2,4,8,4,2.658291457,1.5
20210408,20,102.0,99.0,110.0,102.0,103.0,171,11.3,1.1,74.0,0.0,167.2,4,8,4,0.414043584,1.5
20210408,21,107.0,99.0,102.0,100.0,102.0,110,10.9,0.9,77.0,0.0,167.2,4,8,4,0.269607843,1.5
20210408,22,91.0,107.0,101.0,102.0,100.0,0,10.5,1.6,78.0,0.0,167.2,4,8,4,0.0,1.5
20210408,23,101.0,93.0,86.0,60.0,85.0,294,10.1,1.5,82.0,0.0,167.2,4,8,4,0.864705882,1.5
20210409,0,23.0,22.0,22.0,23.0,23.0,27,10.1,1.9,81.0,0.0,167.2,5,9,4,0.3,1.5
20210409,1,22.0,23.0,23.0,23.0,23.0,60,9.6,2.3,85.0,0.0,167.2,5,9,4,0.659340659,1.5
20210409,2,23.0,22.0,27.0,27.0,25.0,243,8.6,1.8,90.0,0.0,167.2,5,9,4,2.454545455,1.5
20210409,3,23.0,22.0,23.0,22.0,23.0,279,8.0,1.0,93.0,0.0,167.2,5,9,4,3.1,1.5
20210409,4,23.0,22.0,23.0,23.0,23.0,2,7.0,0.4,97.0,0.0,167.2,5,9,4,0.021978022,1.5
20210409,5,22.0,23.0,23.0,26.0,24.0,118,6.9,0.6,97.0,0.0,167.2,5,9,4,1.255319149,1.5
20210409,6,27.0,24.0,23.0,22.0,24.0,123,7.9,2.1,95.0,0.0,167.2,5,9,4,1.28125,1.5
20210409,7,26.0,34.0,63.0,131.0,64.0,440,8.6,2.2,93.0,0.0,167.2,5,9,4,1.732283465,1.5
20210409,8,160.0,180.0,182.0,184.0,177.0,342,10.7,1.4,84.0,0.0,167.2,5,9,4,0.484419263,1.5
20210409,9,164.0,163.0,156.0,149.0,158.0,411,12.8,2.4,68.0,0.0,167.2,5,9,4,0.650316456,1.0
20210409,10,128.0,169.0,163.0,168.0,157.0,663,12.1,4.1,68.0,0.0,167.2,5,9,4,1.055732484,1.0
20210409,11,173.0,157.0,172.0,153.0,164.0,1501,11.3,2.7,71.0,0.0,167.2,5,9,4,2.291603053,1.0
20210409,12,110.0,91.0,96.0,126.0,106.0,160,9.4,2.3,94.0,0.9,167.2,5,9,4,0.378250591,1.0
20210409,13,155.0,158.0,158.0,159.0,158.0,2943,9.4,3.2,98.0,4.4,167.2,5,9,4,4.671428571,1.0
20210409,14,149.0,152.0,163.0,153.0,154.0,1731,9.0,2.8,95.0,5.1,167.2,5,9,4,2.805510535,1.0
20210409,15,125.0,144.0,151.0,145.0,141.0,1514,9.1,2.0,91.0,5.1,167.2,5,9,4,2.679646018,1.0
20210409,16,147.0,151.0,155.0,157.0,153.0,1633,9.7,2.7,73.0,5.1,167.2,5,9,4,2.67704918,1.0
20210409,17,110.0,102.0,153.0,146.0,128.0,325,9.7,2.8,65.0,5.1,167.2,5,9,4,0.636007828,1.0
20210409,18,153.0,165.0,158.0,160.0,159.0,983,9.5,3.1,62.0,5.1,167.2,5,9,4,1.545597484,1.5
20210409,19,155.0,147.0,147.0,117.0,142.0,2300,9.2,2.9,60.0,5.1,167.2,5,9,4,4.06360424,1.5
20210409,20,111.0,114.0,103.0,114.0,111.0,39,8.2,1.5,65.0,5.1,167.2,5,9,4,0.088235294,1.5
20210409,21,121.0,121.0,120.0,117.0,120.0,8,8.2,2.1,65.0,5.1,167.2,5,9,4,0.016701461,1.5
20210409,22,92.0,117.0,118.0,122.0,112.0,50,7.9,2.1,66.0,5.1,167.2,5,9,4,0.111358575,1.5
20210409,23,110.0,105.0,104.0,84.0,101.0,0,7.4,1.7,69.0,5.1,167.2,5,9,4,0.0,1.5
20210410,0,60.0,60.0,63.0,60.0,61.0,25,7.0,1.6,71.0,5.1,167.2,6,10,4,0.102880658,1.5
20210410,1,95.0,97.0,108.0,115.0,104.0,34,5.6,1.2,78.0,0.0,167.2,6,10,4,0.081927711,1.5
20210410,2,105.0,104.0,94.0,110.0,103.0,917,5.2,1.6,80.0,0.0,167.2,6,10,4,2.220338983,1.5
20210410,3,92.0,111.0,108.0,100.0,103.0,0,4.4,1.5,87.0,0.0,167.2,6,10,4,0.0,1.5
20210410,4,114.0,110.0,106.0,95.0,106.0,30,3.9,1.2,90.0,0.0,167.2,6,10,4,0.070588235,1.5
20210410,5,78.0,75.0,96.0,99.0,87.0,0,3.4,1.6,92.0,0.0,167.2,6,10,4,0.0,1.5
20210410,6,114.0,108.0,102.0,90.0,104.0,692,3.3,1.1,90.0,0.0,167.2,6,10,4,1.671497585,1.5
20210410,7,88.0,79.0,50.0,33.0,63.0,1351,5.5,1.7,86.0,0.0,167.2,6,10,4,5.404,1.5
20210410,8,22.0,26.0,27.0,22.0,24.0,6,7.9,1.8,75.0,0.0,167.2,6,10,4,0.06185567,1.5
20210410,9,23.0,22.0,22.0,22.0,22.0,0,10.5,2.0,63.0,0.0,167.2,6,10,4,0.0,1.0
20210410,10,22.0,22.0,22.0,22.0,22.0,0,12.2,2.4,55.0,0.0,167.2,6,10,4,0.0,1.0
20210410,11,22.0,25.0,27.0,26.0,25.0,0,12.8,3.1,54.0,0.0,167.2,6,10,4,0.0,1.0
20210410,12,22.0,23.0,23.0,22.0,23.0,0,12.8,3.4,49.0,0.0,167.2,6,10,4,0.0,1.0
20210410,13,22.0,22.0,22.0,22.0,22.0,0,12.9,2.5,52.0,0.0,167.2,6,10,4,0.0,1.0
20210410,14,22.0,22.0,23.0,26.0,23.0,0,13.1,3.1,50.0,0.0,167.2,6,10,4,0.0,1.0
20210410,15,27.0,23.0,22.0,22.0,24.0,0,13.7,3.2,51.0,0.0,167.2,6,10,4,0.0,1.0
20210410,16,22.0,22.0,23.0,23.0,23.0,0,12.8,3.4,54.0,0.0,167.2,6,10,4,0.0,1.0
20210410,17,23.0,22.0,22.0,22.0,22.0,0,12.5,3.2,53.0,0.0,167.2,6,10,4,0.0,1.0
20210410,18,25.0,27.0,22.0,22.0,24.0,0,11.1,2.1,56.0,0.0,167.2,6,10,4,0.0,1.5
20210410,19,22.0,22.0,22.0,22.0,22.0,0,10.2,1.2,62.0,0.0,167.2,6,10,4,0.0,1.5
20210410,20,22.0,22.0,22.0,22.0,22.0,0,9.2,0.9,67.0,0.0,167.2,6,10,4,0.0,1.5
20210410,21,25.0,28.0,24.0,23.0,25.0,0,8.4,0.0,72.0,0.0,167.2,6,10,4,0.0,1.5
20210410,22,23.0,23.0,22.0,23.0,23.0,0,7.7,0.5,76.0,0.0,167.2,6,10,4,0.0,1.5
20210410,23,22.0,22.0,23.0,23.0,23.0,0,7.6,1.8,77.0,0.0,167.2,6,10,4,0.0,1.5
20210411,0,20.0,20.0,20.0,20.0,20.0,0,7.0,1.4,80.0,0.0,167.2,7,11,4,0.0,1.5
20210411,1,24.0,25.0,21.0,20.0,23.0,0,7.1,2.1,80.0,0.0,167.2,7,11,4,0.0,1.5
20210411,2,20.0,20.0,20.0,20.0,20.0,0,6.7,1.4,83.0,0.0,167.2,7,11,4,0.0,1.5
20210411,3,20.0,20.0,20.0,20.0,20.0,0,6.0,0.7,88.0,0.0,167.2,7,11,4,0.0,1.5
20210411,4,20.0,20.0,24.0,25.0,22.0,0,5.9,1.2,93.0,0.0,167.2,7,11,4,0.0,1.5
20210411,5,20.0,20.0,20.0,20.0,20.0,0,5.5,1.0,93.0,0.0,167.2,7,11,4,0.0,1.5
20210411,6,20.0,20.0,20.0,20.0,20.0,0,5.7,1.0,96.0,0.0,167.2,7,11,4,0.0,1.5
20210411,7,19.0,19.0,20.0,23.0,20.0,0,7.1,0.3,92.0,0.0,167.2,7,11,4,0.0,1.5
20210411,8,24.0,19.0,20.0,20.0,21.0,0,9.6,0.9,82.0,0.0,167.2,7,11,4,0.0,1.5
20210411,9,20.0,20.0,20.0,20.0,20.0,0,12.2,1.3,69.0,0.0,167.2,7,11,4,0.0,1.0
20210411,10,20.0,20.0,20.0,23.0,21.0,0,14.3,1.7,65.0,0.0,167.2,7,11,4,0.0,1.0
20210411,11,24.0,20.0,20.0,20.0,21.0,0,15.9,1.8,57.0,0.0,167.2,7,11,4,0.0,1.0
20210411,12,20.0,20.0,20.0,20.0,20.0,0,17.1,2.8,46.0,0.0,167.2,7,11,4,0.0,1.0
20210411,13,20.0,20.0,20.0,20.0,20.0,0,17.8,2.6,46.0,0.0,167.2,7,11,4,0.0,1.0
20210411,14,25.0,24.0,20.0,20.0,22.0,0,18.3,2.4,22.0,0.0,167.2,7,11,4,0.0,1.0
20210411,15,20.0,20.0,20.0,20.0,20.0,0,17.8,2.0,30.0,0.0,167.2,7,11,4,0.0,1.0
20210411,16,20.0,20.0,20.0,20.0,20.0,0,17.9,2.4,32.0,0.0,167.2,7,11,4,0.0,1.0
20210411,17,21.0,25.0,25.0,20.0,23.0,0,17.2,1.7,31.0,0.0,167.2,7,11,4,0.0,1.0
20210411,18,20.0,19.0,19.0,19.0,19.0,0,15.6,0.8,29.0,0.0,167.2,7,11,4,0.0,1.5
20210411,19,19.0,19.0,20.0,20.0,20.0,0,12.7,0.8,51.0,0.0,167.2,7,11,4,0.0,1.5
20210411,20,19.0,19.0,20.0,25.0,21.0,0,12.2,0.7,64.0,0.0,167.2,7,11,4,0.0,1.5
20210411,21,24.0,20.0,21.0,20.0,21.0,0,11.9,1.0,69.0,0.0,167.2,7,11,4,0.0,1.5
20210411,22,20.0,20.0,20.0,20.0,20.0,0,11.4,0.1,73.0,0.0,167.2,7,11,4,0.0,1.5
20210411,23,20.0,20.0,20.0,22.0,21.0,0,11.4,0.4,76.0,0.0,167.2,7,11,4,0.0,1.5
20210412,0,71.0,65.0,58.0,60.0,64.0,0,10.4,1.3,77.0,0.0,167.2,1,12,4,0.0,1.5
20210412,1,85.0,96.0,97.0,93.0,93.0,0,9.7,0.7,81.0,0.0,167.2,1,12,4,0.0,1.5
20210412,2,91.0,93.0,96.0,94.0,94.0,0,9.8,0.9,84.0,0.0,167.2,1,12,4,0.0,1.5
20210412,3,74.0,91.0,90.0,96.0,88.0,0,10.3,1.3,84.0,0.0,167.2,1,12,4,0.0,1.5
20210412,4,91.0,84.0,84.0,79.0,85.0,0,10.2,1.1,87.0,0.0,167.2,1,12,4,0.0,1.5
20210412,5,67.0,62.0,88.0,105.0,81.0,0,9.6,0.7,89.0,0.0,167.2,1,12,4,0.0,1.5
20210412,6,102.0,94.0,94.0,90.0,95.0,0,10.0,0.7,90.0,0.0,167.2,1,12,4,0.0,1.5
20210412,7,94.0,100.0,134.0,130.0,115.0,0,10.4,0.0,90.0,0.0,167.2,1,12,4,0.0,1.5
20210412,8,160.0,172.0,167.0,179.0,170.0,1007,11.8,0.1,86.0,0.0,167.2,1,12,4,1.485250737,1.5
20210412,9,166.0,169.0,172.0,175.0,171.0,876,12.3,0.1,83.0,0.0,167.2,1,12,4,1.284457478,1.0
20210412,10,133.0,163.0,172.0,169.0,159.0,1032,12.7,0.1,87.0,0.0,167.2,1,12,4,1.620094192,1.0
20210412,11,164.0,166.0,166.0,172.0,167.0,4888,13.0,1.4,91.0,0.4,167.2,1,12,4,7.317365269,1.0
20210412,12,101.0,81.0,83.0,130.0,99.0,305,13.5,1.5,93.0,0.6,167.2,1,12,4,0.772151899,1.0
20210412,13,182.0,178.0,177.0,169.0,177.0,580,14.4,1.2,95.0,1.1,167.2,1,12,4,0.821529745,1.0
20210412,14,159.0,166.0,169.0,173.0,167.0,431,14.4,0.7,90.0,1.7,167.2,1,12,4,0.646176912,1.0
20210412,15,126.0,174.0,179.0,170.0,162.0,880,14.9,0.9,93.0,2.0,167.2,1,12,4,1.355932203,1.0
20210412,16,163.0,156.0,145.0,150.0,154.0,690,14.6,2.0,98.0,2.9,167.2,1,12,4,1.123778502,1.0
20210412,17,102.0,89.0,142.0,138.0,118.0,1920,14.1,3.1,98.0,4.0,167.2,1,12,4,4.076433121,1.0
20210412,18,146.0,147.0,144.0,145.0,146.0,740,13.5,2.0,98.0,5.1,167.2,1,12,4,1.271477663,1.5
20210412,19,154.0,154.0,146.0,122.0,144.0,2676,13.5,1.5,98.0,5.8,167.2,1,12,4,4.645833333,1.5
20210412,20,108.0,118.0,119.0,115.0,115.0,6,14.9,3.2,98.0,6.8,167.2,1,12,4,0.013043478,1.5
20210412,21,113.0,113.0,114.0,109.0,112.0,0,15.2,3.6,98.0,9.5,167.2,1,12,4,0.0,1.5
20210412,22,92.0,94.0,107.0,106.0,100.0,28,15.7,4.8,98.0,12.5,167.2,1,12,4,0.070175439,1.5
20210412,23,104.0,103.0,92.0,74.0,93.0,67,15.7,4.4,98.0,14.4,167.2,1,12,4,0.179624665,1.5
20210413,0,71.0,65.0,58.0,60.0,64.0,0,15.7,4.6,98.0,15.4,167.2,2,13,4,0.0,1.5
20210413,1,85.0,96.0,97.0,93.0,93.0,0,15.6,3.9,98.0,0.5,167.2,2,13,4,0.0,1.5
20210413,2,91.0,93.0,96.0,94.0,94.0,134,15.4,3.7,98.0,1.4,167.2,2,13,4,0.35828877,1.5
20210413,3,74.0,91.0,90.0,96.0,88.0,0,15.9,4.1,98.0,2.3,167.2,2,13,4,0.0,1.5
20210413,4,91.0,84.0,84.0,79.0,85.0,172,16.0,3.0,98.0,2.8,167.2,2,13,4,0.50887574,1.5
20210413,5,67.0,62.0,88.0,105.0,81.0,0,16.6,3.8,98.0,0.0,167.2,2,13,4,0.0,1.5
20210413,6,102.0,94.0,94.0,90.0,95.0,84,16.8,3.6,98.0,0.0,167.2,2,13,4,0.221052632,1.5
20210413,7,94.0,100.0,134.0,130.0,115.0,474,17.0,1.8,94.0,0.0,167.2,2,13,4,1.034934498,1.5
20210413,8,160.0,172.0,167.0,179.0,170.0,889,19.0,0.7,84.0,0.0,167.2,2,13,4,1.31120944,1.5
20210413,9,166.0,169.0,172.0,175.0,171.0,1381,18.6,1.4,75.0,0.0,167.2,2,13,4,2.024926686,1.0
20210413,10,133.0,163.0,172.0,169.0,159.0,938,19.6,3.4,65.0,0.0,167.2,2,13,4,1.472527473,1.0
20210413,11,164.0,166.0,166.0,172.0,167.0,1241,20.5,3.5,56.0,0.0,167.2,2,13,4,1.857784431,1.0
20210413,12,101.0,81.0,83.0,130.0,99.0,44,20.2,4.0,53.0,0.0,167.2,2,13,4,0.111392405,1.0
20210413,13,182.0,178.0,177.0,169.0,177.0,1208,19.4,4.0,55.0,0.0,167.2,2,13,4,1.711048159,1.0
20210413,14,159.0,166.0,169.0,173.0,167.0,1086,19.9,3.8,50.0,0.0,167.2,2,13,4,1.628185907,1.0
20210413,15,126.0,174.0,179.0,170.0,162.0,1368,20.6,3.0,50.0,0.0,167.2,2,13,4,2.107858243,1.0
20210413,16,163.0,156.0,145.0,150.0,154.0,2151,20.5,2.8,42.0,0.0,167.2,2,13,4,3.503257329,1.0
20210413,17,102.0,89.0,142.0,138.0,118.0,5156,20.4,2.0,43.0,0.0,167.2,2,13,4,10.94692144,1.0
20210413,18,146.0,147.0,144.0,145.0,146.0,1023,19.0,2.0,46.0,0.0,167.2,2,13,4,1.757731959,1.5
20210413,19,154.0,154.0,146.0,122.0,144.0,2808,17.5,1.8,48.0,0.0,167.2,2,13,4,4.875,1.5
20210413,20,108.0,118.0,119.0,115.0,115.0,14,15.8,1.7,50.0,0.0,167.2,2,13,4,0.030434783,1.5
20210413,21,113.0,113.0,114.0,109.0,112.0,340,14.2,1.8,53.0,0.0,167.2,2,13,4,0.757238307,1.5
20210413,22,92.0,94.0,107.0,106.0,100.0,150,12.8,3.1,51.0,0.0,167.2,2,13,4,0.37593985,1.5
20210413,23,104.0,103.0,92.0,74.0,93.0,189,11.3,3.1,53.0,0.0,167.2,2,13,4,0.506702413,1.5
20210414,0,71.0,65.0,58.0,60.0,64.0,0,10.1,3.8,56.0,0.0,167.2,3,14,4,0.0,1.5
20210414,1,85.0,96.0,97.0,93.0,93.0,66,9.3,3.9,55.0,0.0,167.2,3,14,4,0.177897574,1.5
20210414,2,91.0,93.0,96.0,94.0,94.0,719,8.3,4.3,57.0,0.0,167.2,3,14,4,1.922459893,1.5
20210414,3,74.0,91.0,90.0,96.0,88.0,36,7.5,4.5,57.0,0.0,167.2,3,14,4,0.102564103,1.5
20210414,4,91.0,84.0,84.0,79.0,85.0,10,6.8,1.3,63.0,0.0,167.2,3,14,4,0.029585799,1.5
20210414,5,67.0,62.0,88.0,105.0,81.0,549,6.9,3.4,59.0,0.0,167.2,3,14,4,1.704968944,1.5
20210414,6,102.0,94.0,94.0,90.0,95.0,226,6.7,3.2,60.0,0.0,167.2,3,14,4,0.594736842,1.5
20210414,7,94.0,100.0,134.0,130.0,115.0,692,6.8,2.2,60.0,0.0,167.2,3,14,4,1.510917031,1.5
20210414,8,160.0,172.0,167.0,179.0,170.0,982,7.3,4.0,59.0,0.0,167.2,3,14,4,1.448377581,1.5
20210414,9,166.0,169.0,172.0,175.0,171.0,1260,8.5,2.4,51.0,0.0,167.2,3,14,4,1.847507331,1.0
20210414,10,133.0,163.0,172.0,169.0,159.0,1193,9.4,3.9,48.0,0.0,167.2,3,14,4,1.872841444,1.0
20210414,11,164.0,166.0,166.0,172.0,167.0,1227,11.3,3.9,42.0,0.0,167.2,3,14,4,1.836826347,1.0
20210414,12,101.0,81.0,83.0,130.0,99.0,532,13.5,3.1,35.0,0.0,167.2,3,14,4,1.346835443,1.0
20210414,13,182.0,178.0,177.0,169.0,177.0,1032,14.5,3.9,26.0,0.0,167.2,3,14,4,1.461756374,1.0
20210414,14,159.0,166.0,169.0,173.0,167.0,2635,15.3,2.7,24.0,0.0,167.2,3,14,4,3.950524738,1.0
20210414,15,126.0,174.0,179.0,170.0,162.0,960,16.0,2.7,22.0,0.0,167.2,3,14,4,1.479198767,1.0
20210414,16,163.0,156.0,145.0,150.0,154.0,2275,16.1,3.0,24.0,0.0,167.2,3,14,4,3.705211726,1.0
20210414,17,102.0,89.0,142.0,138.0,118.0,351,14.9,2.4,39.0,0.0,167.2,3,14,4,0.74522293,1.0
20210414,18,146.0,147.0,144.0,145.0,146.0,842,13.3,2.1,47.0,0.0,167.2,3,14,4,1.446735395,1.5
20210414,19,154.0,154.0,146.0,122.0,144.0,1789,12.1,3.0,53.0,0.0,167.2,3,14,4,3.105902778,1.5
20210414,20,108.0,118.0,119.0,115.0,115.0,30,11.3,3.2,56.0,0.0,167.2,3,14,4,0.065217391,1.5
20210414,21,113.0,113.0,114.0,109.0,112.0,104,10.1,0.9,61.0,0.0,167.2,3,14,4,0.231625835,1.5
20210414,22,92.0,94.0,107.0,106.0,100.0,123,10.3,1.1,57.0,0.0,167.2,3,14,4,0.308270677,1.5
20210414,23,104.0,103.0,92.0,74.0,93.0,78,8.9,1.0,62.0,0.0,167.2,3,14,4,0.209115282,1.5
20210415,0,71.0,65.0,58.0,60.0,64.0,240,7.4,1.3,60.0,0.0,167.2,4,15,4,0.94488189,1.5
20210415,1,85.0,96.0,97.0,93.0,93.0,219,9.1,2.3,44.0,0.0,167.2,4,15,4,0.590296496,1.5
20210415,2,91.0,93.0,96.0,94.0,94.0,116,6.6,1.1,62.0,0.0,167.2,4,15,4,0.310160428,1.5
20210415,3,74.0,91.0,90.0,96.0,88.0,0,6.7,1.2,54.0,0.0,167.2,4,15,4,0.0,1.5
20210415,4,91.0,84.0,84.0,79.0,85.0,1,8.0,2.5,47.0,0.0,167.2,4,15,4,0.00295858,1.5
20210415,5,67.0,62.0,88.0,105.0,81.0,82,6.3,2.0,54.0,0.0,167.2,4,15,4,0.254658385,1.5
20210415,6,102.0,94.0,94.0,90.0,95.0,0,6.8,2.4,53.0,0.0,167.2,4,15,4,0.0,1.5
20210415,7,94.0,100.0,134.0,130.0,115.0,1477,7.1,2.3,54.0,0.0,167.2,4,15,4,3.22489083,1.5
20210415,8,160.0,172.0,167.0,179.0,170.0,766,9.4,2.9,47.0,0.0,167.2,4,15,4,1.12979351,1.5
20210415,9,166.0,169.0,172.0,175.0,171.0,1672,11.4,2.6,40.0,0.0,167.2,4,15,4,2.451612903,1.0
20210415,10,133.0,163.0,172.0,169.0,159.0,492,12.9,2.2,35.0,0.0,167.2,4,15,4,0.772370487,1.0
20210415,11,164.0,166.0,166.0,172.0,167.0,1021,14.5,1.5,32.0,0.0,167.2,4,15,4,1.528443114,1.0
20210415,12,101.0,81.0,83.0,130.0,99.0,21,15.9,1.5,33.0,0.0,167.2,4,15,4,0.053164557,1.0
20210415,13,182.0,178.0,177.0,169.0,177.0,1022,15.6,2.8,38.0,0.0,167.2,4,15,4,1.447592068,1.0
20210415,14,159.0,166.0,169.0,173.0,167.0,1613,15.7,2.5,35.0,0.0,167.2,4,15,4,2.418290855,1.0
20210415,15,126.0,174.0,179.0,170.0,162.0,662,15.4,2.2,37.0,0.0,167.2,4,15,4,1.020030817,1.0
20210415,16,163.0,156.0,145.0,150.0,154.0,1543,14.8,2.3,40.0,0.0,167.2,4,15,4,2.513029316,1.0
20210415,17,102.0,89.0,142.0,138.0,118.0,653,14.4,2.4,42.0,0.0,167.2,4,15,4,1.38641189,1.0
20210415,18,146.0,147.0,144.0,145.0,146.0,1531,14.1,2.1,47.0,0.0,167.2,4,15,4,2.630584192,1.5
20210415,19,154.0,154.0,146.0,122.0,144.0,2318,12.8,1.5,58.0,0.0,167.2,4,15,4,4.024305556,1.5
20210415,20,108.0,118.0,119.0,115.0,115.0,10,11.5,1.8,63.0,0.0,167.2,4,15,4,0.02173913,1.5
20210415,21,113.0,113.0,114.0,109.0,112.0,102,11.2,1.9,59.0,0.0,167.2,4,15,4,0.227171492,1.5
20210415,22,92.0,94.0,107.0,106.0,100.0,572,11.5,2.4,55.0,0.0,167.2,4,15,4,1.43358396,1.5
20210415,23,104.0,103.0,92.0,74.0,93.0,69,9.0,1.0,67.0,0.0,167.2,4,15,4,0.184986595,1.5
20210416,0,71.0,65.0,58.0,60.0,64.0,0,8.9,0.2,68.0,0.0,167.2,5,16,4,0.0,1.5
20210416,1,85.0,96.0,97.0,93.0,93.0,304,8.0,0.2,73.0,0.0,167.2,5,16,4,0.819407008,1.5
20210416,2,91.0,93.0,96.0,94.0,94.0,243,7.6,1.4,76.0,0.0,167.2,5,16,4,0.64973262,1.5
20210416,3,74.0,91.0,90.0,96.0,88.0,40,6.8,0.5,83.0,0.0,167.2,5,16,4,0.113960114,1.5
20210416,4,91.0,84.0,84.0,79.0,85.0,140,7.9,0.9,78.0,0.0,167.2,5,16,4,0.414201183,1.5
20210416,5,67.0,62.0,88.0,105.0,81.0,35,6.4,0.6,84.0,0.0,167.2,5,16,4,0.108695652,1.5
20210416,6,102.0,94.0,94.0,90.0,95.0,48,7.0,1.1,88.0,0.0,167.2,5,16,4,0.126315789,1.5
20210416,7,94.0,100.0,134.0,130.0,115.0,1429,8.2,0.0,87.0,0.0,167.2,5,16,4,3.120087336,1.5
20210416,8,160.0,172.0,167.0,179.0,170.0,459,10.9,0.3,79.0,0.0,167.2,5,16,4,0.67699115,1.5
20210416,9,166.0,169.0,172.0,175.0,171.0,780,13.5,2.5,65.0,0.0,167.2,5,16,4,1.143695015,1.0
20210416,10,133.0,163.0,172.0,169.0,159.0,961,15.6,1.5,56.0,0.0,167.2,5,16,4,1.508634223,1.0
20210416,11,164.0,166.0,166.0,172.0,167.0,3628,17.8,3.8,53.0,0.0,167.2,5,16,4,5.431137725,1.0
20210416,12,101.0,81.0,83.0,130.0,99.0,3130,18.6,4.8,50.0,0.0,167.2,5,16,4,7.924050633,1.0
20210416,13,182.0,178.0,177.0,169.0,177.0,1657,18.9,4.5,52.0,0.0,167.2,5,16,4,2.347025496,1.0
20210416,14,159.0,166.0,169.0,173.0,167.0,1804,19.7,4.5,52.0,0.0,167.2,5,16,4,2.704647676,1.0
20210416,15,126.0,174.0,179.0,170.0,162.0,621,20.2,3.2,52.0,0.0,167.2,5,16,4,0.956856703,1.0
20210416,16,163.0,156.0,145.0,150.0,154.0,1025,19.4,4.1,56.0,0.0,167.2,5,16,4,1.669381107,1.0
20210416,17,102.0,89.0,142.0,138.0,118.0,720,20.1,3.0,53.0,0.0,167.2,5,16,4,1.52866242,1.0
20210416,18,146.0,147.0,144.0,145.0,146.0,877,17.8,3.6,73.0,0.0,167.2,5,16,4,1.506872852,1.5
20210416,19,154.0,154.0,146.0,122.0,144.0,1519,16.9,3.6,77.0,0.0,167.2,5,16,4,2.637152778,1.5
20210416,20,108.0,118.0,119.0,115.0,115.0,98,16.5,2.7,77.0,0.0,167.2,5,16,4,0.213043478,1.5
20210416,21,113.0,113.0,114.0,109.0,112.0,58,16.0,2.8,79.0,0.0,167.2,5,16,4,0.129175947,1.5
20210416,22,92.0,94.0,107.0,106.0,100.0,141,16.0,2.0,80.0,0.0,167.2,5,16,4,0.353383459,1.5
20210416,23,104.0,103.0,92.0,74.0,93.0,36,15.3,1.6,85.0,0.0,167.2,5,16,4,0.096514745,1.5
20210417,0,60.0,60.0,63.0,60.0,61.0,239,14.9,1.6,89.0,0.0,167.2,6,17,4,0.983539095,1.5
20210417,1,95.0,97.0,108.0,115.0,104.0,325,14.5,1.6,91.0,0.0,167.2,6,17,4,0.78313253,1.5
20210417,2,105.0,104.0,94.0,110.0,103.0,117,14.1,2.0,75.0,0.0,167.2,6,17,4,0.283292978,1.5
20210417,3,92.0,111.0,108.0,100.0,103.0,151,13.3,2.1,77.0,0.0,167.2,6,17,4,0.367396594,1.5
20210417,4,114.0,110.0,106.0,95.0,106.0,292,13.1,3.6,73.0,0.0,167.2,6,17,4,0.687058824,1.5
20210417,5,78.0,75.0,96.0,99.0,87.0,20,12.6,2.7,71.0,0.0,167.2,6,17,4,0.057471264,1.5
20210417,6,114.0,108.0,102.0,90.0,104.0,144,12.4,1.1,68.0,0.0,167.2,6,17,4,0.347826087,1.5
20210417,7,88.0,79.0,50.0,33.0,63.0,1690,12.3,2.0,64.0,0.0,167.2,6,17,4,6.76,1.5
20210417,8,22.0,26.0,27.0,22.0,24.0,0,13.2,1.3,60.0,0.0,167.2,6,17,4,0.0,1.5
20210417,9,23.0,22.0,22.0,22.0,22.0,0,14.3,0.9,57.0,0.0,167.2,6,17,4,0.0,1.0
20210417,10,22.0,22.0,22.0,22.0,22.0,0,16.0,1.1,51.0,0.0,167.2,6,17,4,0.0,1.0
20210417,11,22.0,25.0,27.0,26.0,25.0,0,17.6,1.4,49.0,0.0,167.2,6,17,4,0.0,1.0
20210417,12,22.0,23.0,23.0,22.0,23.0,0,19.0,2.7,46.0,0.0,167.2,6,17,4,0.0,1.0
20210417,13,22.0,22.0,22.0,22.0,22.0,0,18.2,2.8,62.0,0.0,167.2,6,17,4,0.0,1.0
20210417,14,22.0,22.0,23.0,26.0,23.0,0,17.7,2.4,71.0,0.0,167.2,6,17,4,0.0,1.0
20210417,15,27.0,23.0,22.0,22.0,24.0,0,17.0,1.9,72.0,0.0,167.2,6,17,4,0.0,1.0
20210417,16,22.0,22.0,23.0,23.0,23.0,0,16.5,4.1,28.0,0.0,167.2,6,17,4,0.0,1.0
20210417,17,23.0,22.0,22.0,22.0,22.0,0,15.9,4.8,27.0,0.0,167.2,6,17,4,0.0,1.0
20210417,18,25.0,27.0,22.0,22.0,24.0,0,15.2,4.2,22.0,0.0,167.2,6,17,4,0.0,1.5
20210417,19,22.0,22.0,22.0,22.0,22.0,0,13.8,3.8,26.0,0.0,167.2,6,17,4,0.0,1.5
20210417,20,22.0,22.0,22.0,22.0,22.0,0,12.6,3.2,30.0,0.0,167.2,6,17,4,0.0,1.5
20210417,21,25.0,28.0,24.0,23.0,25.0,0,10.7,1.8,44.0,0.0,167.2,6,17,4,0.0,1.5
20210417,22,23.0,23.0,22.0,23.0,23.0,0,9.8,1.2,45.0,0.0,167.2,6,17,4,0.0,1.5
20210417,23,22.0,22.0,23.0,23.0,23.0,0,10.3,3.8,34.0,0.0,167.2,6,17,4,0.0,1.5
20210418,0,20.0,20.0,20.0,20.0,20.0,0,9.6,3.3,34.0,0.0,167.2,7,18,4,0.0,1.5
20210418,1,24.0,25.0,21.0,20.0,23.0,0,9.1,3.0,35.0,0.0,167.2,7,18,4,0.0,1.5
20210418,2,20.0,20.0,20.0,20.0,20.0,0,8.5,2.6,37.0,0.0,167.2,7,18,4,0.0,1.5
20210418,3,20.0,20.0,20.0,20.0,20.0,0,7.9,2.0,40.0,0.0,167.2,7,18,4,0.0,1.5
20210418,4,20.0,20.0,24.0,25.0,22.0,0,7.8,2.2,43.0,0.0,167.2,7,18,4,0.0,1.5
20210418,5,20.0,20.0,20.0,20.0,20.0,0,7.9,3.1,52.0,0.0,167.2,7,18,4,0.0,1.5
20210418,6,20.0,20.0,20.0,20.0,20.0,0,7.8,3.0,56.0,0.0,167.2,7,18,4,0.0,1.5
20210418,7,19.0,19.0,20.0,23.0,20.0,0,8.3,2.9,58.0,0.0,167.2,7,18,4,0.0,1.5
20210418,8,24.0,19.0,20.0,20.0,21.0,0,9.5,3.6,54.0,0.0,167.2,7,18,4,0.0,1.5
20210418,9,20.0,20.0,20.0,20.0,20.0,0,10.7,4.4,50.0,0.0,167.2,7,18,4,0.0,1.0
20210418,10,20.0,20.0,20.0,23.0,21.0,0,11.7,3.5,46.0,0.0,167.2,7,18,4,0.0,1.0
20210418,11,24.0,20.0,20.0,20.0,21.0,0,12.5,3.4,43.0,0.0,167.2,7,18,4,0.0,1.0
20210418,12,20.0,20.0,20.0,20.0,20.0,0,14.1,3.9,41.0,0.0,167.2,7,18,4,0.0,1.0
20210418,13,20.0,20.0,20.0,20.0,20.0,0,15.1,2.1,37.0,0.0,167.2,7,18,4,0.0,1.0
20210418,14,25.0,24.0,20.0,20.0,22.0,0,15.8,2.8,34.0,0.0,167.2,7,18,4,0.0,1.0
20210418,15,20.0,20.0,20.0,20.0,20.0,0,16.7,2.8,31.0,0.0,167.2,7,18,4,0.0,1.0
20210418,16,20.0,20.0,20.0,20.0,20.0,0,16.4,2.6,40.0,0.0,167.2,7,18,4,0.0,1.0
20210418,17,21.0,25.0,25.0,20.0,23.0,0,15.0,2.9,45.0,0.0,167.2,7,18,4,0.0,1.0
20210418,18,20.0,19.0,19.0,19.0,19.0,0,14.5,1.5,48.0,0.0,167.2,7,18,4,0.0,1.5
20210418,19,19.0,19.0,20.0,20.0,20.0,0,13.4,1.1,59.0,0.0,167.2,7,18,4,0.0,1.5
20210418,20,19.0,19.0,20.0,25.0,21.0,0,11.5,0.4,71.0,0.0,167.2,7,18,4,0.0,1.5
20210418,21,24.0,20.0,21.0,20.0,21.0,0,12.1,0.8,61.0,0.0,167.2,7,18,4,0.0,1.5
20210418,22,20.0,20.0,20.0,20.0,20.0,0,10.8,0.7,70.0,0.0,167.2,7,18,4,0.0,1.5
20210418,23,20.0,20.0,20.0,22.0,21.0,0,11.7,2.5,47.0,0.0,167.2,7,18,4,0.0,1.5
20210419,0,21.0,20.0,20.0,20.0,20.0,0,10.7,1.7,48.0,0.0,167.2,1,19,4,0.0,1.5
20210419,1,23.0,25.0,22.0,20.0,23.0,0,11.5,2.8,45.0,0.0,167.2,1,19,4,0.0,1.5
20210419,2,20.0,20.0,20.0,21.0,20.0,0,10.1,1.6,51.0,0.0,167.2,1,19,4,0.0,1.5
20210419,3,21.0,20.0,20.0,20.0,20.0,0,10.4,2.8,50.0,0.0,167.2,1,19,4,0.0,1.5
20210419,4,21.0,23.0,25.0,22.0,23.0,0,10.9,3.4,42.0,0.0,167.2,1,19,4,0.0,1.5
20210419,5,20.0,20.0,20.0,20.0,20.0,0,9.8,2.0,43.0,0.0,167.2,1,19,4,0.0,1.5
20210419,6,20.0,20.0,20.0,20.0,20.0,0,10.4,2.2,33.0,0.0,167.2,1,19,4,0.0,1.5
20210419,7,26.0,31.0,58.0,101.0,54.0,0,11.3,0.9,36.0,0.0,167.2,1,19,4,0.0,1.5
20210419,8,146.0,152.0,172.0,171.0,160.0,1040,13.7,2.2,29.0,0.0,167.2,1,19,4,1.622464899,1.5
20210419,9,167.0,157.0,165.0,162.0,163.0,854,15.5,2.9,24.0,0.0,167.2,1,19,4,1.311827957,1.0
20210419,10,132.0,162.0,165.0,159.0,155.0,913,17.2,2.8,23.0,0.0,167.2,1,19,4,1.477346278,1.0
20210419,11,168.0,158.0,163.0,168.0,164.0,1984,18.3,4.2,21.0,0.0,167.2,1,19,4,3.01978691,1.0
20210419,12,114.0,89.0,89.0,123.0,104.0,400,20.0,3.2,20.0,0.0,167.2,1,19,4,0.963855422,1.0
20210419,13,147.0,159.0,160.0,152.0,155.0,718,20.8,2.8,19.0,0.0,167.2,1,19,4,1.161812298,1.0
20210419,14,153.0,159.0,160.0,164.0,159.0,4151,22.3,3.2,20.0,0.0,167.2,1,19,4,6.52672956,1.0
20210419,15,132.0,165.0,162.0,157.0,154.0,1195,23.1,2.1,17.0,0.0,167.2,1,19,4,1.939935065,1.0
20210419,16,152.0,144.0,141.0,150.0,147.0,1100,23.1,3.0,16.0,0.0,167.2,1,19,4,1.873935264,1.0
20210419,17,106.0,99.0,147.0,163.0,129.0,408,23.0,2.6,18.0,0.0,167.2,1,19,4,0.79223301,1.0
20210419,18,152.0,147.0,148.0,140.0,147.0,444,22.1,2.9,18.0,0.0,167.2,1,19,4,0.756388416,1.5
20210419,19,131.0,146.0,134.0,110.0,130.0,1383,20.0,1.8,21.0,0.0,167.2,1,19,4,2.654510557,1.5
20210419,20,102.0,108.0,110.0,104.0,106.0,0,19.1,2.2,24.0,0.0,167.2,1,19,4,0.0,1.5
20210419,21,106.0,109.0,107.0,103.0,106.0,29,18.5,2.5,27.0,0.0,167.2,1,19,4,0.068235294,1.5
20210419,22,82.0,112.0,109.0,115.0,105.0,195,17.0,2.3,33.0,0.0,167.2,1,19,4,0.466507177,1.5
20210419,23,112.0,104.0,99.0,77.0,98.0,0,16.2,2.0,35.0,0.0,167.2,1,19,4,0.0,1.5
20210420,0,21.0,20.0,20.0,20.0,20.0,0,16.7,2.5,32.0,0.0,167.2,2,20,4,0.0,1.5
20210420,1,23.0,25.0,22.0,20.0,23.0,386,15.3,2.5,35.0,0.0,167.2,2,20,4,4.288888889,1.5
20210420,2,20.0,20.0,20.0,21.0,20.0,591,14.5,1.4,37.0,0.0,167.2,2,20,4,7.296296296,1.5
20210420,3,21.0,20.0,20.0,20.0,20.0,13,14.3,2.7,38.0,0.0,167.2,2,20,4,0.160493827,1.5
20210420,4,21.0,23.0,25.0,22.0,23.0,30,13.5,2.3,41.0,0.0,167.2,2,20,4,0.32967033,1.5
20210420,5,20.0,20.0,20.0,20.0,20.0,2,13.5,2.9,39.0,0.0,167.2,2,20,4,0.025,1.5
20210420,6,20.0,20.0,20.0,20.0,20.0,125,13.0,1.9,39.0,0.0,167.2,2,20,4,1.5625,1.5
20210420,7,26.0,31.0,58.0,101.0,54.0,602,14.4,3.2,35.0,0.0,167.2,2,20,4,2.787037037,1.5
20210420,8,146.0,152.0,172.0,171.0,160.0,69,16.3,2.4,32.0,0.0,167.2,2,20,4,0.107644306,1.5
20210420,9,167.0,157.0,165.0,162.0,163.0,426,18.7,2.6,27.0,0.0,167.2,2,20,4,0.65437788,1.0
20210420,10,132.0,162.0,165.0,159.0,155.0,1218,20.4,3.5,25.0,0.0,167.2,2,20,4,1.970873786,1.0
20210420,11,168.0,158.0,163.0,168.0,164.0,862,22.1,3.2,23.0,0.0,167.2,2,20,4,1.312024353,1.0
20210420,12,114.0,89.0,89.0,123.0,104.0,332,24.2,1.8,21.0,0.0,167.2,2,20,4,0.8,1.0
20210420,13,147.0,159.0,160.0,152.0,155.0,1455,23.7,5.1,20.0,0.0,167.2,2,20,4,2.354368932,1.0
20210420,14,153.0,159.0,160.0,164.0,159.0,1351,23.4,4.2,21.0,0.0,167.2,2,20,4,2.124213836,1.0
20210420,15,132.0,165.0,162.0,157.0,154.0,1183,22.4,4.1,21.0,0.0,167.2,2,20,4,1.920454545,1.0
20210420,16,152.0,144.0,141.0,150.0,147.0,2180,21.4,4.1,26.0,0.0,167.2,2,20,4,3.713798978,1.0
20210420,17,106.0,99.0,147.0,163.0,129.0,2080,19.7,3.4,37.0,0.0,167.2,2,20,4,4.038834951,1.0
20210420,18,152.0,147.0,148.0,140.0,147.0,514,18.7,2.4,39.0,0.0,167.2,2,20,4,0.875638842,1.5
20210420,19,131.0,146.0,134.0,110.0,130.0,1890,17.6,1.4,47.0,0.0,167.2,2,20,4,3.627639155,1.5
20210420,20,102.0,108.0,110.0,104.0,106.0,100,16.5,1.2,59.0,0.0,167.2,2,20,4,0.235849057,1.5
20210420,21,106.0,109.0,107.0,103.0,106.0,45,15.3,1.5,72.0,0.0,167.2,2,20,4,0.105882353,1.5
20210420,22,82.0,112.0,109.0,115.0,105.0,80,14.7,1.6,74.0,0.0,167.2,2,20,4,0.19138756,1.5
20210420,23,112.0,104.0,99.0,77.0,98.0,113,13.4,0.2,75.0,0.0,167.2,2,20,4,0.288265306,1.5
20210421,0,62.0,58.0,56.0,57.0,58.0,0,13.6,2.0,65.0,0.0,167.2,3,21,4,0.0,1.5
20210421,1,82.0,106.0,104.0,104.0,99.0,72,12.6,0.2,67.0,0.0,167.2,3,21,4,0.181818182,1.5
20210421,2,98.0,107.0,104.0,95.0,101.0,0,12.4,0.5,72.0,0.0,167.2,3,21,4,0.0,1.5
20210421,3,81.0,104.0,103.0,103.0,98.0,0,12.2,1.3,71.0,0.0,167.2,3,21,4,0.0,1.5
20210421,4,91.0,106.0,111.0,107.0,104.0,547,11.8,0.4,74.0,0.0,167.2,3,21,4,1.318072289,1.5
20210421,5,80.0,69.0,97.0,110.0,89.0,42,11.3,1.6,72.0,0.0,167.2,3,21,4,0.117977528,1.5
20210421,6,112.0,108.0,102.0,103.0,106.0,0,10.6,0.4,78.0,0.0,167.2,3,21,4,0.0,1.5
20210421,7,104.0,108.0,137.0,140.0,122.0,705,13.1,0.3,71.0,0.0,167.2,3,21,4,1.441717791,1.5
20210421,8,162.0,174.0,164.0,153.0,163.0,724,16.1,0.8,65.0,0.0,167.2,3,21,4,1.108728943,1.5
20210421,9,163.0,143.0,152.0,152.0,153.0,638,17.3,1.5,55.0,0.0,167.2,3,21,4,1.045901639,1.0
20210421,10,125.0,173.0,172.0,172.0,161.0,1219,20.1,1.1,43.0,0.0,167.2,3,21,4,1.898753894,1.0
20210421,11,165.0,161.0,155.0,143.0,156.0,1473,23.4,1.2,32.0,0.0,167.2,3,21,4,2.360576923,1.0
20210421,12,102.0,77.0,77.0,110.0,92.0,167,23.8,2.0,39.0,0.0,167.2,3,21,4,0.456284153,1.0
20210421,13,145.0,146.0,154.0,158.0,151.0,1402,24.4,2.3,41.0,0.0,167.2,3,21,4,2.325041459,1.0
20210421,14,156.0,167.0,163.0,158.0,161.0,2161,24.8,2.7,34.0,0.0,167.2,3,21,4,3.355590062,1.0
20210421,15,123.0,151.0,161.0,156.0,148.0,856,24.7,2.1,31.0,0.0,167.2,3,21,4,1.448392555,1.0
20210421,16,155.0,155.0,152.0,142.0,151.0,2815,22.8,2.6,32.0,0.0,167.2,3,21,4,4.660596026,1.0
20210421,17,107.0,85.0,120.0,134.0,112.0,747,21.5,2.0,38.0,0.0,167.2,3,21,4,1.674887892,1.0
20210421,18,130.0,146.0,138.0,148.0,141.0,1177,19.5,1.6,44.0,0.0,167.2,3,21,4,2.09430605,1.5
20210421,19,138.0,139.0,131.0,113.0,130.0,420,17.9,0.6,53.0,0.0,167.2,3,21,4,0.806142035,1.5
20210421,20,106.0,108.0,127.0,136.0,119.0,0,16.7,0.0,57.0,0.0,167.2,3,21,4,0.0,1.5
20210421,21,122.0,124.0,117.0,113.0,119.0,0,16.4,1.0,54.0,0.0,167.2,3,21,4,0.0,1.5
20210421,22,85.0,118.0,113.0,108.0,106.0,345,16.1,0.1,53.0,0.0,167.2,3,21,4,0.813679245,1.5
20210421,23,117.0,113.0,94.0,77.0,100.0,144,14.7,1.3,63.0,0.0,167.2,3,21,4,0.359102244,1.5
20210422,0,62.0,58.0,56.0,57.0,58.0,0,14.0,0.6,69.0,0.0,167.2,4,22,4,0.0,1.5
20210422,1,82.0,106.0,104.0,104.0,99.0,100,13.9,1.2,77.0,0.0,167.2,4,22,4,0.252525253,1.5
20210422,2,98.0,107.0,104.0,95.0,101.0,7,13.7,0.3,86.0,0.0,167.2,4,22,4,0.017326733,1.5
20210422,3,81.0,104.0,103.0,103.0,98.0,300,13.5,0.7,78.0,0.0,167.2,4,22,4,0.767263427,1.5
20210422,4,91.0,106.0,111.0,107.0,104.0,54,13.9,2.2,76.0,0.0,167.2,4,22,4,0.130120482,1.5
20210422,5,80.0,69.0,97.0,110.0,89.0,0,13.3,2.3,77.0,0.0,167.2,4,22,4,0.0,1.5
20210422,6,112.0,108.0,102.0,103.0,106.0,11,13.9,1.6,75.0,0.0,167.2,4,22,4,0.025882353,1.5
20210422,7,104.0,108.0,137.0,140.0,122.0,1582,14.7,2.0,72.0,0.0,167.2,4,22,4,3.235173824,1.5
20210422,8,162.0,174.0,164.0,153.0,163.0,728,15.3,1.5,65.0,0.0,167.2,4,22,4,1.114854518,1.5
20210422,9,163.0,143.0,152.0,152.0,153.0,712,19.0,2.4,40.0,0.0,167.2,4,22,4,1.167213115,1.0
20210422,10,125.0,173.0,172.0,172.0,161.0,1196,21.7,1.5,28.0,0.0,167.2,4,22,4,1.862928349,1.0
20210422,11,165.0,161.0,155.0,143.0,156.0,1131,22.9,1.5,26.0,0.0,167.2,4,22,4,1.8125,1.0
20210422,12,102.0,77.0,77.0,110.0,92.0,450,24.3,2.1,24.0,0.0,167.2,4,22,4,1.229508197,1.0
20210422,13,145.0,146.0,154.0,158.0,151.0,1674,24.8,3.3,24.0,0.0,167.2,4,22,4,2.776119403,1.0
20210422,14,156.0,167.0,163.0,158.0,161.0,1547,24.2,2.2,25.0,0.0,167.2,4,22,4,2.402173913,1.0
20210422,15,123.0,151.0,161.0,156.0,148.0,1086,22.3,3.1,29.0,0.0,167.2,4,22,4,1.837563452,1.0
20210422,16,155.0,155.0,152.0,142.0,151.0,1599,20.2,3.3,46.0,0.0,167.2,4,22,4,2.647350993,1.0
20210422,17,107.0,85.0,120.0,134.0,112.0,634,20.0,1.0,42.0,0.0,167.2,4,22,4,1.421524664,1.0
20210422,18,130.0,146.0,138.0,148.0,141.0,2731,19.1,1.6,44.0,0.0,167.2,4,22,4,4.859430605,1.5
20210422,19,138.0,139.0,131.0,113.0,130.0,1545,18.6,1.3,42.0,0.0,167.2,4,22,4,2.965451056,1.5
20210422,20,106.0,108.0,127.0,136.0,119.0,132,18.0,1.0,46.0,0.0,167.2,4,22,4,0.27672956,1.5
20210422,21,122.0,124.0,117.0,113.0,119.0,60,17.0,1.1,49.0,0.0,167.2,4,22,4,0.12605042,1.5
20210422,22,85.0,118.0,113.0,108.0,106.0,72,17.8,3.1,43.0,0.0,167.2,4,22,4,0.169811321,1.5
20210422,23,117.0,113.0,94.0,77.0,100.0,10,17.3,1.7,48.0,0.0,167.2,4,22,4,0.024937656,1.5
20210423,0,62.0,58.0,56.0,57.0,58.0,0,16.4,1.5,51.0,0.0,167.2,5,23,4,0.0,1.5
20210423,1,82.0,106.0,104.0,104.0,99.0,504,16.5,2.5,49.0,0.0,167.2,5,23,4,1.272727273,1.5
20210423,2,98.0,107.0,104.0,95.0,101.0,41,16.3,2.8,50.0,0.0,167.2,5,23,4,0.101485149,1.5
20210423,3,81.0,104.0,103.0,103.0,98.0,0,16.3,2.2,47.0,0.0,167.2,5,23,4,0.0,1.5
20210423,4,91.0,106.0,111.0,107.0,104.0,58,16.3,2.2,46.0,0.0,167.2,5,23,4,0.139759036,1.5
20210423,5,80.0,69.0,97.0,110.0,89.0,0,15.7,3.4,53.0,0.0,167.2,5,23,4,0.0,1.5
20210423,6,112.0,108.0,102.0,103.0,106.0,48,15.0,2.6,61.0,0.0,167.2,5,23,4,0.112941176,1.5
20210423,7,104.0,108.0,137.0,140.0,122.0,941,14.7,1.8,64.0,0.0,167.2,5,23,4,1.924335378,1.5
20210423,8,162.0,174.0,164.0,153.0,163.0,572,14.6,3.5,69.0,0.0,167.2,5,23,4,0.875957121,1.5
20210423,9,163.0,143.0,152.0,152.0,153.0,1287,15.4,3.7,64.0,0.0,167.2,5,23,4,2.109836066,1.0
20210423,10,125.0,173.0,172.0,172.0,161.0,172,17.0,3.2,53.0,0.0,167.2,5,23,4,0.267912773,1.0
20210423,11,165.0,161.0,155.0,143.0,156.0,1538,18.1,2.0,50.0,0.0,167.2,5,23,4,2.46474359,1.0
20210423,12,102.0,77.0,77.0,110.0,92.0,262,17.7,3.2,53.0,0.0,167.2,5,23,4,0.715846995,1.0
20210423,13,145.0,146.0,154.0,158.0,151.0,743,17.6,3.6,59.0,0.0,167.2,5,23,4,1.232172471,1.0
20210423,14,156.0,167.0,163.0,158.0,161.0,464,17.6,3.4,62.0,0.0,167.2,5,23,4,0.720496894,1.0
20210423,15,123.0,151.0,161.0,156.0,148.0,2170,17.1,4.0,58.0,0.0,167.2,5,23,4,3.671742809,1.0
20210423,16,155.0,155.0,152.0,142.0,151.0,1743,16.6,2.9,56.0,0.0,167.2,5,23,4,2.885761589,1.0
20210423,17,107.0,85.0,120.0,134.0,112.0,2106,15.4,3.5,63.0,0.0,167.2,5,23,4,4.721973094,1.0
20210423,18,130.0,146.0,138.0,148.0,141.0,104,14.7,3.8,69.0,0.0,167.2,5,23,4,0.185053381,1.5
20210423,19,138.0,139.0,131.0,113.0,130.0,762,14.5,3.3,61.0,0.0,167.2,5,23,4,1.462571977,1.5
20210423,20,106.0,108.0,127.0,136.0,119.0,100,14.2,3.6,60.0,0.0,167.2,5,23,4,0.209643606,1.5
20210423,21,122.0,124.0,117.0,113.0,119.0,103,14.0,3.1,70.0,0.0,167.2,5,23,4,0.216386555,1.5
20210423,22,85.0,118.0,113.0,108.0,106.0,35,13.9,3.1,73.0,0.0,167.2,5,23,4,0.08254717,1.5
20210423,23,117.0,113.0,94.0,77.0,100.0,100,13.7,3.1,71.0,0.0,167.2,5,23,4,0.249376559,1.5
20210424,0,57.0,56.0,60.0,61.0,59.0,0,13.0,1.7,74.0,0.0,167.2,6,24,4,0.0,1.5
20210424,1,91.0,104.0,105.0,103.0,101.0,291,13.2,1.7,79.0,0.0,167.2,6,24,4,0.722084367,1.5
20210424,2,100.0,99.0,88.0,95.0,96.0,410,13.3,2.2,79.0,0.0,167.2,6,24,4,1.073298429,1.5
20210424,3,83.0,104.0,104.0,103.0,99.0,125,13.3,2.2,79.0,0.0,167.2,6,24,4,0.317258883,1.5
20210424,4,100.0,105.0,104.0,96.0,101.0,300,12.7,1.8,82.0,0.0,167.2,6,24,4,0.740740741,1.5
20210424,5,72.0,62.0,95.0,107.0,84.0,20,13.0,2.3,82.0,0.0,167.2,6,24,4,0.05952381,1.5
20210424,6,112.0,105.0,98.0,93.0,102.0,675,12.6,1.7,85.0,0.0,167.2,6,24,4,1.654411765,1.5
20210424,7,82.0,72.0,43.0,28.0,56.0,1083,13.5,1.7,82.0,0.0,167.2,6,24,4,4.813333333,1.5
20210424,8,21.0,20.0,20.0,20.0,20.0,0,14.2,2.9,78.0,0.0,167.2,6,24,4,0.0,1.5
20210424,9,20.0,20.0,20.0,21.0,20.0,0,15.7,2.7,69.0,0.0,167.2,6,24,4,0.0,1.0
20210424,10,21.0,21.0,25.0,24.0,23.0,0,17.3,3.2,63.0,0.0,167.2,6,24,4,0.0,1.0
20210424,11,21.0,21.0,21.0,21.0,21.0,0,17.3,3.7,66.0,0.0,167.2,6,24,4,0.0,1.0
20210424,12,20.0,21.0,20.0,20.0,20.0,0,18.1,4.3,63.0,0.0,167.2,6,24,4,0.0,1.0
20210424,13,20.0,20.0,23.0,25.0,22.0,0,17.5,5.0,63.0,0.0,167.2,6,24,4,0.0,1.0
20210424,14,22.0,20.0,20.0,21.0,21.0,0,17.8,4.5,63.0,0.0,167.2,6,24,4,0.0,1.0
20210424,15,20.0,20.0,20.0,20.0,20.0,0,17.3,4.4,65.0,0.0,167.2,6,24,4,0.0,1.0
20210424,16,20.0,20.0,21.0,23.0,21.0,0,17.2,4.1,71.0,0.0,167.2,6,24,4,0.0,1.0
20210424,17,25.0,21.0,20.0,21.0,22.0,0,16.5,2.9,74.0,0.0,167.2,6,24,4,0.0,1.0
20210424,18,20.0,20.0,20.0,20.0,20.0,0,15.7,2.2,72.0,0.0,167.2,6,24,4,0.0,1.5
20210424,19,20.0,20.0,20.0,20.0,20.0,0,14.7,1.3,74.0,0.0,167.2,6,24,4,0.0,1.5
20210424,20,24.0,24.0,21.0,21.0,23.0,0,14.1,1.1,74.0,0.0,167.2,6,24,4,0.0,1.5
20210424,21,21.0,21.0,20.0,20.0,21.0,0,13.1,0.7,81.0,0.0,167.2,6,24,4,0.0,1.5
20210424,22,20.0,20.0,20.0,20.0,20.0,0,12.8,1.0,81.0,0.0,167.2,6,24,4,0.0,1.5
20210424,23,20.0,21.0,25.0,24.0,23.0,0,12.1,1.1,74.0,0.0,167.2,6,24,4,0.0,1.5
20210425,0,20.0,20.0,20.0,20.0,20.0,0,11.7,1.9,77.0,0.0,167.2,7,25,4,0.0,1.5
20210425,1,24.0,25.0,21.0,20.0,23.0,0,11.4,0.9,81.0,0.0,167.2,7,25,4,0.0,1.5
20210425,2,20.0,20.0,20.0,20.0,20.0,0,12.2,0.9,78.0,0.0,167.2,7,25,4,0.0,1.5
20210425,3,20.0,20.0,20.0,20.0,20.0,0,12.4,1.9,76.0,0.0,167.2,7,25,4,0.0,1.5
20210425,4,20.0,20.0,24.0,25.0,22.0,0,12.4,1.6,76.0,0.0,167.2,7,25,4,0.0,1.5
20210425,5,20.0,20.0,20.0,20.0,20.0,0,12.5,2.0,78.0,0.0,167.2,7,25,4,0.0,1.5
20210425,6,20.0,20.0,20.0,20.0,20.0,0,13.9,3.3,72.0,0.0,167.2,7,25,4,0.0,1.5
20210425,7,19.0,19.0,20.0,23.0,20.0,0,14.3,2.8,74.0,0.0,167.2,7,25,4,0.0,1.5
20210425,8,24.0,19.0,20.0,20.0,21.0,0,15.0,3.4,73.0,0.0,167.2,7,25,4,0.0,1.5
20210425,9,20.0,20.0,20.0,20.0,20.0,0,15.2,4.0,68.0,0.0,167.2,7,25,4,0.0,1.0
20210425,10,20.0,20.0,20.0,23.0,21.0,0,16.0,3.4,64.0,0.0,167.2,7,25,4,0.0,1.0
20210425,11,24.0,20.0,20.0,20.0,21.0,0,14.9,4.2,66.0,0.0,167.2,7,25,4,0.0,1.0
20210425,12,20.0,20.0,20.0,20.0,20.0,0,15.3,3.8,59.0,0.0,167.2,7,25,4,0.0,1.0
20210425,13,20.0,20.0,20.0,20.0,20.0,0,16.1,4.0,50.0,0.0,167.2,7,25,4,0.0,1.0
20210425,14,25.0,24.0,20.0,20.0,22.0,0,15.7,3.5,58.0,0.0,167.2,7,25,4,0.0,1.0
20210425,15,20.0,20.0,20.0,20.0,20.0,0,15.3,4.2,58.0,0.0,167.2,7,25,4,0.0,1.0
20210425,16,20.0,20.0,20.0,20.0,20.0,0,15.1,3.7,58.0,0.0,167.2,7,25,4,0.0,1.0
20210425,17,21.0,25.0,25.0,20.0,23.0,0,13.8,3.8,55.0,0.0,167.2,7,25,4,0.0,1.0
20210425,18,20.0,19.0,19.0,19.0,19.0,0,13.2,3.0,63.0,0.0,167.2,7,25,4,0.0,1.5
20210425,19,19.0,19.0,20.0,20.0,20.0,0,12.2,3.2,67.0,0.0,167.2,7,25,4,0.0,1.5
20210425,20,19.0,19.0,20.0,25.0,21.0,0,11.8,3.7,71.0,0.0,167.2,7,25,4,0.0,1.5
20210425,21,24.0,20.0,21.0,20.0,21.0,0,11.5,2.8,72.0,0.0,167.2,7,25,4,0.0,1.5
20210425,22,20.0,20.0,20.0,20.0,20.0,0,11.2,2.5,72.0,0.0,167.2,7,25,4,0.0,1.5
20210425,23,20.0,20.0,20.0,22.0,21.0,0,10.8,2.1,73.0,0.0,167.2,7,25,4,0.0,1.5
20210426,0,68.0,61.0,59.0,58.0,62.0,0,10.4,1.7,72.0,0.0,167.2,1,26,4,0.0,1.5
20210426,1,86.0,92.0,102.0,101.0,95.0,0,9.8,1.5,71.0,0.0,167.2,1,26,4,0.0,1.5
20210426,2,105.0,100.0,90.0,107.0,101.0,0,8.7,1.4,74.0,0.0,167.2,1,26,4,0.0,1.5
20210426,3,87.0,102.0,93.0,94.0,94.0,0,8.8,1.2,73.0,0.0,167.2,1,26,4,0.0,1.5
20210426,4,95.0,94.0,102.0,105.0,99.0,0,6.6,0.3,83.0,0.0,167.2,1,26,4,0.0,1.5
20210426,5,79.0,69.0,94.0,101.0,86.0,0,6.8,1.3,82.0,0.0,167.2,1,26,4,0.0,1.5
20210426,6,105.0,104.0,89.0,84.0,96.0,0,7.0,1.1,85.0,0.0,167.2,1,26,4,0.0,1.5
20210426,7,100.0,115.0,140.0,149.0,126.0,63,9.5,1.0,79.0,0.0,167.2,1,26,4,0.125,1.5
20210426,8,145.0,176.0,121.0,166.0,152.0,574,13.3,1.0,65.0,0.0,167.2,1,26,4,0.944078947,1.5
20210426,9,167.0,156.0,166.0,165.0,164.0,1038,14.4,2.4,52.0,0.0,167.2,1,26,4,1.587155963,1.0
20210426,10,116.0,155.0,156.0,165.0,148.0,363,15.2,3.8,47.0,0.0,167.2,1,26,4,0.613175676,1.0
20210426,11,165.0,162.0,163.0,168.0,165.0,944,15.4,3.2,42.0,0.0,167.2,1,26,4,1.434650456,1.0
20210426,12,99.0,74.0,75.0,111.0,90.0,3015,15.6,3.4,41.0,0.0,167.2,1,26,4,8.398328691,1.0
20210426,13,164.0,164.0,165.0,161.0,164.0,2265,16.0,3.1,39.0,0.0,167.2,1,26,4,3.463302752,1.0
20210426,14,143.0,144.0,163.0,158.0,152.0,812,15.8,2.5,38.0,0.0,167.2,1,26,4,1.335526316,1.0
20210426,15,131.0,152.0,148.0,144.0,144.0,363,15.7,2.9,39.0,0.0,167.2,1,26,4,0.631304348,1.0
20210426,16,144.0,138.0,149.0,144.0,144.0,2244,15.9,2.8,44.0,0.0,167.2,1,26,4,3.902608696,1.0
20210426,17,104.0,85.0,124.0,142.0,114.0,343,15.1,2.6,47.0,0.0,167.2,1,26,4,0.753846154,1.0
20210426,18,140.0,137.0,116.0,103.0,124.0,291,13.9,2.4,51.0,0.0,167.2,1,26,4,0.586693548,1.5
20210426,19,101.0,91.0,95.0,109.0,99.0,1532,12.6,1.7,58.0,0.0,167.2,1,26,4,3.868686869,1.5
20210426,20,107.0,116.0,123.0,127.0,118.0,18,11.6,0.9,63.0,0.0,167.2,1,26,4,0.038054968,1.5
20210426,21,117.0,114.0,106.0,115.0,113.0,15,10.4,0.6,70.0,0.0,167.2,1,26,4,0.033185841,1.5
20210426,22,98.0,109.0,102.0,97.0,102.0,524,9.7,1.8,75.0,0.0,167.2,1,26,4,1.290640394,1.5
20210426,23,99.0,107.0,107.0,76.0,97.0,23,9.1,0.2,77.0,0.0,167.2,1,26,4,0.059125964,1.5
20210427,0,68.0,61.0,59.0,58.0,62.0,587,9.1,0.8,79.0,0.0,167.2,2,27,4,2.386178862,1.5
20210427,1,86.0,92.0,102.0,101.0,95.0,0,8.7,0.6,80.0,0.0,167.2,2,27,4,0.0,1.5
20210427,2,105.0,100.0,90.0,107.0,101.0,338,8.6,0.8,79.0,0.0,167.2,2,27,4,0.84079602,1.5
20210427,3,87.0,102.0,93.0,94.0,94.0,102,8.9,1.1,84.0,0.0,167.2,2,27,4,0.271276596,1.5
20210427,4,95.0,94.0,102.0,105.0,99.0,375,8.4,0.5,86.0,0.0,167.2,2,27,4,0.946969697,1.5
20210427,5,79.0,69.0,94.0,101.0,86.0,136,7.9,0.0,89.0,0.0,167.2,2,27,4,0.396501458,1.5
20210427,6,105.0,104.0,89.0,84.0,96.0,109,8.6,2.0,86.0,0.0,167.2,2,27,4,0.285340314,1.5
20210427,7,100.0,115.0,140.0,149.0,126.0,2004,9.5,0.6,85.0,0.0,167.2,2,27,4,3.976190476,1.5
20210427,8,145.0,176.0,121.0,166.0,152.0,999,11.9,1.0,79.0,0.0,167.2,2,27,4,1.643092105,1.5
20210427,9,167.0,156.0,166.0,165.0,164.0,685,15.3,1.5,64.0,0.0,167.2,2,27,4,1.047400612,1.0
20210427,10,116.0,155.0,156.0,165.0,148.0,1554,16.4,1.7,58.0,0.0,167.2,2,27,4,2.625,1.0
20210427,11,165.0,162.0,163.0,168.0,165.0,1472,18.9,1.7,50.0,0.0,167.2,2,27,4,2.237082067,1.0
20210427,12,99.0,74.0,75.0,111.0,90.0,130,18.4,2.4,51.0,0.0,167.2,2,27,4,0.362116992,1.0
20210427,13,164.0,164.0,165.0,161.0,164.0,1488,18.3,2.1,59.0,0.0,167.2,2,27,4,2.275229358,1.0
20210427,14,143.0,144.0,163.0,158.0,152.0,6290,18.6,2.5,59.0,0.0,167.2,2,27,4,10.34539474,1.0
20210427,15,131.0,152.0,148.0,144.0,144.0,888,17.9,2.7,63.0,0.0,167.2,2,27,4,1.544347826,1.0
20210427,16,144.0,138.0,149.0,144.0,144.0,1178,18.1,3.5,54.0,0.0,167.2,2,27,4,2.048695652,1.0
20210427,17,104.0,85.0,124.0,142.0,114.0,976,18.2,3.7,51.0,0.0,167.2,2,27,4,2.145054945,1.0
20210427,18,140.0,137.0,116.0,103.0,124.0,2034,17.9,4.5,46.0,0.0,167.2,2,27,4,4.100806452,1.5
20210427,19,101.0,91.0,95.0,109.0,99.0,4625,17.5,2.6,56.0,0.0,167.2,2,27,4,11.67929293,1.5
20210427,20,107.0,116.0,123.0,127.0,118.0,13,16.6,2.2,69.0,0.0,167.2,2,27,4,0.027484144,1.5
20210427,21,117.0,114.0,106.0,115.0,113.0,53,16.3,3.3,73.0,0.0,167.2,2,27,4,0.117256637,1.5
20210427,22,98.0,109.0,102.0,97.0,102.0,96,16.1,2.7,75.0,0.0,167.2,2,27,4,0.236453202,1.5
20210427,23,99.0,107.0,107.0,76.0,97.0,10,15.7,2.4,74.0,0.0,167.2,2,27,4,0.025706941,1.5
20210428,0,63.0,61.0,59.0,59.0,61.0,587,16.0,2.6,73.0,0.0,167.2,3,28,4,2.425619835,1.5
20210428,1,85.0,98.0,107.0,109.0,100.0,68,15.4,1.5,72.0,0.0,167.2,3,28,4,0.170426065,1.5
20210428,2,103.0,101.0,103.0,100.0,102.0,82,15.6,1.7,76.0,0.0,167.2,3,28,4,0.201474201,1.5
20210428,3,83.0,97.0,101.0,113.0,99.0,410,15.8,2.2,71.0,0.0,167.2,3,28,4,1.040609137,1.5
20210428,4,109.0,103.0,101.0,105.0,105.0,306,15.3,1.4,74.0,0.0,167.2,3,28,4,0.732057416,1.5
20210428,5,81.0,71.0,100.0,114.0,92.0,0,15.9,2.7,63.0,0.0,167.2,3,28,4,0.0,1.5
20210428,6,107.0,107.0,114.0,107.0,109.0,60,14.7,2.4,69.0,0.0,167.2,3,28,4,0.137931034,1.5
20210428,7,98.0,100.0,134.0,128.0,115.0,2047,16.3,2.1,63.0,0.0,167.2,3,28,4,4.45,1.5
20210428,8,151.0,175.0,166.0,164.0,164.0,247,17.3,1.7,66.0,0.0,167.2,3,28,4,0.37652439,1.5
20210428,9,157.0,153.0,160.0,168.0,160.0,1636,18.7,1.6,55.0,0.0,167.2,3,28,4,2.564263323,1.0
20210428,10,122.0,156.0,166.0,159.0,151.0,461,20.6,1.3,47.0,0.0,167.2,3,28,4,0.764510779,1.0
20210428,11,160.0,172.0,169.0,168.0,167.0,1180,21.3,2.2,30.0,0.0,167.2,3,28,4,1.763826607,1.0
20210428,12,107.0,83.0,83.0,118.0,98.0,70,23.1,2.0,26.0,0.0,167.2,3,28,4,0.179028133,1.0
20210428,13,157.0,168.0,167.0,157.0,162.0,2313,22.5,2.7,46.0,0.0,167.2,3,28,4,3.56394453,1.0
20210428,14,151.0,150.0,150.0,152.0,151.0,3149,22.5,3.0,46.0,0.0,167.2,3,28,4,5.222222222,1.0
20210428,15,119.0,148.0,152.0,141.0,140.0,940,21.9,2.6,46.0,0.0,167.2,3,28,4,1.678571429,1.0
20210428,16,131.0,133.0,137.0,145.0,137.0,3127,22.6,2.5,45.0,0.0,167.2,3,28,4,5.727106227,1.0
20210428,17,99.0,96.0,147.0,158.0,125.0,114,21.1,2.1,51.0,0.0,167.2,3,28,4,0.228,1.0
20210428,18,157.0,155.0,146.0,134.0,148.0,918,19.5,1.0,64.0,0.0,167.2,3,28,4,1.550675676,1.5
20210428,19,122.0,123.0,114.0,108.0,117.0,433,17.9,0.9,71.0,0.0,167.2,3,28,4,0.927194861,1.5
20210428,20,96.0,105.0,107.0,112.0,105.0,11,17.0,0.6,80.0,0.0,167.2,3,28,4,0.026190476,1.5
20210428,21,108.0,116.0,113.0,108.0,111.0,447,17.3,0.7,43.0,0.0,167.2,3,28,4,1.004494382,1.5
20210428,22,89.0,111.0,107.0,104.0,103.0,85,17.5,1.7,35.0,0.0,167.2,3,28,4,0.206812652,1.5
20210428,23,100.0,97.0,98.0,83.0,95.0,235,16.9,1.7,35.0,0.0,167.2,3,28,4,0.621693122,1.5
20210429,0,63.0,61.0,59.0,59.0,61.0,0,17.0,1.7,33.0,0.0,167.2,4,29,4,0.0,1.5
20210429,1,85.0,98.0,107.0,109.0,100.0,202,15.8,1.1,38.0,0.0,167.2,4,29,4,0.506265664,1.5
20210429,2,103.0,101.0,103.0,100.0,102.0,141,15.5,1.3,39.0,0.0,167.2,4,29,4,0.346437346,1.5
20210429,3,83.0,97.0,101.0,113.0,99.0,274,14.0,0.4,46.0,0.0,167.2,4,29,4,0.695431472,1.5
20210429,4,109.0,103.0,101.0,105.0,105.0,36,14.3,0.4,44.0,0.0,167.2,4,29,4,0.086124402,1.5
20210429,5,81.0,71.0,100.0,114.0,92.0,59,13.8,0.4,49.0,0.0,167.2,4,29,4,0.161202186,1.5
20210429,6,107.0,107.0,114.0,107.0,109.0,324,13.7,1.0,49.0,0.0,167.2,4,29,4,0.744827586,1.5
20210429,7,98.0,100.0,134.0,128.0,115.0,2098,14.7,2.2,46.0,0.0,167.2,4,29,4,4.560869565,1.5
20210429,8,151.0,175.0,166.0,164.0,164.0,862,15.0,1.9,49.0,0.0,167.2,4,29,4,1.31402439,1.5
20210429,9,157.0,153.0,160.0,168.0,160.0,853,15.9,3.0,47.0,0.0,167.2,4,29,4,1.336990596,1.0
20210429,10,122.0,156.0,166.0,159.0,151.0,2052,16.1,2.7,52.0,0.0,167.2,4,29,4,3.402985075,1.0
20210429,11,160.0,172.0,169.0,168.0,167.0,1646,19.6,1.9,43.0,0.0,167.2,4,29,4,2.46038864,1.0
20210429,12,107.0,83.0,83.0,118.0,98.0,20,18.5,2.7,40.0,0.0,167.2,4,29,4,0.051150895,1.0
20210429,13,157.0,168.0,167.0,157.0,162.0,692,19.4,3.4,43.0,0.0,167.2,4,29,4,1.066255778,1.0
20210429,14,151.0,150.0,150.0,152.0,151.0,904,19.1,3.4,44.0,0.0,167.2,4,29,4,1.499170813,1.0
20210429,15,119.0,148.0,152.0,141.0,140.0,2121,19.1,2.5,51.0,0.0,167.2,4,29,4,3.7875,1.0
20210429,16,131.0,133.0,137.0,145.0,137.0,4046,18.2,2.7,58.0,0.0,167.2,4,29,4,7.41025641,1.0
20210429,17,99.0,96.0,147.0,158.0,125.0,598,17.6,2.1,64.0,0.0,167.2,4,29,4,1.196,1.0
20210429,18,157.0,155.0,146.0,134.0,148.0,1467,17.7,3.1,65.0,0.0,167.2,4,29,4,2.478040541,1.5
20210429,19,122.0,123.0,114.0,108.0,117.0,1831,17.1,2.0,66.0,0.0,167.2,4,29,4,3.920770878,1.5
20210429,20,96.0,105.0,107.0,112.0,105.0,147,16.3,1.2,64.0,0.0,167.2,4,29,4,0.35,1.5
20210429,21,108.0,116.0,113.0,108.0,111.0,86,14.3,2.2,73.0,0.0,167.2,4,29,4,0.193258427,1.5
20210429,22,89.0,111.0,107.0,104.0,103.0,110,14.7,1.5,70.0,0.0,167.2,4,29,4,0.267639903,1.5
20210429,23,100.0,97.0,98.0,83.0,95.0,32,13.4,2.8,82.0,0.0,167.2,4,29,4,0.084656085,1.5
20210430,0,62.0,58.0,56.0,57.0,58.0,2,12.7,0.8,87.0,0.0,167.2,5,30,4,0.008583691,1.5
20210430,1,82.0,106.0,104.0,104.0,99.0,13,12.8,0.8,91.0,0.0,167.2,5,30,4,0.032828283,1.5
20210430,2,98.0,107.0,104.0,95.0,101.0,83,12.8,1.6,93.0,0.0,167.2,5,30,4,0.205445545,1.5
20210430,3,81.0,104.0,103.0,103.0,98.0,19,15.8,4.9,56.0,0.0,167.2,5,30,4,0.04859335,1.5
20210430,4,91.0,106.0,111.0,107.0,104.0,1503,15.7,5.6,55.0,0.1,167.2,5,30,4,3.621686747,1.5
20210430,5,80.0,69.0,97.0,110.0,89.0,0,15.1,4.3,62.0,0.1,167.2,5,30,4,0.0,1.5
20210430,6,112.0,108.0,102.0,103.0,106.0,109,15.2,4.1,61.0,0.1,167.2,5,30,4,0.256470588,1.5
20210430,7,104.0,108.0,137.0,140.0,122.0,1099,15.6,4.8,60.0,0.1,167.2,5,30,4,2.247443763,1.5
20210430,8,162.0,174.0,164.0,153.0,163.0,1201,16.7,3.4,53.0,0.1,167.2,5,30,4,1.839203675,1.5
20210430,9,163.0,143.0,152.0,152.0,153.0,709,17.7,4.3,43.0,0.1,167.2,5,30,4,1.162295082,1.0
20210430,10,125.0,173.0,172.0,172.0,161.0,566,18.9,3.4,38.0,0.1,167.2,5,30,4,0.881619938,1.0
20210430,11,165.0,161.0,155.0,143.0,156.0,867,19.4,4.6,36.0,0.1,167.2,5,30,4,1.389423077,1.0
20210430,12,102.0,77.0,77.0,110.0,92.0,18,19.9,4.6,32.0,0.1,167.2,5,30,4,0.049180328,1.0
20210430,13,145.0,146.0,154.0,158.0,151.0,1732,21.2,4.1,29.0,0.1,167.2,5,30,4,2.872305141,1.0
20210430,14,156.0,167.0,163.0,158.0,161.0,1416,21.6,3.2,26.0,0.1,167.2,5,30,4,2.198757764,1.0
20210430,15,123.0,151.0,161.0,156.0,148.0,1130,21.6,3.4,20.0,0.1,167.2,5,30,4,1.912013536,1.0
20210430,16,155.0,155.0,152.0,142.0,151.0,2103,21.9,2.4,19.0,0.1,167.2,5,30,4,3.481788079,1.0
20210430,17,107.0,85.0,120.0,134.0,112.0,185,17.7,2.0,55.0,0.1,167.2,5,30,4,0.414798206,1.0
20210430,18,130.0,146.0,138.0,148.0,141.0,1237,16.4,3.3,63.0,0.1,167.2,5,30,4,2.201067616,1.5
20210430,19,138.0,139.0,131.0,113.0,130.0,730,15.0,2.1,67.0,0.1,167.2,5,30,4,1.401151631,1.5
20210430,20,106.0,108.0,127.0,136.0,119.0,4,14.6,2.5,72.0,0.1,167.2,5,30,4,0.008385744,1.5
20210430,21,122.0,124.0,117.0,113.0,119.0,342,14.1,1.8,74.0,0.1,167.2,5,30,4,0.718487395,1.5
20210430,22,85.0,118.0,113.0,108.0,106.0,179,14.1,0.8,76.0,0.1,167.2,5,30,4,0.422169811,1.5
20210430,23,117.0,113.0,94.0,77.0,100.0,370,13.5,1.3,79.0,0.1,167.2,5,30,4,0.922693267,1.5
20210501,0,76.0,68.0,72.0,65.0,70.0,75,13.8,1.4,79.0,0.0,167.2,6,1,5,0.266903915,1.5
20210501,1,95.0,103.0,115.0,116.0,107.0,44,14.4,1.1,77.0,0.0,167.2,6,1,5,0.102564103,1.5
20210501,2,118.0,112.0,107.0,97.0,109.0,380,12.8,0.9,97.0,2.0,167.2,6,1,5,0.875576037,1.5
20210501,3,89.0,105.0,100.0,104.0,100.0,90,11.4,3.0,97.0,3.1,167.2,6,1,5,0.226130653,1.5
20210501,4,101.0,107.0,100.0,99.0,102.0,122,10.3,1.3,98.0,5.4,167.2,6,1,5,0.2997543,1.5
20210501,5,82.0,79.0,91.0,92.0,86.0,53,9.9,0.7,98.0,7.0,167.2,6,1,5,0.154069767,1.5
20210501,6,103.0,102.0,103.0,97.0,101.0,196,9.8,1.4,98.0,8.0,167.2,6,1,5,0.483950617,1.5
20210501,7,97.0,92.0,68.0,30.0,72.0,1832,10.1,0.9,98.0,8.5,167.2,6,1,5,6.383275261,1.5
20210501,8,21.0,25.0,25.0,21.0,23.0,0,10.6,2.5,98.0,8.5,167.2,6,1,5,0.0,1.5
20210501,9,21.0,21.0,20.0,20.0,21.0,0,11.3,2.4,98.0,8.5,167.2,6,1,5,0.0,1.0
20210501,10,21.0,21.0,20.0,21.0,21.0,0,12.7,3.0,81.0,8.5,167.2,6,1,5,0.0,1.0
20210501,11,21.0,21.0,24.0,26.0,23.0,0,13.8,3.1,70.0,8.5,167.2,6,1,5,0.0,1.0
20210501,12,24.0,21.0,21.0,21.0,22.0,0,15.2,2.7,63.0,8.5,167.2,6,1,5,0.0,1.0
20210501,13,21.0,21.0,21.0,21.0,21.0,0,14.4,2.6,63.0,8.5,167.2,6,1,5,0.0,1.0
20210501,14,20.0,21.0,21.0,21.0,21.0,0,13.7,3.9,64.0,8.5,167.2,6,1,5,0.0,1.0
20210501,15,25.0,26.0,21.0,21.0,23.0,0,14.7,2.9,56.0,8.5,167.2,6,1,5,0.0,1.0
20210501,16,21.0,21.0,21.0,21.0,21.0,0,10.7,3.3,83.0,8.5,167.2,6,1,5,0.0,1.0
20210501,17,21.0,21.0,21.0,21.0,21.0,0,13.2,2.0,71.0,8.7,167.2,6,1,5,0.0,1.0
20210501,18,21.0,25.0,25.0,21.0,23.0,0,13.0,2.5,60.0,8.7,167.2,6,1,5,0.0,1.5
20210501,19,20.0,20.0,21.0,21.0,21.0,0,12.3,1.6,65.0,8.7,167.2,6,1,5,0.0,1.5
20210501,20,20.0,20.0,21.0,21.0,21.0,0,11.5,1.4,62.0,8.7,167.2,6,1,5,0.0,1.5
20210501,21,22.0,23.0,26.0,25.0,24.0,0,11.6,1.5,61.0,8.7,167.2,6,1,5,0.0,1.5
20210501,22,21.0,21.0,22.0,21.0,21.0,0,11.6,2.5,55.0,8.7,167.2,6,1,5,0.0,1.5
20210501,23,21.0,21.0,21.0,21.0,21.0,0,10.9,1.6,56.0,8.7,167.2,6,1,5,0.0,1.5
20210502,0,21.0,21.0,21.0,22.0,21.0,0,10.8,2.4,56.0,8.7,167.2,7,2,5,0.0,1.5
20210502,1,25.0,24.0,21.0,20.0,23.0,0,10.5,2.3,58.0,0.0,167.2,7,2,5,0.0,1.5
20210502,2,21.0,21.0,21.0,21.0,21.0,0,10.6,1.5,58.0,0.0,167.2,7,2,5,0.0,1.5
20210502,3,21.0,21.0,21.0,21.0,21.0,0,10.8,3.2,58.0,0.0,167.2,7,2,5,0.0,1.5
20210502,4,23.0,26.0,24.0,21.0,24.0,0,10.7,2.6,62.0,0.0,167.2,7,2,5,0.0,1.5
20210502,5,21.0,21.0,21.0,21.0,21.0,0,9.4,2.8,75.0,0.0,167.2,7,2,5,0.0,1.5
20210502,6,21.0,21.0,21.0,21.0,21.0,0,8.3,1.4,89.0,0.2,167.2,7,2,5,0.0,1.5
20210502,7,21.0,25.0,25.0,23.0,24.0,0,8.9,2.7,85.0,0.2,167.2,7,2,5,0.0,1.5
20210502,8,21.0,20.0,21.0,21.0,21.0,0,9.9,2.8,81.0,0.2,167.2,7,2,5,0.0,1.5
20210502,9,21.0,20.0,21.0,20.0,21.0,0,10.8,3.3,76.0,0.2,167.2,7,2,5,0.0,1.0
20210502,10,21.0,20.0,22.0,26.0,22.0,0,12.1,3.8,68.0,0.2,167.2,7,2,5,0.0,1.0
20210502,11,24.0,21.0,21.0,21.0,22.0,0,14.9,3.2,56.0,0.2,167.2,7,2,5,0.0,1.0
20210502,12,21.0,21.0,21.0,21.0,21.0,0,16.0,3.7,49.0,0.2,167.2,7,2,5,0.0,1.0
20210502,13,21.0,20.0,20.0,24.0,21.0,0,16.3,2.3,47.0,0.2,167.2,7,2,5,0.0,1.0
20210502,14,26.0,23.0,21.0,21.0,23.0,0,16.7,2.6,41.0,0.2,167.2,7,2,5,0.0,1.0
20210502,15,20.0,20.0,21.0,21.0,21.0,0,16.8,2.7,50.0,0.2,167.2,7,2,5,0.0,1.0
20210502,16,20.0,20.0,20.0,20.0,20.0,0,16.5,1.4,47.0,0.2,167.2,7,2,5,0.0,1.0
20210502,17,22.0,25.0,25.0,21.0,23.0,0,16.4,2.0,51.0,0.2,167.2,7,2,5,0.0,1.0
20210502,18,20.0,21.0,20.0,20.0,20.0,0,15.2,2.3,49.0,0.2,167.2,7,2,5,0.0,1.5
20210502,19,20.0,20.0,20.0,21.0,20.0,0,14.0,1.2,60.0,0.2,167.2,7,2,5,0.0,1.5
20210502,20,20.0,21.0,25.0,26.0,23.0,0,12.8,1.0,69.0,0.2,167.2,7,2,5,0.0,1.5
20210502,21,22.0,21.0,22.0,21.0,22.0,0,11.1,0.8,77.0,0.2,167.2,7,2,5,0.0,1.5
20210502,22,21.0,21.0,21.0,21.0,21.0,0,10.5,0.5,82.0,0.2,167.2,7,2,5,0.0,1.5
20210502,23,21.0,21.0,21.0,25.0,22.0,0,11.3,0.7,84.0,0.2,167.2,7,2,5,0.0,1.5
20210503,0,26.0,23.0,21.0,21.0,23.0,0,10.8,2.1,82.0,0.2,167.2,1,3,5,0.0,1.5
20210503,1,21.0,21.0,21.0,21.0,21.0,0,9.5,1.1,88.0,0.0,167.2,1,3,5,0.0,1.5
20210503,2,21.0,21.0,21.0,21.0,21.0,0,8.7,0.9,87.0,0.0,167.2,1,3,5,0.0,1.5
20210503,3,24.0,26.0,22.0,21.0,23.0,0,8.7,0.7,94.0,0.0,167.2,1,3,5,0.0,1.5
20210503,4,21.0,21.0,21.0,21.0,21.0,0,8.3,0.6,93.0,0.0,167.2,1,3,5,0.0,1.5
20210503,5,21.0,21.0,21.0,21.0,21.0,0,8.0,1.8,90.0,0.0,167.2,1,3,5,0.0,1.5
20210503,6,23.0,25.0,24.0,21.0,23.0,0,7.6,0.9,94.0,0.0,167.2,1,3,5,0.0,1.5
20210503,7,22.0,40.0,76.0,97.0,59.0,0,9.6,2.0,86.0,0.0,167.2,1,3,5,0.0,1.5
20210503,8,153.0,184.0,183.0,179.0,175.0,784,13.3,0.7,72.0,0.0,167.2,1,3,5,1.121602289,1.5
20210503,9,181.0,178.0,164.0,157.0,170.0,1137,15.0,1.1,63.0,0.0,167.2,1,3,5,1.672058824,1.0
20210503,10,125.0,141.0,164.0,164.0,149.0,65,18.5,1.7,44.0,0.0,167.2,1,3,5,0.109427609,1.0
20210503,11,173.0,170.0,173.0,179.0,174.0,1572,19.8,2.9,34.0,0.0,167.2,1,3,5,2.261870504,1.0
20210503,12,105.0,93.0,93.0,134.0,106.0,680,20.5,3.1,28.0,0.0,167.2,1,3,5,1.6,1.0
20210503,13,177.0,177.0,182.0,179.0,179.0,505,21.1,3.7,27.0,0.0,167.2,1,3,5,0.706293706,1.0
20210503,14,170.0,168.0,164.0,167.0,167.0,2280,22.6,2.9,28.0,0.0,167.2,1,3,5,3.408071749,1.0
20210503,15,125.0,165.0,160.0,167.0,154.0,1826,22.1,3.8,29.0,0.0,167.2,1,3,5,2.959481361,1.0
20210503,16,162.0,145.0,146.0,136.0,147.0,1667,22.2,3.1,32.0,0.0,167.2,1,3,5,2.830220713,1.0
20210503,17,98.0,99.0,131.0,146.0,119.0,1310,21.3,3.1,37.0,0.0,167.2,1,3,5,2.76371308,1.0
20210503,18,128.0,130.0,138.0,141.0,134.0,434,19.8,4.3,38.0,0.0,167.2,1,3,5,0.808193669,1.5
20210503,19,133.0,130.0,119.0,106.0,122.0,1700,18.4,4.0,45.0,0.0,167.2,1,3,5,3.483606557,1.5
20210503,20,108.0,101.0,117.0,113.0,110.0,148,17.0,4.1,51.0,0.0,167.2,1,3,5,0.337129841,1.5
20210503,21,100.0,105.0,102.0,110.0,104.0,25,16.2,1.0,55.0,0.0,167.2,1,3,5,0.059952038,1.5
20210503,22,92.0,110.0,106.0,110.0,105.0,337,15.3,2.4,61.0,0.0,167.2,1,3,5,0.806220096,1.5
20210503,23,103.0,114.0,104.0,73.0,99.0,136,14.1,1.3,71.0,0.0,167.2,1,3,5,0.345177665,1.5
20210504,0,68.0,63.0,65.0,64.0,65.0,414,14.4,1.9,70.0,0.0,167.2,2,4,5,1.592307692,1.5
20210504,1,97.0,106.0,117.0,113.0,108.0,20,13.6,1.2,74.0,0.0,167.2,2,4,5,0.046189376,1.5
20210504,2,120.0,117.0,116.0,112.0,116.0,59,14.1,2.2,70.0,0.0,167.2,2,4,5,0.12688172,1.5
20210504,3,90.0,108.0,104.0,113.0,104.0,344,13.9,1.8,69.0,0.0,167.2,2,4,5,0.828915663,1.5
20210504,4,101.0,98.0,108.0,97.0,101.0,22,12.9,0.7,69.0,0.0,167.2,2,4,5,0.054455446,1.5
20210504,5,79.0,76.0,90.0,94.0,85.0,318,15.1,2.8,66.0,0.0,167.2,2,4,5,0.938053097,1.5
20210504,6,109.0,110.0,112.0,111.0,111.0,28,14.8,1.7,75.0,0.0,167.2,2,4,5,0.063348416,1.5
20210504,7,108.0,115.0,142.0,139.0,126.0,1140,16.0,2.7,73.0,0.0,167.2,2,4,5,2.261904762,1.5
20210504,8,162.0,181.0,167.0,175.0,171.0,473,17.3,2.4,71.0,0.0,167.2,2,4,5,0.690510949,1.5
20210504,9,169.0,155.0,177.0,172.0,168.0,2501,18.7,4.5,69.0,0.0,167.2,2,4,5,3.716196137,1.0
20210504,10,129.0,170.0,169.0,174.0,161.0,701,19.5,4.9,67.0,0.0,167.2,2,4,5,1.091900312,1.0
20210504,11,178.0,169.0,170.0,173.0,173.0,941,19.3,4.9,70.0,0.0,167.2,2,4,5,1.363768116,1.0
20210504,12,105.0,89.0,91.0,129.0,104.0,132,20.1,4.3,67.0,0.0,167.2,2,4,5,0.31884058,1.0
20210504,13,170.0,166.0,165.0,160.0,165.0,1749,20.0,4.2,70.0,0.0,167.2,2,4,5,2.645990923,1.0
20210504,14,161.0,163.0,161.0,180.0,166.0,658,19.5,3.9,74.0,0.0,167.2,2,4,5,0.989473684,1.0
20210504,15,133.0,173.0,177.0,153.0,159.0,1093,19.3,3.1,78.0,0.0,167.2,2,4,5,1.718553459,1.0
20210504,16,161.0,164.0,162.0,157.0,161.0,716,18.1,3.6,86.0,0.1,167.2,2,4,5,1.111801242,1.0
20210504,17,110.0,90.0,139.0,153.0,123.0,547,17.6,3.6,94.0,0.5,167.2,2,4,5,1.111788618,1.0
20210504,18,150.0,169.0,169.0,162.0,163.0,632,17.7,3.9,94.0,0.9,167.2,2,4,5,0.972307692,1.5
20210504,19,159.0,164.0,172.0,138.0,158.0,3300,17.4,3.3,95.0,1.1,167.2,2,4,5,5.213270142,1.5
20210504,20,122.0,125.0,118.0,129.0,124.0,147,17.7,4.6,92.0,1.2,167.2,2,4,5,0.29757085,1.5
20210504,21,125.0,134.0,122.0,117.0,125.0,46,16.9,4.2,98.0,2.2,167.2,2,4,5,0.092369478,1.5
20210504,22,98.0,100.0,115.0,105.0,105.0,1,15.9,2.9,98.0,4.0,167.2,2,4,5,0.002392344,1.5
20210504,23,106.0,103.0,98.0,73.0,95.0,374,16.0,3.0,98.0,10.4,167.2,2,4,5,0.984210526,1.5
20210505,0,66.0,64.0,63.0,67.0,65.0,103,16.4,2.2,98.0,15.2,167.2,3,5,5,0.396153846,1.5
20210505,1,102.0,103.0,105.0,111.0,105.0,4,17.1,5.2,98.0,3.0,167.2,3,5,5,0.009501188,1.5
20210505,2,109.0,114.0,115.0,102.0,110.0,363,17.8,3.1,98.0,3.4,167.2,3,5,5,0.825,1.5
20210505,3,86.0,110.0,110.0,105.0,103.0,41,18.0,2.7,98.0,3.5,167.2,3,5,5,0.099756691,1.5
20210505,4,120.0,114.0,113.0,100.0,112.0,312,18.1,2.6,98.0,3.5,167.2,3,5,5,0.697986577,1.5
20210505,5,80.0,79.0,97.0,97.0,88.0,63,17.6,1.4,98.0,3.5,167.2,3,5,5,0.178470255,1.5
20210505,6,100.0,109.0,106.0,97.0,103.0,233,16.3,1.7,79.0,3.5,167.2,3,5,5,0.565533981,1.5
20210505,7,92.0,86.0,45.0,28.0,63.0,1071,15.5,2.7,68.0,3.5,167.2,3,5,5,4.266932271,1.5
20210505,8,20.0,21.0,21.0,21.0,21.0,0,15.7,2.8,64.0,3.5,167.2,3,5,5,0.0,1.5
20210505,9,21.0,21.0,21.0,21.0,21.0,0,17.4,3.0,55.0,3.5,167.2,3,5,5,0.0,1.0
20210505,10,21.0,22.0,25.0,24.0,23.0,0,19.3,3.7,35.0,3.5,167.2,3,5,5,0.0,1.0
20210505,11,21.0,21.0,21.0,22.0,21.0,0,21.7,3.4,27.0,3.5,167.2,3,5,5,0.0,1.0
20210505,12,21.0,20.0,20.0,20.0,20.0,0,22.8,4.0,22.0,3.5,167.2,3,5,5,0.0,1.0
20210505,13,21.0,22.0,26.0,25.0,24.0,0,23.3,4.2,22.0,3.5,167.2,3,5,5,0.0,1.0
20210505,14,21.0,21.0,21.0,21.0,21.0,0,23.7,4.3,17.0,3.5,167.2,3,5,5,0.0,1.0
20210505,15,21.0,21.0,21.0,21.0,21.0,0,23.6,2.4,20.0,3.5,167.2,3,5,5,0.0,1.0
20210505,16,21.0,21.0,22.0,26.0,23.0,0,23.4,2.9,16.0,3.5,167.2,3,5,5,0.0,1.0
20210505,17,25.0,21.0,21.0,21.0,22.0,0,22.6,3.2,18.0,3.5,167.2,3,5,5,0.0,1.0
20210505,18,21.0,21.0,21.0,21.0,21.0,0,21.4,2.3,20.0,3.5,167.2,3,5,5,0.0,1.5
20210505,19,21.0,21.0,21.0,21.0,21.0,0,20.1,2.3,27.0,3.5,167.2,3,5,5,0.0,1.5
20210505,20,24.0,26.0,22.0,22.0,24.0,0,19.0,1.5,29.0,3.5,167.2,3,5,5,0.0,1.5
20210505,21,21.0,22.0,21.0,21.0,21.0,0,17.2,2.2,35.0,3.5,167.2,3,5,5,0.0,1.5
20210505,22,22.0,22.0,22.0,21.0,22.0,0,16.9,3.3,32.0,3.5,167.2,3,5,5,0.0,1.5
20210505,23,21.0,25.0,26.0,22.0,24.0,0,14.3,1.3,41.0,3.5,167.2,3,5,5,0.0,1.5
20210506,0,21.0,21.0,21.0,21.0,21.0,0,13.2,1.3,41.0,3.5,167.2,4,6,5,0.0,1.5
20210506,1,21.0,21.0,21.0,21.0,21.0,0,13.0,1.4,35.0,0.0,167.2,4,6,5,0.0,1.5
20210506,2,21.0,21.0,23.0,26.0,23.0,0,12.6,2.0,40.0,0.0,167.2,4,6,5,0.0,1.5
20210506,3,24.0,21.0,21.0,21.0,22.0,0,11.9,2.3,42.0,0.0,167.2,4,6,5,0.0,1.5
20210506,4,21.0,21.0,21.0,21.0,21.0,0,10.5,1.5,45.0,0.0,167.2,4,6,5,0.0,1.5
20210506,5,21.0,21.0,21.0,25.0,22.0,0,9.8,1.1,47.0,0.0,167.2,4,6,5,0.0,1.5
20210506,6,26.0,23.0,21.0,21.0,23.0,0,9.8,0.1,49.0,0.0,167.2,4,6,5,0.0,1.5
20210506,7,21.0,39.0,67.0,95.0,56.0,0,12.2,0.4,54.0,0.0,167.2,4,6,5,0.0,1.5
20210506,8,160.0,191.0,190.0,199.0,185.0,424,14.6,1.3,31.0,0.0,167.2,4,6,5,0.572972973,1.5
20210506,9,185.0,187.0,186.0,187.0,186.0,1929,17.3,1.3,31.0,0.0,167.2,4,6,5,2.589261745,1.0
20210506,10,144.0,172.0,165.0,177.0,165.0,1556,19.2,3.0,30.0,0.0,167.2,4,6,5,2.364741641,1.0
20210506,11,164.0,173.0,179.0,169.0,171.0,2460,20.9,1.8,30.0,0.0,167.2,4,6,5,3.591240876,1.0
20210506,12,108.0,87.0,86.0,123.0,101.0,4,22.3,2.1,34.0,0.0,167.2,4,6,5,0.00990099,1.0
20210506,13,173.0,170.0,163.0,159.0,166.0,2044,21.9,2.3,34.0,0.0,167.2,4,6,5,3.073684211,1.0
20210506,14,154.0,167.0,164.0,156.0,160.0,801,21.7,2.1,34.0,0.0,167.2,4,6,5,1.249609984,1.0
20210506,15,126.0,156.0,163.0,173.0,155.0,4734,20.0,2.1,41.0,0.0,167.2,4,6,5,7.660194175,1.0
20210506,16,149.0,160.0,163.0,163.0,159.0,2564,21.1,2.0,37.0,0.0,167.2,4,6,5,4.037795276,1.0
20210506,17,107.0,95.0,142.0,155.0,125.0,601,21.0,2.9,34.0,0.0,167.2,4,6,5,1.204408818,1.0
20210506,18,140.0,127.0,123.0,111.0,125.0,1600,20.4,3.7,33.0,0.0,167.2,4,6,5,3.193612774,1.5
20210506,19,124.0,112.0,108.0,117.0,115.0,2689,19.7,4.0,34.0,0.0,167.2,4,6,5,5.8329718,1.5
20210506,20,120.0,123.0,138.0,130.0,128.0,180,19.2,3.1,33.0,0.0,167.2,4,6,5,0.352250489,1.5
20210506,21,128.0,122.0,115.0,117.0,121.0,4,17.0,0.2,42.0,0.0,167.2,4,6,5,0.008298755,1.5
20210506,22,104.0,120.0,116.0,114.0,114.0,26,17.1,0.5,36.0,0.0,167.2,4,6,5,0.057268722,1.5
20210506,23,99.0,118.0,109.0,78.0,101.0,32,17.3,1.3,37.0,0.0,167.2,4,6,5,0.079207921,1.5
20210507,0,72.0,69.0,63.0,62.0,67.0,434,15.9,0.0,46.0,0.0,167.2,5,7,5,1.631578947,1.5
20210507,1,93.0,100.0,109.0,112.0,104.0,8,15.4,0.3,53.0,0.0,167.2,5,7,5,0.019323671,1.5
20210507,2,106.0,100.0,102.0,98.0,102.0,182,16.7,2.3,46.0,0.0,167.2,5,7,5,0.448275862,1.5
20210507,3,97.0,108.0,113.0,101.0,105.0,116,15.9,2.0,33.0,0.0,167.2,5,7,5,0.276849642,1.5
20210507,4,96.0,96.0,102.0,99.0,98.0,196,15.2,1.5,40.0,0.0,167.2,5,7,5,0.498727735,1.5
20210507,5,81.0,72.0,95.0,109.0,89.0,0,16.0,2.1,32.0,0.0,167.2,5,7,5,0.0,1.5
20210507,6,115.0,111.0,105.0,97.0,107.0,86,15.6,2.1,35.0,0.0,167.2,5,7,5,0.200934579,1.5
20210507,7,101.0,110.0,134.0,127.0,118.0,1465,16.1,3.5,44.0,0.0,167.2,5,7,5,3.103813559,1.5
20210507,8,153.0,172.0,180.0,181.0,172.0,321,17.6,3.5,52.0,0.0,167.2,5,7,5,0.467930029,1.5
20210507,9,172.0,174.0,163.0,171.0,170.0,755,18.8,4.5,57.0,0.0,167.2,5,7,5,1.110294118,1.0
20210507,10,127.0,166.0,166.0,174.0,158.0,1314,21.0,3.8,54.0,0.0,167.2,5,7,5,2.075829384,1.0
20210507,11,167.0,161.0,167.0,159.0,164.0,2392,22.9,3.5,50.0,0.0,167.2,5,7,5,3.657492355,1.0
20210507,12,103.0,94.0,95.0,130.0,106.0,580,22.9,5.4,51.0,0.0,167.2,5,7,5,1.374407583,1.0
20210507,13,174.0,164.0,172.0,159.0,167.0,1477,23.4,5.7,52.0,0.0,167.2,5,7,5,2.207772795,1.0
20210507,14,149.0,152.0,158.0,153.0,153.0,1029,22.7,4.9,56.0,0.0,167.2,5,7,5,1.681372549,1.0
20210507,15,107.0,134.0,144.0,146.0,133.0,1328,23.2,5.4,57.0,0.0,167.2,5,7,5,2.50094162,1.0
20210507,16,137.0,153.0,138.0,151.0,145.0,800,23.2,4.4,60.0,0.0,167.2,5,7,5,1.381692573,1.0
20210507,17,111.0,104.0,140.0,124.0,120.0,2023,21.9,4.4,65.0,0.0,167.2,5,7,5,4.223382046,1.0
20210507,18,110.0,107.0,105.0,111.0,108.0,68,20.7,3.2,74.0,0.0,167.2,5,7,5,0.15704388,1.5
20210507,19,106.0,102.0,97.0,93.0,100.0,772,20.1,1.8,77.0,0.0,167.2,5,7,5,1.939698492,1.5
20210507,20,102.0,99.0,110.0,102.0,103.0,8,19.4,2.7,78.0,0.0,167.2,5,7,5,0.01937046,1.5
20210507,21,107.0,99.0,102.0,100.0,102.0,106,18.6,3.2,41.0,0.0,167.2,5,7,5,0.259803922,1.5
20210507,22,91.0,107.0,101.0,102.0,100.0,18,17.7,2.4,35.0,0.0,167.2,5,7,5,0.044887781,1.5
20210507,23,101.0,93.0,86.0,60.0,85.0,163,15.9,2.2,42.0,0.0,167.2,5,7,5,0.479411765,1.5
20210508,0,60.0,60.0,63.0,60.0,61.0,118,15.1,2.4,41.0,0.0,167.2,6,8,5,0.485596708,1.5
20210508,1,95.0,97.0,108.0,115.0,104.0,56,14.0,2.0,44.0,0.0,167.2,6,8,5,0.134939759,1.5
20210508,2,105.0,104.0,94.0,110.0,103.0,57,12.9,2.3,46.0,0.0,167.2,6,8,5,0.138014528,1.5
20210508,3,92.0,111.0,108.0,100.0,103.0,10,11.7,1.2,47.0,0.0,167.2,6,8,5,0.0243309,1.5
20210508,4,114.0,110.0,106.0,95.0,106.0,66,11.6,2.7,47.0,0.0,167.2,6,8,5,0.155294118,1.5
20210508,5,78.0,75.0,96.0,99.0,87.0,150,9.1,2.0,63.0,0.0,167.2,6,8,5,0.431034483,1.5
20210508,6,114.0,108.0,102.0,90.0,104.0,1976,10.6,1.2,52.0,0.0,167.2,6,8,5,4.77294686,1.5
20210508,7,88.0,79.0,50.0,33.0,63.0,415,12.5,1.0,48.0,0.0,167.2,6,8,5,1.66,1.5
20210508,8,22.0,26.0,27.0,22.0,24.0,0,14.7,1.5,43.0,0.0,167.2,6,8,5,0.0,1.5
20210508,9,23.0,22.0,22.0,22.0,22.0,0,17.2,1.4,40.0,0.0,167.2,6,8,5,0.0,1.0
20210508,10,22.0,22.0,22.0,22.0,22.0,0,19.9,1.6,34.0,0.0,167.2,6,8,5,0.0,1.0
20210508,11,22.0,25.0,27.0,26.0,25.0,0,21.5,2.1,35.0,0.0,167.2,6,8,5,0.0,1.0
20210508,12,22.0,23.0,23.0,22.0,23.0,0,23.5,2.4,25.0,0.0,167.2,6,8,5,0.0,1.0
20210508,13,22.0,22.0,22.0,22.0,22.0,0,23.8,4.3,20.0,0.0,167.2,6,8,5,0.0,1.0
20210508,14,22.0,22.0,23.0,26.0,23.0,0,23.1,4.3,26.0,0.0,167.2,6,8,5,0.0,1.0
20210508,15,27.0,23.0,22.0,22.0,24.0,0,23.6,4.6,26.0,0.0,167.2,6,8,5,0.0,1.0
20210508,16,22.0,22.0,23.0,23.0,23.0,0,23.3,4.5,26.0,0.0,167.2,6,8,5,0.0,1.0
20210508,17,23.0,22.0,22.0,22.0,22.0,0,22.7,4.8,28.0,0.0,167.2,6,8,5,0.0,1.0
20210508,18,25.0,27.0,22.0,22.0,24.0,0,21.6,4.1,35.0,0.0,167.2,6,8,5,0.0,1.5
20210508,19,22.0,22.0,22.0,22.0,22.0,0,20.2,2.8,43.0,0.0,167.2,6,8,5,0.0,1.5
20210508,20,22.0,22.0,22.0,22.0,22.0,0,19.1,2.6,47.0,0.0,167.2,6,8,5,0.0,1.5
20210508,21,25.0,28.0,24.0,23.0,25.0,0,18.8,2.3,51.0,0.0,167.2,6,8,5,0.0,1.5
20210508,22,23.0,23.0,22.0,23.0,23.0,0,18.4,0.8,52.0,0.0,167.2,6,8,5,0.0,1.5
20210508,23,22.0,22.0,23.0,23.0,23.0,0,17.7,1.7,56.0,0.0,167.2,6,8,5,0.0,1.5
20210509,0,23.0,22.0,22.0,23.0,23.0,0,18.1,2.3,55.0,0.0,167.2,7,9,5,0.0,1.5
20210509,1,22.0,23.0,23.0,23.0,23.0,0,17.1,0.9,58.0,0.0,167.2,7,9,5,0.0,1.5
20210509,2,23.0,22.0,27.0,27.0,25.0,0,17.0,1.6,58.0,0.0,167.2,7,9,5,0.0,1.5
20210509,3,23.0,22.0,23.0,22.0,23.0,0,15.8,2.0,49.0,0.0,167.2,7,9,5,0.0,1.5
20210509,4,23.0,22.0,23.0,23.0,23.0,0,14.4,1.9,48.0,0.0,167.2,7,9,5,0.0,1.5
20210509,5,22.0,23.0,23.0,26.0,24.0,0,13.5,2.1,51.0,0.0,167.2,7,9,5,0.0,1.5
20210509,6,27.0,24.0,23.0,22.0,24.0,0,13.6,2.5,49.0,0.0,167.2,7,9,5,0.0,1.5
20210509,7,26.0,34.0,63.0,131.0,64.0,0,14.8,2.2,46.0,0.0,167.2,7,9,5,0.0,1.5
20210509,8,160.0,180.0,182.0,184.0,177.0,0,17.1,1.4,43.0,0.0,167.2,7,9,5,0.0,1.5
20210509,9,164.0,163.0,156.0,149.0,158.0,0,18.2,2.7,34.0,0.0,167.2,7,9,5,0.0,1.0
20210509,10,128.0,169.0,163.0,168.0,157.0,0,19.6,1.9,29.0,0.0,167.2,7,9,5,0.0,1.0
20210509,11,173.0,157.0,172.0,153.0,164.0,0,20.6,3.3,22.0,0.0,167.2,7,9,5,0.0,1.0
20210509,12,110.0,91.0,96.0,126.0,106.0,0,21.5,3.7,21.0,0.0,167.2,7,9,5,0.0,1.0
20210509,13,155.0,158.0,158.0,159.0,158.0,0,22.7,3.2,19.0,0.0,167.2,7,9,5,0.0,1.0
20210509,14,149.0,152.0,163.0,153.0,154.0,0,23.5,1.8,18.0,0.0,167.2,7,9,5,0.0,1.0
20210509,15,125.0,144.0,151.0,145.0,141.0,0,24.2,2.0,18.0,0.0,167.2,7,9,5,0.0,1.0
20210509,16,147.0,151.0,155.0,157.0,153.0,0,24.2,2.9,18.0,0.0,167.2,7,9,5,0.0,1.0
20210509,17,110.0,102.0,153.0,146.0,128.0,0,23.9,3.1,19.0,0.0,167.2,7,9,5,0.0,1.0
20210509,18,153.0,165.0,158.0,160.0,159.0,0,23.3,2.3,21.0,0.0,167.2,7,9,5,0.0,1.5
20210509,19,155.0,147.0,147.0,117.0,142.0,0,21.5,1.4,23.0,0.0,167.2,7,9,5,0.0,1.5
20210509,20,111.0,114.0,103.0,114.0,111.0,0,19.8,1.5,25.0,0.0,167.2,7,9,5,0.0,1.5
20210509,21,121.0,121.0,120.0,117.0,120.0,0,18.7,1.7,28.0,0.0,167.2,7,9,5,0.0,1.5
20210509,22,92.0,117.0,118.0,122.0,112.0,0,18.0,2.5,31.0,0.0,167.2,7,9,5,0.0,1.5
20210509,23,110.0,105.0,104.0,84.0,101.0,0,17.2,2.2,31.0,0.0,167.2,7,9,5,0.0,1.5
20210510,0,23.0,22.0,22.0,23.0,23.0,0,16.0,1.6,33.0,0.0,167.2,1,10,5,0.0,1.5
20210510,1,22.0,23.0,23.0,23.0,23.0,0,15.3,0.8,35.0,0.0,167.2,1,10,5,0.0,1.5
20210510,2,23.0,22.0,27.0,27.0,25.0,0,15.2,2.1,39.0,0.0,167.2,1,10,5,0.0,1.5
20210510,3,23.0,22.0,23.0,22.0,23.0,0,16.4,2.5,34.0,0.0,167.2,1,10,5,0.0,1.5
20210510,4,23.0,22.0,23.0,23.0,23.0,0,15.1,1.6,39.0,0.0,167.2,1,10,5,0.0,1.5
20210510,5,22.0,23.0,23.0,26.0,24.0,0,14.0,1.4,46.0,0.0,167.2,1,10,5,0.0,1.5
20210510,6,27.0,24.0,23.0,22.0,24.0,0,15.3,2.1,38.0,0.0,167.2,1,10,5,0.0,1.5
20210510,7,26.0,34.0,63.0,131.0,64.0,0,14.4,2.2,47.0,0.0,167.2,1,10,5,0.0,1.5
20210510,8,160.0,180.0,182.0,184.0,177.0,837,13.9,1.8,56.0,0.0,167.2,1,10,5,1.185552408,1.5
20210510,9,164.0,163.0,156.0,149.0,158.0,998,14.7,1.7,54.0,0.0,167.2,1,10,5,1.579113924,1.0
20210510,10,128.0,169.0,163.0,168.0,157.0,628,15.2,1.3,52.0,0.0,167.2,1,10,5,1.0,1.0
20210510,11,173.0,157.0,172.0,153.0,164.0,1491,14.8,2.8,58.0,0.2,167.2,1,10,5,2.276335878,1.0
20210510,12,110.0,91.0,96.0,126.0,106.0,30,16.4,2.6,54.0,0.2,167.2,1,10,5,0.070921986,1.0
20210510,13,155.0,158.0,158.0,159.0,158.0,919,16.9,2.4,50.0,0.2,167.2,1,10,5,1.458730159,1.0
20210510,14,149.0,152.0,163.0,153.0,154.0,1816,17.5,3.3,55.0,0.2,167.2,1,10,5,2.943273906,1.0
20210510,15,125.0,144.0,151.0,145.0,141.0,998,17.2,2.2,58.0,0.2,167.2,1,10,5,1.766371681,1.0
20210510,16,147.0,151.0,155.0,157.0,153.0,4518,16.8,1.2,61.0,0.2,167.2,1,10,5,7.406557377,1.0
20210510,17,110.0,102.0,153.0,146.0,128.0,274,15.7,1.6,71.0,0.2,167.2,1,10,5,0.536203523,1.0
20210510,18,153.0,165.0,158.0,160.0,159.0,941,16.0,1.4,74.0,0.2,167.2,1,10,5,1.479559748,1.5
20210510,19,155.0,147.0,147.0,117.0,142.0,2791,14.6,1.5,81.0,0.2,167.2,1,10,5,4.931095406,1.5
20210510,20,111.0,114.0,103.0,114.0,111.0,94,13.6,1.0,86.0,0.2,167.2,1,10,5,0.212669683,1.5
20210510,21,121.0,121.0,120.0,117.0,120.0,54,13.0,1.7,91.0,0.2,167.2,1,10,5,0.112734864,1.5
20210510,22,92.0,117.0,118.0,122.0,112.0,97,13.4,0.5,91.0,0.2,167.2,1,10,5,0.216035635,1.5
20210510,23,110.0,105.0,104.0,84.0,101.0,160,13.5,1.4,88.0,0.2,167.2,1,10,5,0.397022333,1.5
20210511,0,68.0,64.0,64.0,61.0,64.0,27,13.7,1.3,86.0,0.2,167.2,2,11,5,0.105058366,1.5
20210511,1,90.0,86.0,105.0,110.0,98.0,48,13.5,1.3,87.0,0.0,167.2,2,11,5,0.122762148,1.5
20210511,2,100.0,105.0,104.0,108.0,104.0,487,13.5,1.2,89.0,0.0,167.2,2,11,5,1.167865707,1.5
20210511,3,96.0,103.0,99.0,105.0,101.0,119,13.5,0.6,90.0,0.0,167.2,2,11,5,0.29528536,1.5
20210511,4,106.0,99.0,103.0,113.0,105.0,82,13.4,0.9,91.0,0.0,167.2,2,11,5,0.194774347,1.5
20210511,5,94.0,82.0,101.0,111.0,97.0,0,13.4,1.0,90.0,0.0,167.2,2,11,5,0.0,1.5
20210511,6,117.0,114.0,103.0,93.0,107.0,188,13.7,0.6,88.0,0.0,167.2,2,11,5,0.44028103,1.5
20210511,7,106.0,112.0,136.0,140.0,124.0,2165,14.3,0.3,85.0,0.0,167.2,2,11,5,4.382591093,1.5
20210511,8,157.0,175.0,177.0,175.0,171.0,637,14.8,0.8,83.0,0.0,167.2,2,11,5,0.93128655,1.5
20210511,9,171.0,171.0,174.0,177.0,173.0,1542,14.9,1.0,82.0,0.0,167.2,2,11,5,2.225108225,1.0
20210511,10,130.0,168.0,171.0,169.0,160.0,1472,15.2,1.6,73.0,0.0,167.2,2,11,5,2.307210031,1.0
20210511,11,171.0,170.0,173.0,163.0,169.0,1484,16.4,2.2,70.0,0.0,167.2,2,11,5,2.192023634,1.0
20210511,12,102.0,82.0,87.0,129.0,100.0,0,16.6,3.6,64.0,0.0,167.2,2,11,5,0.0,1.0
20210511,13,185.0,168.0,175.0,174.0,176.0,2483,18.0,2.6,54.0,0.0,167.2,2,11,5,3.537037037,1.0
20210511,14,166.0,153.0,157.0,144.0,155.0,3081,17.7,3.2,46.0,0.0,167.2,2,11,5,4.969354839,1.0
20210511,15,130.0,148.0,163.0,161.0,151.0,807,17.1,2.5,50.0,0.0,167.2,2,11,5,1.340531561,1.0
20210511,16,142.0,141.0,151.0,143.0,144.0,1509,17.0,1.6,47.0,0.0,167.2,2,11,5,2.6152513,1.0
20210511,17,105.0,91.0,132.0,144.0,118.0,458,16.6,2.4,50.0,0.0,167.2,2,11,5,0.970338983,1.0
20210511,18,141.0,134.0,136.0,141.0,138.0,1720,16.2,3.1,57.0,0.0,167.2,2,11,5,3.115942029,1.5
20210511,19,138.0,133.0,125.0,133.0,132.0,3308,15.6,2.9,63.0,0.0,167.2,2,11,5,6.253308129,1.5
20210511,20,128.0,131.0,127.0,124.0,128.0,44,15.6,2.3,61.0,0.0,167.2,2,11,5,0.08627451,1.5
20210511,21,122.0,127.0,131.0,121.0,125.0,382,15.3,2.5,65.0,0.0,167.2,2,11,5,0.76247505,1.5
20210511,22,94.0,112.0,109.0,112.0,107.0,40,15.0,2.6,73.0,0.0,167.2,2,11,5,0.093676815,1.5
20210511,23,121.0,121.0,104.0,83.0,107.0,5,15.0,3.1,75.0,0.0,167.2,2,11,5,0.011655012,1.5
20210512,0,75.0,67.0,63.0,61.0,67.0,0,14.8,3.4,76.0,0.0,167.2,3,12,5,0.0,1.5
20210512,1,92.0,104.0,104.0,93.0,98.0,533,14.7,3.1,76.0,0.0,167.2,3,12,5,1.356234097,1.5
20210512,2,110.0,112.0,113.0,106.0,110.0,226,14.7,3.4,75.0,0.0,167.2,3,12,5,0.512471655,1.5
20210512,3,76.0,102.0,109.0,98.0,96.0,93,15.1,2.7,70.0,0.0,167.2,3,12,5,0.241558442,1.5
20210512,4,107.0,111.0,104.0,106.0,107.0,300,15.0,2.9,72.0,0.0,167.2,3,12,5,0.700934579,1.5
20210512,5,82.0,77.0,103.0,107.0,92.0,25,14.9,2.8,75.0,0.0,167.2,3,12,5,0.067750678,1.5
20210512,6,103.0,102.0,110.0,102.0,104.0,560,14.9,3.5,79.0,0.0,167.2,3,12,5,1.342925659,1.5
20210512,7,106.0,109.0,147.0,141.0,126.0,1735,15.3,3.0,79.0,0.0,167.2,3,12,5,3.449304175,1.5
20210512,8,148.0,177.0,178.0,173.0,169.0,691,15.9,3.2,76.0,0.0,167.2,3,12,5,1.022189349,1.5
20210512,9,159.0,159.0,165.0,158.0,160.0,716,16.2,2.6,72.0,0.0,167.2,3,12,5,1.11700468,1.0
20210512,10,122.0,145.0,163.0,166.0,149.0,941,16.3,3.0,70.0,0.0,167.2,3,12,5,1.57885906,1.0
20210512,11,160.0,183.0,163.0,164.0,168.0,952,17.0,2.6,67.0,0.0,167.2,3,12,5,1.420895522,1.0
20210512,12,93.0,76.0,80.0,125.0,94.0,104,19.3,3.3,55.0,0.0,167.2,3,12,5,0.278074866,1.0
20210512,13,176.0,184.0,174.0,179.0,178.0,1820,19.3,2.8,53.0,0.0,167.2,3,12,5,2.55259467,1.0
20210512,14,172.0,163.0,160.0,160.0,164.0,1492,20.8,2.9,50.0,0.0,167.2,3,12,5,2.277862595,1.0
20210512,15,130.0,168.0,163.0,150.0,153.0,1155,19.8,3.2,54.0,0.0,167.2,3,12,5,1.890343699,1.0
20210512,16,163.0,159.0,155.0,158.0,159.0,760,18.1,2.9,60.0,0.0,167.2,3,12,5,1.196850394,1.0
20210512,17,109.0,97.0,150.0,169.0,131.0,3446,17.4,2.0,63.0,0.0,167.2,3,12,5,6.563809524,1.0
20210512,18,157.0,154.0,149.0,169.0,157.0,1012,17.5,1.6,67.0,0.0,167.2,3,12,5,1.608903021,1.5
20210512,19,153.0,133.0,113.0,99.0,125.0,2838,16.3,1.8,71.0,0.0,167.2,3,12,5,5.698795181,1.5
20210512,20,101.0,109.0,104.0,105.0,105.0,8,14.8,0.9,81.0,0.0,167.2,3,12,5,0.019093079,1.5
20210512,21,105.0,111.0,115.0,109.0,110.0,178,14.3,1.8,86.0,0.0,167.2,3,12,5,0.404545455,1.5
20210512,22,91.0,100.0,102.0,116.0,102.0,366,14.0,1.5,86.0,0.0,167.2,3,12,5,0.894865526,1.5
20210512,23,111.0,105.0,103.0,87.0,102.0,238,13.6,1.4,89.0,0.0,167.2,3,12,5,0.586206897,1.5
20210513,0,75.0,66.0,71.0,68.0,70.0,157,13.9,1.7,88.0,0.0,167.2,4,13,5,0.560714286,1.5
20210513,1,88.0,99.0,107.0,99.0,98.0,370,14.0,0.8,87.0,0.0,167.2,4,13,5,0.941475827,1.5
20210513,2,104.0,113.0,105.0,90.0,103.0,52,13.0,0.6,90.0,0.0,167.2,4,13,5,0.126213592,1.5
20210513,3,84.0,99.0,107.0,110.0,100.0,366,12.8,1.5,90.0,0.0,167.2,4,13,5,0.915,1.5
20210513,4,113.0,107.0,102.0,98.0,105.0,96,13.1,0.7,89.0,0.0,167.2,4,13,5,0.228571429,1.5
20210513,5,84.0,72.0,96.0,105.0,89.0,68,13.7,1.3,82.0,0.0,167.2,4,13,5,0.19047619,1.5
20210513,6,105.0,102.0,99.0,96.0,101.0,4,13.1,1.8,87.0,0.0,167.2,4,13,5,0.009950249,1.5
20210513,7,100.0,107.0,135.0,127.0,117.0,2540,15.0,1.4,78.0,0.0,167.2,4,13,5,5.415778252,1.5
20210513,8,147.0,176.0,167.0,169.0,165.0,705,17.3,1.1,69.0,0.0,167.2,4,13,5,1.069802731,1.5
20210513,9,157.0,159.0,163.0,174.0,163.0,359,20.2,1.0,50.0,0.0,167.2,4,13,5,0.549770291,1.0
20210513,10,116.0,176.0,174.0,166.0,158.0,1880,22.1,1.9,40.0,0.0,167.2,4,13,5,2.974683544,1.0
20210513,11,157.0,169.0,161.0,170.0,164.0,470,22.8,1.8,51.0,0.0,167.2,4,13,5,0.715372907,1.0
20210513,12,103.0,81.0,80.0,119.0,96.0,238,24.2,2.2,57.0,0.0,167.2,4,13,5,0.621409922,1.0
20210513,13,163.0,175.0,169.0,163.0,168.0,1582,25.0,2.1,59.0,0.0,167.2,4,13,5,2.36119403,1.0
20210513,14,169.0,166.0,158.0,158.0,163.0,1464,24.6,2.1,59.0,0.0,167.2,4,13,5,2.248847926,1.0
20210513,15,115.0,156.0,146.0,137.0,139.0,980,23.2,3.1,58.0,0.0,167.2,4,13,5,1.768953069,1.0
20210513,16,150.0,155.0,154.0,139.0,150.0,1633,21.8,2.6,57.0,0.0,167.2,4,13,5,2.730769231,1.0
20210513,17,96.0,83.0,106.0,117.0,101.0,430,22.2,1.6,58.0,0.0,167.2,4,13,5,1.069651741,1.0
20210513,18,108.0,100.0,100.0,99.0,102.0,1701,20.9,1.3,57.0,0.0,167.2,4,13,5,4.179361179,1.5
20210513,19,96.0,97.0,106.0,104.0,101.0,2095,19.3,1.4,55.0,0.0,167.2,4,13,5,5.198511166,1.5
20210513,20,122.0,139.0,134.0,135.0,133.0,126,17.7,0.4,63.0,0.0,167.2,4,13,5,0.237735849,1.5
20210513,21,135.0,129.0,120.0,124.0,127.0,75,17.1,0.4,73.0,0.0,167.2,4,13,5,0.147637795,1.5
20210513,22,103.0,123.0,116.0,114.0,114.0,48,16.7,1.1,81.0,0.0,167.2,4,13,5,0.105263158,1.5
20210513,23,113.0,115.0,100.0,88.0,104.0,229,16.0,0.7,92.0,0.0,167.2,4,13,5,0.550480769,1.5
20210514,0,72.0,66.0,68.0,62.0,67.0,14,15.1,0.2,96.0,0.0,167.2,5,14,5,0.052238806,1.5
20210514,1,86.0,110.0,106.0,96.0,100.0,306,15.0,0.8,98.0,0.0,167.2,5,14,5,0.768844221,1.5
20210514,2,106.0,108.0,111.0,104.0,107.0,95,14.4,0.0,98.0,0.0,167.2,5,14,5,0.221445221,1.5
20210514,3,80.0,104.0,104.0,99.0,97.0,332,14.1,1.5,98.0,0.0,167.2,5,14,5,0.857881137,1.5
20210514,4,103.0,107.0,108.0,104.0,106.0,0,14.1,1.3,98.0,0.0,167.2,5,14,5,0.0,1.5
20210514,5,86.0,80.0,104.0,103.0,93.0,60,14.7,1.7,97.0,0.0,167.2,5,14,5,0.160857909,1.5
20210514,6,99.0,107.0,99.0,96.0,100.0,553,14.7,0.7,96.0,0.0,167.2,5,14,5,1.379052369,1.5
20210514,7,92.0,106.0,135.0,128.0,115.0,1743,17.1,0.5,87.0,0.0,167.2,5,14,5,3.780911063,1.5
20210514,8,130.0,150.0,157.0,149.0,147.0,591,19.4,0.9,76.0,0.0,167.2,5,14,5,1.008532423,1.5
20210514,9,141.0,143.0,137.0,137.0,140.0,672,21.5,1.3,64.0,0.0,167.2,5,14,5,1.204301075,1.0
20210514,10,120.0,145.0,155.0,150.0,143.0,4183,23.0,2.0,64.0,0.0,167.2,5,14,5,7.338596491,1.0
20210514,11,150.0,150.0,155.0,142.0,149.0,399,23.3,1.9,64.0,0.0,167.2,5,14,5,0.668341709,1.0
20210514,12,94.0,78.0,80.0,113.0,91.0,230,24.4,2.4,63.0,0.0,167.2,5,14,5,0.630136986,1.0
20210514,13,156.0,153.0,144.0,148.0,150.0,50,23.2,2.6,62.0,0.0,167.2,5,14,5,0.083194676,1.0
20210514,14,142.0,138.0,144.0,147.0,143.0,957,23.4,2.3,60.0,0.0,167.2,5,14,5,1.676007005,1.0
20210514,15,124.0,148.0,141.0,134.0,137.0,623,23.7,2.5,60.0,0.0,167.2,5,14,5,1.138939671,1.0
20210514,16,137.0,143.0,128.0,130.0,135.0,3046,23.1,1.6,60.0,0.0,167.2,5,14,5,5.661710037,1.0
20210514,17,93.0,77.0,118.0,148.0,109.0,437,22.0,1.9,62.0,0.0,167.2,5,14,5,1.002293578,1.0
20210514,18,156.0,154.0,135.0,140.0,146.0,1523,21.3,1.2,67.0,0.0,167.2,5,14,5,2.603418803,1.5
20210514,19,129.0,129.0,144.0,115.0,129.0,1514,20.3,0.9,71.0,0.0,167.2,5,14,5,2.928433269,1.5
20210514,20,106.0,106.0,103.0,109.0,106.0,1,19.1,0.6,77.0,0.0,167.2,5,14,5,0.002358491,1.5
20210514,21,112.0,106.0,111.0,111.0,110.0,45,18.4,1.0,80.0,0.0,167.2,5,14,5,0.102272727,1.5
20210514,22,91.0,103.0,112.0,107.0,103.0,0,18.2,0.7,86.0,0.0,167.2,5,14,5,0.0,1.5
20210514,23,98.0,97.0,95.0,64.0,89.0,0,17.6,0.8,85.0,0.0,167.2,5,14,5,0.0,1.5
20210515,0,54.0,54.0,54.0,54.0,54.0,0,17.4,0.2,84.0,0.0,167.2,6,15,5,0.0,1.5
20210515,1,83.0,99.0,97.0,104.0,96.0,47,17.5,0.7,84.0,0.0,167.2,6,15,5,0.122715405,1.5
20210515,2,100.0,93.0,100.0,97.0,98.0,37,17.5,1.5,85.0,0.0,167.2,6,15,5,0.094871795,1.5
20210515,3,78.0,101.0,98.0,96.0,93.0,0,17.1,0.8,87.0,0.0,167.2,6,15,5,0.0,1.5
20210515,4,98.0,97.0,105.0,104.0,101.0,0,17.5,1.0,85.0,0.0,167.2,6,15,5,0.0,1.5
20210515,5,73.0,62.0,87.0,96.0,80.0,0,17.9,0.1,84.0,0.0,167.2,6,15,5,0.0,1.5
20210515,6,95.0,103.0,100.0,93.0,98.0,24,17.5,1.4,88.0,0.0,167.2,6,15,5,0.061381074,1.5
20210515,7,86.0,83.0,65.0,42.0,69.0,634,17.7,0.0,91.0,0.1,167.2,6,15,5,2.297101449,1.5
20210515,8,24.0,24.0,19.0,19.0,22.0,0,17.2,1.0,98.0,4.8,167.2,6,15,5,0.0,1.5
20210515,9,20.0,20.0,19.0,19.0,20.0,0,17.8,0.3,98.0,8.2,167.2,6,15,5,0.0,1.0
20210515,10,20.0,19.0,20.0,19.0,20.0,0,18.2,0.3,98.0,8.6,167.2,6,15,5,0.0,1.0
20210515,11,20.0,24.0,24.0,21.0,22.0,0,18.5,0.0,98.0,10.2,167.2,6,15,5,0.0,1.0
20210515,12,20.0,20.0,20.0,20.0,20.0,0,18.9,0.4,98.0,11.2,167.2,6,15,5,0.0,1.0
20210515,13,20.0,19.0,19.0,19.0,19.0,0,19.3,0.4,98.0,14.8,167.2,6,15,5,0.0,1.0
20210515,14,19.0,19.0,21.0,24.0,21.0,0,20.5,0.8,98.0,15.7,167.2,6,15,5,0.0,1.0
20210515,15,23.0,19.0,19.0,20.0,20.0,0,20.1,0.4,98.0,15.7,167.2,6,15,5,0.0,1.0
20210515,16,20.0,19.0,20.0,20.0,20.0,0,20.8,1.0,98.0,15.7,167.2,6,15,5,0.0,1.0
20210515,17,20.0,20.0,20.0,20.0,20.0,0,21.1,0.7,98.0,15.7,167.2,6,15,5,0.0,1.0
20210515,18,23.0,25.0,21.0,20.0,22.0,0,21.0,0.8,98.0,15.7,167.2,6,15,5,0.0,1.5
20210515,19,20.0,20.0,19.0,20.0,20.0,0,19.9,0.6,98.0,15.7,167.2,6,15,5,0.0,1.5
20210515,20,19.0,20.0,20.0,20.0,20.0,0,19.4,0.5,98.0,15.7,167.2,6,15,5,0.0,1.5
20210515,21,20.0,22.0,25.0,25.0,23.0,0,19.3,1.2,98.0,15.7,167.2,6,15,5,0.0,1.5
20210515,22,20.0,20.0,21.0,21.0,21.0,0,19.1,0.1,98.0,15.7,167.2,6,15,5,0.0,1.5
20210515,23,20.0,20.0,20.0,20.0,20.0,0,19.3,0.8,98.0,15.7,167.2,6,15,5,0.0,1.5
20210516,0,20.0,20.0,20.0,20.0,20.0,0,19.3,0.1,98.0,15.7,167.2,7,16,5,0.0,1.5
20210516,1,24.0,25.0,21.0,20.0,23.0,0,19.5,0.7,98.0,0.0,167.2,7,16,5,0.0,1.5
20210516,2,20.0,20.0,20.0,20.0,20.0,0,21.0,2.4,98.0,0.0,167.2,7,16,5,0.0,1.5
20210516,3,20.0,20.0,20.0,20.0,20.0,0,20.9,0.9,98.0,3.5,167.2,7,16,5,0.0,1.5
20210516,4,20.0,20.0,24.0,25.0,22.0,0,21.1,0.5,98.0,4.7,167.2,7,16,5,0.0,1.5
20210516,5,20.0,20.0,20.0,20.0,20.0,0,21.3,1.4,98.0,5.5,167.2,7,16,5,0.0,1.5
20210516,6,20.0,20.0,20.0,20.0,20.0,0,20.7,0.9,98.0,5.5,167.2,7,16,5,0.0,1.5
20210516,7,19.0,19.0,20.0,23.0,20.0,0,20.5,1.0,98.0,5.5,167.2,7,16,5,0.0,1.5
20210516,8,24.0,19.0,20.0,20.0,21.0,0,21.6,2.1,98.0,5.5,167.2,7,16,5,0.0,1.5
20210516,9,20.0,20.0,20.0,20.0,20.0,0,21.9,1.1,98.0,5.5,167.2,7,16,5,0.0,1.0
20210516,10,20.0,20.0,20.0,23.0,21.0,0,22.4,2.1,98.0,5.5,167.2,7,16,5,0.0,1.0
20210516,11,24.0,20.0,20.0,20.0,21.0,0,23.3,3.5,92.0,5.5,167.2,7,16,5,0.0,1.0
20210516,12,20.0,20.0,20.0,20.0,20.0,0,23.7,4.4,90.0,5.5,167.2,7,16,5,0.0,1.0
20210516,13,20.0,20.0,20.0,20.0,20.0,0,22.4,2.3,98.0,11.5,167.2,7,16,5,0.0,1.0
20210516,14,25.0,24.0,20.0,20.0,22.0,0,20.7,1.2,98.0,11.8,167.2,7,16,5,0.0,1.0
20210516,15,20.0,20.0,20.0,20.0,20.0,0,21.9,1.2,98.0,12.3,167.2,7,16,5,0.0,1.0
20210516,16,20.0,20.0,20.0,20.0,20.0,0,20.1,2.2,98.0,12.6,167.2,7,16,5,0.0,1.0
20210516,17,21.0,25.0,25.0,20.0,23.0,0,18.7,1.5,98.0,15.4,167.2,7,16,5,0.0,1.0
20210516,18,20.0,19.0,19.0,19.0,19.0,0,18.0,1.7,98.0,16.6,167.2,7,16,5,0.0,1.5
20210516,19,19.0,19.0,20.0,20.0,20.0,0,16.7,1.6,98.0,17.2,167.2,7,16,5,0.0,1.5
20210516,20,19.0,19.0,20.0,25.0,21.0,0,15.3,1.9,98.0,18.5,167.2,7,16,5,0.0,1.5
20210516,21,24.0,20.0,21.0,20.0,21.0,0,14.4,1.4,98.0,21.4,167.2,7,16,5,0.0,1.5
20210516,22,20.0,20.0,20.0,20.0,20.0,0,14.2,1.1,98.0,21.8,167.2,7,16,5,0.0,1.5
20210516,23,20.0,20.0,20.0,22.0,21.0,0,14.1,1.1,98.0,22.1,167.2,7,16,5,0.0,1.5
20210517,0,25.0,23.0,20.0,20.0,22.0,0,13.8,1.0,98.0,22.1,167.2,1,17,5,0.0,1.5
20210517,1,20.0,20.0,20.0,20.0,20.0,0,13.4,1.4,98.0,0.0,167.2,1,17,5,0.0,1.5
20210517,2,20.0,20.0,20.0,20.0,20.0,0,13.3,0.9,98.0,0.1,167.2,1,17,5,0.0,1.5
20210517,3,20.0,25.0,23.0,19.0,22.0,0,13.5,1.4,98.0,0.2,167.2,1,17,5,0.0,1.5
20210517,4,20.0,20.0,20.0,20.0,20.0,0,13.4,1.4,98.0,0.3,167.2,1,17,5,0.0,1.5
20210517,5,20.0,20.0,20.0,19.0,20.0,0,13.6,0.3,98.0,0.5,167.2,1,17,5,0.0,1.5
20210517,6,20.0,24.0,23.0,19.0,22.0,0,13.4,1.0,98.0,1.2,167.2,1,17,5,0.0,1.5
20210517,7,22.0,33.0,58.0,87.0,50.0,24,13.7,0.8,98.0,1.3,167.2,1,17,5,0.12,1.5
20210517,8,154.0,178.0,170.0,192.0,174.0,468,14.5,0.8,98.0,1.3,167.2,1,17,5,0.674351585,1.5
20210517,9,183.0,145.0,162.0,151.0,160.0,1009,14.4,1.2,98.0,1.3,167.2,1,17,5,1.574102964,1.0
20210517,10,124.0,171.0,180.0,180.0,164.0,293,14.9,1.3,98.0,1.3,167.2,1,17,5,0.447328244,1.0
20210517,11,160.0,158.0,172.0,186.0,169.0,1178,15.6,0.6,97.0,1.3,167.2,1,17,5,1.74260355,1.0
20210517,12,109.0,88.0,89.0,129.0,104.0,311,15.5,1.2,98.0,1.4,167.2,1,17,5,0.74939759,1.0
20210517,13,173.0,168.0,172.0,168.0,170.0,1419,16.0,0.8,95.0,1.4,167.2,1,17,5,2.083700441,1.0
20210517,14,149.0,155.0,172.0,175.0,163.0,540,15.9,1.3,93.0,1.4,167.2,1,17,5,0.829493088,1.0
20210517,15,128.0,167.0,164.0,168.0,157.0,1302,15.8,1.6,90.0,1.4,167.2,1,17,5,2.076555024,1.0
20210517,16,163.0,161.0,161.0,158.0,161.0,1739,14.9,1.4,97.0,1.7,167.2,1,17,5,2.704510109,1.0
20210517,17,120.0,117.0,156.0,158.0,138.0,821,15.0,1.4,98.0,2.6,167.2,1,17,5,1.490018149,1.0
20210517,18,161.0,153.0,151.0,144.0,152.0,1592,14.7,1.1,98.0,2.6,167.2,1,17,5,2.614121511,1.5
20210517,19,140.0,139.0,129.0,104.0,128.0,2222,14.3,1.3,98.0,3.0,167.2,1,17,5,4.33984375,1.5
20210517,20,94.0,99.0,93.0,99.0,96.0,300,14.3,0.7,98.0,3.0,167.2,1,17,5,0.779220779,1.5
20210517,21,96.0,85.0,82.0,93.0,89.0,130,14.1,1.1,98.0,3.0,167.2,1,17,5,0.365168539,1.5
20210517,22,90.0,95.0,92.0,93.0,93.0,20,14.0,0.9,98.0,3.2,167.2,1,17,5,0.054054054,1.5
20210517,23,89.0,93.0,91.0,73.0,87.0,23,14.0,1.1,98.0,3.4,167.2,1,17,5,0.066473988,1.5
20210518,0,71.0,65.0,58.0,60.0,64.0,47,14.0,0.5,98.0,3.5,167.2,2,18,5,0.18503937,1.5
20210518,1,85.0,96.0,97.0,93.0,93.0,554,14.1,0.5,98.0,0.0,167.2,2,18,5,1.493261456,1.5
20210518,2,91.0,93.0,96.0,94.0,94.0,62,14.2,0.7,98.0,0.0,167.2,2,18,5,0.165775401,1.5
20210518,3,74.0,91.0,90.0,96.0,88.0,5,14.0,1.0,98.0,0.1,167.2,2,18,5,0.014245014,1.5
20210518,4,91.0,84.0,84.0,79.0,85.0,480,14.0,1.5,98.0,0.7,167.2,2,18,5,1.420118343,1.5
20210518,5,67.0,62.0,88.0,105.0,81.0,2,13.9,1.4,98.0,0.8,167.2,2,18,5,0.00621118,1.5
20210518,6,102.0,94.0,94.0,90.0,95.0,314,14.1,0.7,98.0,0.8,167.2,2,18,5,0.826315789,1.5
20210518,7,94.0,100.0,134.0,130.0,115.0,1715,14.5,0.7,98.0,0.8,167.2,2,18,5,3.744541485,1.5
20210518,8,160.0,172.0,167.0,179.0,170.0,1000,15.0,0.7,98.0,0.8,167.2,2,18,5,1.474926254,1.5
20210518,9,166.0,169.0,172.0,175.0,171.0,598,15.4,1.1,98.0,0.9,167.2,2,18,5,0.876832845,1.0
20210518,10,133.0,163.0,172.0,169.0,159.0,1594,16.0,1.0,98.0,1.0,167.2,2,18,5,2.502354788,1.0
20210518,11,164.0,166.0,166.0,172.0,167.0,759,16.8,1.1,98.0,1.2,167.2,2,18,5,1.136227545,1.0
20210518,12,101.0,81.0,83.0,130.0,99.0,204,17.4,1.5,95.0,1.2,167.2,2,18,5,0.516455696,1.0
20210518,13,182.0,178.0,177.0,169.0,177.0,996,17.4,2.5,94.0,1.2,167.2,2,18,5,1.410764873,1.0
20210518,14,159.0,166.0,169.0,173.0,167.0,1514,17.6,1.5,92.0,1.2,167.2,2,18,5,2.269865067,1.0
20210518,15,126.0,174.0,179.0,170.0,162.0,6557,17.5,0.6,91.0,1.2,167.2,2,18,5,10.10323575,1.0
20210518,16,163.0,156.0,145.0,150.0,154.0,1196,17.4,1.2,98.0,1.3,167.2,2,18,5,1.947882736,1.0
20210518,17,102.0,89.0,142.0,138.0,118.0,1414,18.3,1.7,90.0,1.3,167.2,2,18,5,3.002123142,1.0
20210518,18,146.0,147.0,144.0,145.0,146.0,1570,17.7,1.7,91.0,1.3,167.2,2,18,5,2.697594502,1.5
20210518,19,154.0,154.0,146.0,122.0,144.0,2648,17.2,1.3,94.0,1.3,167.2,2,18,5,4.597222222,1.5
20210518,20,108.0,118.0,119.0,115.0,115.0,11,17.1,1.3,97.0,1.3,167.2,2,18,5,0.023913043,1.5
20210518,21,113.0,113.0,114.0,109.0,112.0,140,16.3,0.6,98.0,1.3,167.2,2,18,5,0.311804009,1.5
20210518,22,92.0,94.0,107.0,106.0,100.0,5,16.1,0.9,98.0,1.3,167.2,2,18,5,0.012531328,1.5
20210518,23,104.0,103.0,92.0,74.0,93.0,26,15.6,0.7,98.0,1.3,167.2,2,18,5,0.069705094,1.5
20210519,0,68.0,62.0,61.0,57.0,62.0,0,15.2,0.5,98.0,1.3,167.2,3,19,5,0.0,1.5
20210519,1,83.0,95.0,90.0,86.0,89.0,955,15.1,1.5,98.0,0.0,167.2,3,19,5,2.697740113,1.5
20210519,2,89.0,100.0,97.0,100.0,97.0,24,15.2,1.6,98.0,0.0,167.2,3,19,5,0.062176166,1.5
20210519,3,86.0,104.0,99.0,93.0,96.0,200,15.1,1.9,98.0,0.0,167.2,3,19,5,0.523560209,1.5
20210519,4,96.0,93.0,101.0,85.0,94.0,30,15.0,1.2,98.0,0.0,167.2,3,19,5,0.08,1.5
20210519,5,73.0,61.0,81.0,100.0,79.0,150,15.5,1.0,98.0,0.0,167.2,3,19,5,0.476190476,1.5
20210519,6,108.0,98.0,91.0,81.0,95.0,10,15.9,2.2,98.0,0.0,167.2,3,19,5,0.026455026,1.5
20210519,7,75.0,69.0,44.0,26.0,54.0,780,17.5,1.8,95.0,0.0,167.2,3,19,5,3.644859813,1.5
20210519,8,20.0,20.0,20.0,23.0,21.0,841,19.4,1.6,78.0,0.0,167.2,3,19,5,10.13253012,1.5
20210519,9,25.0,25.0,22.0,20.0,23.0,0,20.5,3.0,68.0,0.0,167.2,3,19,5,0.0,1.0
20210519,10,21.0,21.0,21.0,21.0,21.0,0,23.2,1.9,58.0,0.0,167.2,3,19,5,0.0,1.0
20210519,11,21.0,21.0,21.0,21.0,21.0,0,24.1,1.9,48.0,0.0,167.2,3,19,5,0.0,1.0
20210519,12,20.0,21.0,22.0,25.0,22.0,0,25.7,1.3,45.0,0.0,167.2,3,19,5,0.0,1.0
20210519,13,24.0,20.0,21.0,20.0,21.0,0,24.9,1.7,54.0,0.0,167.2,3,19,5,0.0,1.0
20210519,14,20.0,20.0,20.0,20.0,20.0,0,25.1,2.0,49.0,0.0,167.2,3,19,5,0.0,1.0
20210519,15,20.0,20.0,20.0,20.0,20.0,0,25.3,1.7,47.0,0.0,167.2,3,19,5,0.0,1.0
20210519,16,21.0,25.0,24.0,21.0,23.0,0,25.1,1.4,47.0,0.0,167.2,3,19,5,0.0,1.0
20210519,17,21.0,20.0,20.0,21.0,21.0,0,24.2,1.0,49.0,0.0,167.2,3,19,5,0.0,1.0
20210519,18,20.0,21.0,21.0,21.0,21.0,0,23.4,1.3,56.0,0.0,167.2,3,19,5,0.0,1.5
20210519,19,21.0,23.0,25.0,22.0,23.0,0,21.5,1.5,55.0,0.0,167.2,3,19,5,0.0,1.5
20210519,20,21.0,20.0,20.0,21.0,21.0,0,19.6,0.6,71.0,0.0,167.2,3,19,5,0.0,1.5
20210519,21,24.0,22.0,21.0,20.0,22.0,0,18.8,1.0,74.0,0.0,167.2,3,19,5,0.0,1.5
20210519,22,21.0,21.0,25.0,26.0,23.0,0,18.2,0.4,75.0,0.0,167.2,3,19,5,0.0,1.5
20210519,23,22.0,20.0,20.0,20.0,21.0,0,17.8,0.3,77.0,0.0,167.2,3,19,5,0.0,1.5
20210520,0,20.0,20.0,20.0,20.0,20.0,0,17.9,0.9,77.0,0.0,167.2,4,20,5,0.0,1.5
20210520,1,20.0,20.0,20.0,22.0,21.0,0,17.5,0.7,86.0,0.0,167.2,4,20,5,0.0,1.5
20210520,2,25.0,22.0,20.0,20.0,22.0,0,17.4,1.4,80.0,0.0,167.2,4,20,5,0.0,1.5
20210520,3,20.0,20.0,20.0,20.0,20.0,0,16.7,0.4,80.0,0.0,167.2,4,20,5,0.0,1.5
20210520,4,20.0,20.0,20.0,20.0,20.0,0,17.0,0.8,78.0,0.0,167.2,4,20,5,0.0,1.5
20210520,5,25.0,25.0,22.0,20.0,23.0,0,16.5,1.2,90.0,0.0,167.2,4,20,5,0.0,1.5
20210520,6,20.0,20.0,20.0,21.0,20.0,0,16.4,0.6,89.0,0.0,167.2,4,20,5,0.0,1.5
20210520,7,26.0,46.0,80.0,105.0,64.0,0,17.6,0.4,88.0,0.0,167.2,4,20,5,0.0,1.5
20210520,8,157.0,173.0,176.0,174.0,170.0,174,17.8,1.3,90.0,0.0,167.2,4,20,5,0.255882353,1.5
20210520,9,162.0,159.0,158.0,167.0,162.0,1145,17.1,0.8,95.0,1.4,167.2,4,20,5,1.77244582,1.0
20210520,10,129.0,166.0,169.0,162.0,157.0,631,17.2,1.9,98.0,2.8,167.2,4,20,5,1.00798722,1.0
20210520,11,170.0,168.0,178.0,171.0,172.0,1881,16.9,2.0,98.0,5.3,167.2,4,20,5,2.737991266,1.0
20210520,12,115.0,87.0,90.0,130.0,106.0,124,16.6,2.6,98.0,8.4,167.2,4,20,5,0.293838863,1.0
20210520,13,181.0,166.0,154.0,162.0,166.0,1467,16.5,2.1,98.0,15.1,167.2,4,20,5,2.212669683,1.0
20210520,14,166.0,156.0,167.0,164.0,163.0,1175,16.0,2.9,97.0,15.4,167.2,4,20,5,1.799387443,1.0
20210520,15,120.0,161.0,159.0,158.0,150.0,809,15.6,3.2,97.0,15.6,167.2,4,20,5,1.352842809,1.0
20210520,16,139.0,156.0,155.0,159.0,152.0,2581,15.5,2.7,98.0,15.9,167.2,4,20,5,4.238095238,1.0
20210520,17,104.0,86.0,102.0,110.0,101.0,977,15.9,2.1,98.0,16.1,167.2,4,20,5,2.430348259,1.0
20210520,18,112.0,112.0,100.0,100.0,106.0,2010,16.2,2.0,98.0,16.3,167.2,4,20,5,4.740566038,1.5
20210520,19,106.0,107.0,114.0,108.0,109.0,2901,16.2,1.2,98.0,16.3,167.2,4,20,5,6.668965517,1.5
20210520,20,104.0,106.0,117.0,111.0,110.0,3,15.8,1.7,98.0,16.3,167.2,4,20,5,0.006849315,1.5
20210520,21,107.0,105.0,101.0,99.0,103.0,2,15.5,1.3,98.0,16.3,167.2,4,20,5,0.004854369,1.5
20210520,22,89.0,108.0,111.0,94.0,101.0,10,15.0,0.9,98.0,16.3,167.2,4,20,5,0.024875622,1.5
20210520,23,103.0,102.0,98.0,68.0,93.0,0,14.9,0.7,98.0,16.5,167.2,4,20,5,0.0,1.5
20210521,0,62.0,64.0,59.0,57.0,61.0,820,14.7,0.6,98.0,16.7,167.2,5,21,5,3.388429752,1.5
20210521,1,91.0,100.0,93.0,92.0,94.0,219,14.7,0.8,98.0,0.0,167.2,5,21,5,0.582446809,1.5
20210521,2,105.0,105.0,108.0,108.0,107.0,498,14.7,0.7,98.0,0.0,167.2,5,21,5,1.169014085,1.5
20210521,3,84.0,107.0,100.0,100.0,98.0,393,14.9,0.1,98.0,0.1,167.2,5,21,5,1.00511509,1.5
20210521,4,100.0,89.0,97.0,93.0,95.0,31,14.6,0.8,98.0,0.1,167.2,5,21,5,0.081794195,1.5
20210521,5,77.0,67.0,89.0,95.0,82.0,344,14.7,1.4,98.0,0.1,167.2,5,21,5,1.048780488,1.5
20210521,6,102.0,105.0,98.0,102.0,102.0,40,14.8,1.1,98.0,0.1,167.2,5,21,5,0.098280098,1.5
20210521,7,100.0,114.0,135.0,135.0,121.0,1028,16.2,0.6,98.0,0.1,167.2,5,21,5,2.123966942,1.5
20210521,8,144.0,160.0,155.0,154.0,153.0,935,17.9,1.2,88.0,0.1,167.2,5,21,5,1.525285481,1.5
20210521,9,145.0,146.0,143.0,141.0,144.0,1816,18.4,2.9,74.0,0.1,167.2,5,21,5,3.15826087,1.0
20210521,10,115.0,139.0,147.0,157.0,140.0,1580,20.2,3.0,64.0,0.1,167.2,5,21,5,2.831541219,1.0
20210521,11,156.0,158.0,160.0,148.0,156.0,1787,20.6,2.4,63.0,0.1,167.2,5,21,5,2.872990354,1.0
20210521,12,96.0,79.0,79.0,116.0,93.0,4406,20.2,2.2,63.0,0.1,167.2,5,21,5,11.90810811,1.0
20210521,13,149.0,147.0,145.0,153.0,149.0,1126,20.9,2.7,58.0,0.1,167.2,5,21,5,1.895622896,1.0
20210521,14,149.0,148.0,158.0,155.0,153.0,1679,20.3,2.6,61.0,0.1,167.2,5,21,5,2.752459016,1.0
20210521,15,115.0,137.0,142.0,135.0,132.0,1636,20.5,1.3,63.0,0.1,167.2,5,21,5,3.092627599,1.0
20210521,16,138.0,144.0,147.0,146.0,144.0,2311,17.2,2.2,88.0,0.1,167.2,5,21,5,4.019130435,1.0
20210521,17,100.0,102.0,140.0,140.0,121.0,205,17.7,0.6,88.0,0.1,167.2,5,21,5,0.425311203,1.0
20210521,18,126.0,126.0,134.0,140.0,132.0,775,17.8,2.0,74.0,0.1,167.2,5,21,5,1.47338403,1.5
20210521,19,140.0,133.0,121.0,101.0,124.0,2344,17.5,1.5,74.0,0.1,167.2,5,21,5,4.735353535,1.5
20210521,20,98.0,105.0,99.0,111.0,103.0,0,16.3,1.6,86.0,0.1,167.2,5,21,5,0.0,1.5
20210521,21,109.0,99.0,109.0,104.0,105.0,117,16.3,1.3,86.0,0.1,167.2,5,21,5,0.277909739,1.5
20210521,22,85.0,107.0,103.0,109.0,101.0,0,15.4,0.4,95.0,0.2,167.2,5,21,5,0.0,1.5
20210521,23,106.0,102.0,98.0,66.0,93.0,426,15.1,1.1,98.0,0.3,167.2,5,21,5,1.14516129,1.5
20210522,0,57.0,56.0,60.0,61.0,59.0,0,15.5,1.3,98.0,0.0,167.2,6,22,5,0.0,1.5
20210522,1,91.0,104.0,105.0,103.0,101.0,0,15.1,1.5,98.0,0.0,167.2,6,22,5,0.0,1.5
20210522,2,100.0,99.0,88.0,95.0,96.0,9,15.0,1.1,98.0,0.0,167.2,6,22,5,0.023560209,1.5
20210522,3,83.0,104.0,104.0,103.0,99.0,510,14.5,1.5,93.0,0.0,167.2,6,22,5,1.294416244,1.5
20210522,4,100.0,105.0,104.0,96.0,101.0,38,13.3,0.2,96.0,0.0,167.2,6,22,5,0.09382716,1.5
20210522,5,72.0,62.0,95.0,107.0,84.0,0,14.4,2.7,93.0,0.0,167.2,6,22,5,0.0,1.5
20210522,6,112.0,105.0,98.0,93.0,102.0,530,15.8,2.3,83.0,0.0,167.2,6,22,5,1.299019608,1.5
20210522,7,82.0,72.0,43.0,28.0,56.0,1456,17.5,2.3,74.0,0.0,167.2,6,22,5,6.471111111,1.5
20210522,8,21.0,20.0,20.0,20.0,20.0,0,19.2,1.4,66.0,0.0,167.2,6,22,5,0.0,1.5
20210522,9,20.0,20.0,20.0,21.0,20.0,0,20.3,3.5,59.0,0.0,167.2,6,22,5,0.0,1.0
20210522,10,21.0,21.0,25.0,24.0,23.0,0,22.1,2.3,58.0,0.0,167.2,6,22,5,0.0,1.0
20210522,11,21.0,21.0,21.0,21.0,21.0,0,23.2,1.7,50.0,0.0,167.2,6,22,5,0.0,1.0
20210522,12,20.0,21.0,20.0,20.0,20.0,0,23.1,1.9,54.0,0.0,167.2,6,22,5,0.0,1.0
20210522,13,20.0,20.0,23.0,25.0,22.0,0,22.9,2.3,54.0,0.0,167.2,6,22,5,0.0,1.0
20210522,14,22.0,20.0,20.0,21.0,21.0,0,22.8,1.9,59.0,0.0,167.2,6,22,5,0.0,1.0
20210522,15,20.0,20.0,20.0,20.0,20.0,0,21.8,2.5,63.0,0.0,167.2,6,22,5,0.0,1.0
20210522,16,20.0,20.0,21.0,23.0,21.0,0,22.3,1.8,60.0,0.0,167.2,6,22,5,0.0,1.0
20210522,17,25.0,21.0,20.0,21.0,22.0,0,21.9,1.1,65.0,0.0,167.2,6,22,5,0.0,1.0
20210522,18,20.0,20.0,20.0,20.0,20.0,0,20.3,0.4,72.0,0.0,167.2,6,22,5,0.0,1.5
20210522,19,20.0,20.0,20.0,20.0,20.0,0,19.3,0.1,81.0,0.0,167.2,6,22,5,0.0,1.5
20210522,20,24.0,24.0,21.0,21.0,23.0,0,21.9,1.5,64.0,0.0,167.2,6,22,5,0.0,1.5
20210522,21,21.0,21.0,20.0,20.0,21.0,0,20.5,1.5,73.0,0.0,167.2,6,22,5,0.0,1.5
20210522,22,20.0,20.0,20.0,20.0,20.0,0,20.7,2.2,72.0,0.0,167.2,6,22,5,0.0,1.5
20210522,23,20.0,21.0,25.0,24.0,23.0,0,19.6,2.4,76.0,0.0,167.2,6,22,5,0.0,1.5
20210523,0,21.0,21.0,21.0,21.0,21.0,0,19.0,1.5,77.0,0.0,167.2,7,23,5,0.0,1.5
20210523,1,21.0,20.0,21.0,21.0,21.0,0,18.4,2.3,79.0,0.0,167.2,7,23,5,0.0,1.5
20210523,2,21.0,21.0,23.0,25.0,23.0,0,18.6,2.2,75.0,0.0,167.2,7,23,5,0.0,1.5
20210523,3,22.0,21.0,21.0,21.0,21.0,0,18.1,1.6,74.0,0.0,167.2,7,23,5,0.0,1.5
20210523,4,21.0,21.0,21.0,21.0,21.0,0,17.2,1.5,76.0,0.0,167.2,7,23,5,0.0,1.5
20210523,5,21.0,21.0,21.0,24.0,22.0,0,17.9,2.0,75.0,0.0,167.2,7,23,5,0.0,1.5
20210523,6,25.0,22.0,21.0,21.0,22.0,0,19.4,2.4,70.0,0.0,167.2,7,23,5,0.0,1.5
20210523,7,20.0,20.0,21.0,20.0,20.0,0,21.0,1.9,63.0,0.0,167.2,7,23,5,0.0,1.5
20210523,8,20.0,20.0,20.0,21.0,20.0,0,23.4,1.5,58.0,0.0,167.2,7,23,5,0.0,1.5
20210523,9,21.0,25.0,24.0,20.0,23.0,0,25.0,1.4,54.0,0.0,167.2,7,23,5,0.0,1.0
20210523,10,20.0,20.0,20.0,20.0,20.0,0,25.8,1.5,53.0,0.0,167.2,7,23,5,0.0,1.0
20210523,11,21.0,21.0,20.0,20.0,21.0,0,27.6,1.6,45.0,0.0,167.2,7,23,5,0.0,1.0
20210523,12,21.0,22.0,25.0,24.0,23.0,0,26.6,1.6,50.0,0.0,167.2,7,23,5,0.0,1.0
20210523,13,20.0,21.0,21.0,21.0,21.0,0,27.3,1.4,51.0,0.0,167.2,7,23,5,0.0,1.0
20210523,14,20.0,20.0,20.0,21.0,20.0,0,29.0,2.1,35.0,0.0,167.2,7,23,5,0.0,1.0
20210523,15,20.0,21.0,21.0,23.0,21.0,0,29.0,3.2,29.0,0.0,167.2,7,23,5,0.0,1.0
20210523,16,25.0,21.0,21.0,21.0,22.0,0,28.0,3.3,31.0,0.0,167.2,7,23,5,0.0,1.0
20210523,17,20.0,20.0,20.0,20.0,20.0,0,27.0,3.1,37.0,0.0,167.2,7,23,5,0.0,1.0
20210523,18,21.0,20.0,20.0,23.0,21.0,0,26.1,2.5,45.0,0.0,167.2,7,23,5,0.0,1.5
20210523,19,25.0,21.0,20.0,20.0,22.0,0,24.7,1.1,54.0,0.0,167.2,7,23,5,0.0,1.5
20210523,20,20.0,20.0,20.0,20.0,20.0,0,23.2,0.6,64.0,0.0,167.2,7,23,5,0.0,1.5
20210523,21,21.0,20.0,21.0,21.0,21.0,0,23.0,1.2,62.0,0.0,167.2,7,23,5,0.0,1.5
20210523,22,25.0,24.0,21.0,21.0,23.0,0,23.3,2.1,57.0,0.0,167.2,7,23,5,0.0,1.5
20210523,23,21.0,20.0,20.0,21.0,21.0,0,22.5,2.1,57.0,0.0,167.2,7,23,5,0.0,1.5
20210524,0,21.0,20.0,20.0,20.0,20.0,0,22.3,1.0,52.0,0.0,167.2,1,24,5,0.0,1.5
20210524,1,23.0,25.0,22.0,20.0,23.0,0,21.6,1.2,55.0,0.0,167.2,1,24,5,0.0,1.5
20210524,2,20.0,20.0,20.0,21.0,20.0,0,20.4,0.6,67.0,0.0,167.2,1,24,5,0.0,1.5
20210524,3,21.0,20.0,20.0,20.0,20.0,0,19.6,0.4,79.0,0.0,167.2,1,24,5,0.0,1.5
20210524,4,21.0,23.0,25.0,22.0,23.0,0,19.9,0.8,74.0,0.0,167.2,1,24,5,0.0,1.5
20210524,5,20.0,20.0,20.0,20.0,20.0,0,20.7,1.3,62.0,0.0,167.2,1,24,5,0.0,1.5
20210524,6,20.0,20.0,20.0,20.0,20.0,0,19.3,0.3,77.0,0.0,167.2,1,24,5,0.0,1.5
20210524,7,26.0,31.0,58.0,101.0,54.0,0,18.3,1.2,86.0,0.3,167.2,1,24,5,0.0,1.5
20210524,8,146.0,152.0,172.0,171.0,160.0,321,18.1,1.3,87.0,0.7,167.2,1,24,5,0.500780031,1.5
20210524,9,167.0,157.0,165.0,162.0,163.0,751,18.0,1.1,91.0,0.9,167.2,1,24,5,1.153609831,1.0
20210524,10,132.0,162.0,165.0,159.0,155.0,290,18.5,0.3,86.0,0.9,167.2,1,24,5,0.469255663,1.0
20210524,11,168.0,158.0,163.0,168.0,164.0,2479,19.3,1.4,83.0,0.9,167.2,1,24,5,3.773211568,1.0
20210524,12,114.0,89.0,89.0,123.0,104.0,98,21.1,1.1,67.0,0.9,167.2,1,24,5,0.236144578,1.0
20210524,13,147.0,159.0,160.0,152.0,155.0,1982,23.4,1.7,60.0,0.9,167.2,1,24,5,3.207119741,1.0
20210524,14,153.0,159.0,160.0,164.0,159.0,1083,22.4,2.8,59.0,0.9,167.2,1,24,5,1.702830189,1.0
20210524,15,132.0,165.0,162.0,157.0,154.0,1428,21.6,2.7,65.0,0.9,167.2,1,24,5,2.318181818,1.0
20210524,16,152.0,144.0,141.0,150.0,147.0,970,20.8,1.8,72.0,0.9,167.2,1,24,5,1.652470187,1.0
20210524,17,106.0,99.0,147.0,163.0,129.0,1942,19.3,1.3,75.0,0.9,167.2,1,24,5,3.770873786,1.0
20210524,18,152.0,147.0,148.0,140.0,147.0,1279,19.0,0.8,82.0,0.9,167.2,1,24,5,2.178875639,1.5
20210524,19,131.0,146.0,134.0,110.0,130.0,3527,17.9,0.9,88.0,0.9,167.2,1,24,5,6.769673704,1.5
20210524,20,102.0,108.0,110.0,104.0,106.0,1,18.1,1.5,85.0,0.9,167.2,1,24,5,0.002358491,1.5
20210524,21,106.0,109.0,107.0,103.0,106.0,384,18.9,2.5,78.0,0.9,167.2,1,24,5,0.903529412,1.5
20210524,22,82.0,112.0,109.0,115.0,105.0,50,18.9,2.6,62.0,0.9,167.2,1,24,5,0.119617225,1.5
20210524,23,112.0,104.0,99.0,77.0,98.0,0,18.3,2.7,48.0,0.9,167.2,1,24,5,0.0,1.5
20210525,0,62.0,58.0,56.0,57.0,58.0,636,18.7,2.3,39.0,0.0,167.2,2,25,5,2.729613734,1.5
20210525,1,82.0,106.0,104.0,104.0,99.0,258,18.3,2.3,34.0,0.0,167.2,2,25,5,0.651515152,1.5
20210525,2,98.0,107.0,104.0,95.0,101.0,206,18.0,2.0,36.0,0.0,167.2,2,25,5,0.50990099,1.5
20210525,3,81.0,104.0,103.0,103.0,98.0,112,17.5,2.2,39.0,0.0,167.2,2,25,5,0.286445013,1.5
20210525,4,91.0,106.0,111.0,107.0,104.0,133,13.9,0.3,58.0,0.0,167.2,2,25,5,0.320481928,1.5
20210525,5,80.0,69.0,97.0,110.0,89.0,0,14.8,0.8,58.0,0.0,167.2,2,25,5,0.0,1.5
20210525,6,112.0,108.0,102.0,103.0,106.0,281,15.0,0.9,64.0,0.0,167.2,2,25,5,0.661176471,1.5
20210525,7,104.0,108.0,137.0,140.0,122.0,1788,16.1,1.2,66.0,0.0,167.2,2,25,5,3.656441718,1.5
20210525,8,162.0,174.0,164.0,153.0,163.0,531,17.3,0.6,60.0,0.0,167.2,2,25,5,0.813169985,1.5
20210525,9,163.0,143.0,152.0,152.0,153.0,696,19.7,1.3,55.0,0.0,167.2,2,25,5,1.140983607,1.0
20210525,10,125.0,173.0,172.0,172.0,161.0,272,20.8,4.4,39.0,0.3,167.2,2,25,5,0.423676012,1.0
20210525,11,165.0,161.0,155.0,143.0,156.0,1617,22.9,4.3,44.0,0.3,167.2,2,25,5,2.591346154,1.0
20210525,12,102.0,77.0,77.0,110.0,92.0,34,23.4,4.3,39.0,0.0,167.2,2,25,5,0.092896175,1.0
20210525,13,145.0,146.0,154.0,158.0,151.0,1870,23.9,3.9,33.0,0.0,167.2,2,25,5,3.101160862,1.0
20210525,14,156.0,167.0,163.0,158.0,161.0,986,23.2,4.3,34.0,0.0,167.2,2,25,5,1.531055901,1.0
20210525,15,123.0,151.0,161.0,156.0,148.0,1093,23.8,4.2,30.0,0.0,167.2,2,25,5,1.849407783,1.0
20210525,16,155.0,155.0,152.0,142.0,151.0,3956,23.3,3.4,26.0,0.0,167.2,2,25,5,6.549668874,1.0
20210525,17,107.0,85.0,120.0,134.0,112.0,608,22.7,3.1,25.0,0.0,167.2,2,25,5,1.3632287,1.0
20210525,18,130.0,146.0,138.0,148.0,141.0,1607,20.6,1.4,29.0,0.0,167.2,2,25,5,2.859430605,1.5
20210525,19,138.0,139.0,131.0,113.0,130.0,4666,19.1,2.2,30.0,0.0,167.2,2,25,5,8.955854127,1.5
20210525,20,106.0,108.0,127.0,136.0,119.0,21,17.3,2.1,36.0,0.0,167.2,2,25,5,0.044025157,1.5
20210525,21,122.0,124.0,117.0,113.0,119.0,227,16.0,1.3,38.0,0.0,167.2,2,25,5,0.476890756,1.5
20210525,22,85.0,118.0,113.0,108.0,106.0,271,14.6,1.3,42.0,0.0,167.2,2,25,5,0.639150943,1.5
20210525,23,117.0,113.0,94.0,77.0,100.0,152,15.4,2.4,41.0,0.0,167.2,2,25,5,0.379052369,1.5
20210526,0,62.0,57.0,57.0,57.0,58.0,140,14.8,1.9,41.0,0.0,167.2,3,26,5,0.600858369,1.5
20210526,1,85.0,100.0,104.0,103.0,98.0,159,13.1,1.2,51.0,0.0,167.2,3,26,5,0.405612245,1.5
20210526,2,102.0,105.0,95.0,103.0,101.0,268,12.3,0.6,61.0,0.0,167.2,3,26,5,0.661728395,1.5
20210526,3,93.0,105.0,106.0,106.0,103.0,228,13.2,0.9,50.0,0.0,167.2,3,26,5,0.556097561,1.5
20210526,4,104.0,88.0,103.0,103.0,100.0,78,13.5,1.3,47.0,0.0,167.2,3,26,5,0.195979899,1.5
20210526,5,87.0,68.0,101.0,119.0,94.0,123,13.2,0.2,53.0,0.0,167.2,3,26,5,0.328,1.5
20210526,6,103.0,96.0,102.0,100.0,100.0,554,13.9,0.9,54.0,0.0,167.2,3,26,5,1.381546135,1.5
20210526,7,100.0,111.0,140.0,131.0,121.0,1505,14.8,3.1,51.0,0.0,167.2,3,26,5,3.122406639,1.5
20210526,8,141.0,156.0,158.0,165.0,155.0,1027,17.3,1.1,53.0,0.0,167.2,3,26,5,1.656451613,1.5
20210526,9,148.0,159.0,160.0,147.0,154.0,824,19.2,1.6,37.0,0.0,167.2,3,26,5,1.342019544,1.0
20210526,10,115.0,148.0,159.0,164.0,147.0,2179,21.2,1.3,34.0,0.0,167.2,3,26,5,3.718430034,1.0
20210526,11,149.0,151.0,166.0,160.0,157.0,608,22.1,2.1,33.0,0.0,167.2,3,26,5,0.971246006,1.0
20210526,12,96.0,74.0,75.0,118.0,91.0,12,22.6,2.2,39.0,0.0,167.2,3,26,5,0.033057851,1.0
20210526,13,161.0,166.0,159.0,140.0,157.0,2094,23.2,1.8,43.0,0.0,167.2,3,26,5,3.345047923,1.0
20210526,14,151.0,163.0,163.0,151.0,157.0,2331,23.1,2.6,39.0,0.0,167.2,3,26,5,3.711783439,1.0
20210526,15,123.0,145.0,150.0,160.0,145.0,1622,22.4,3.5,30.0,0.0,167.2,3,26,5,2.806228374,1.0
20210526,16,144.0,133.0,136.0,134.0,137.0,1630,22.0,3.3,27.0,0.0,167.2,3,26,5,2.979890311,1.0
20210526,17,102.0,93.0,124.0,148.0,117.0,135,21.6,2.9,28.0,0.0,167.2,3,26,5,0.289079229,1.0
20210526,18,143.0,130.0,132.0,127.0,133.0,1712,20.8,4.4,29.0,0.0,167.2,3,26,5,3.218045113,1.5
20210526,19,132.0,128.0,137.0,126.0,131.0,2100,20.0,4.0,29.0,0.0,167.2,3,26,5,4.015296367,1.5
20210526,20,119.0,118.0,110.0,113.0,115.0,8,19.6,2.9,42.0,0.0,167.2,3,26,5,0.017391304,1.5
20210526,21,100.0,107.0,103.0,106.0,104.0,226,19.3,3.4,52.0,0.0,167.2,3,26,5,0.543269231,1.5
20210526,22,91.0,102.0,97.0,97.0,97.0,381,18.5,3.5,66.0,0.0,167.2,3,26,5,0.984496124,1.5
20210526,23,96.0,103.0,107.0,85.0,98.0,0,16.8,3.8,71.0,0.0,167.2,3,26,5,0.0,1.5
20210527,0,68.0,61.0,59.0,58.0,62.0,209,16.6,3.5,72.0,0.0,167.2,4,27,5,0.849593496,1.5
20210527,1,86.0,92.0,102.0,101.0,95.0,119,15.9,3.3,80.0,0.0,167.2,4,27,5,0.312335958,1.5
20210527,2,105.0,100.0,90.0,107.0,101.0,142,15.7,2.8,82.0,0.0,167.2,4,27,5,0.353233831,1.5
20210527,3,87.0,102.0,93.0,94.0,94.0,213,15.3,2.5,85.0,0.0,167.2,4,27,5,0.566489362,1.5
20210527,4,95.0,94.0,102.0,105.0,99.0,176,15.0,1.2,90.0,0.0,167.2,4,27,5,0.444444444,1.5
20210527,5,79.0,69.0,94.0,101.0,86.0,116,15.0,0.9,91.0,0.0,167.2,4,27,5,0.33819242,1.5
20210527,6,105.0,104.0,89.0,84.0,96.0,357,15.2,0.3,90.0,0.0,167.2,4,27,5,0.934554974,1.5
20210527,7,100.0,115.0,140.0,149.0,126.0,2019,15.9,0.6,87.0,0.0,167.2,4,27,5,4.005952381,1.5
20210527,8,145.0,176.0,121.0,166.0,152.0,427,16.4,1.5,85.0,0.0,167.2,4,27,5,0.702302632,1.5
20210527,9,167.0,156.0,166.0,165.0,164.0,2079,17.6,1.5,83.0,0.0,167.2,4,27,5,3.178899083,1.0
20210527,10,116.0,155.0,156.0,165.0,148.0,4955,18.7,3.3,74.0,0.0,167.2,4,27,5,8.369932432,1.0
20210527,11,165.0,162.0,163.0,168.0,165.0,1339,21.1,3.4,68.0,0.0,167.2,4,27,5,2.034954407,1.0
20210527,12,99.0,74.0,75.0,111.0,90.0,156,20.8,4.0,67.0,0.0,167.2,4,27,5,0.43454039,1.0
20210527,13,164.0,164.0,165.0,161.0,164.0,811,22.1,4.5,59.0,0.0,167.2,4,27,5,1.240061162,1.0
20210527,14,143.0,144.0,163.0,158.0,152.0,2083,23.4,3.8,55.0,0.0,167.2,4,27,5,3.425986842,1.0
20210527,15,131.0,152.0,148.0,144.0,144.0,906,23.8,4.1,52.0,0.0,167.2,4,27,5,1.575652174,1.0
20210527,16,144.0,138.0,149.0,144.0,144.0,1851,23.7,4.1,51.0,0.0,167.2,4,27,5,3.219130435,1.0
20210527,17,104.0,85.0,124.0,142.0,114.0,113,24.0,2.5,49.0,0.0,167.2,4,27,5,0.248351648,1.0
20210527,18,140.0,137.0,116.0,103.0,124.0,1428,22.7,2.0,50.0,0.0,167.2,4,27,5,2.879032258,1.5
20210527,19,101.0,91.0,95.0,109.0,99.0,374,20.8,1.8,57.0,0.0,167.2,4,27,5,0.944444444,1.5
20210527,20,107.0,116.0,123.0,127.0,118.0,0,20.0,1.1,57.0,0.0,167.2,4,27,5,0.0,1.5
20210527,21,117.0,114.0,106.0,115.0,113.0,30,18.8,1.7,63.0,0.0,167.2,4,27,5,0.066371681,1.5
20210527,22,98.0,109.0,102.0,97.0,102.0,81,18.2,1.6,59.0,0.0,167.2,4,27,5,0.199507389,1.5
20210527,23,99.0,107.0,107.0,76.0,97.0,633,17.1,1.5,63.0,0.0,167.2,4,27,5,1.627249357,1.5
20210528,0,63.0,61.0,59.0,59.0,61.0,160,15.3,0.6,69.0,0.0,167.2,5,28,5,0.661157025,1.5
20210528,1,85.0,98.0,107.0,109.0,100.0,108,14.1,1.0,73.0,0.0,167.2,5,28,5,0.270676692,1.5
20210528,2,103.0,101.0,103.0,100.0,102.0,220,13.5,1.0,77.0,0.0,167.2,5,28,5,0.540540541,1.5
20210528,3,83.0,97.0,101.0,113.0,99.0,93,13.2,0.8,77.0,0.0,167.2,5,28,5,0.236040609,1.5
20210528,4,109.0,103.0,101.0,105.0,105.0,128,13.2,1.6,78.0,0.0,167.2,5,28,5,0.306220096,1.5
20210528,5,81.0,71.0,100.0,114.0,92.0,27,14.2,1.5,77.0,0.0,167.2,5,28,5,0.073770492,1.5
20210528,6,107.0,107.0,114.0,107.0,109.0,51,16.2,0.8,73.0,0.0,167.2,5,28,5,0.117241379,1.5
20210528,7,98.0,100.0,134.0,128.0,115.0,2813,17.9,1.4,58.0,0.0,167.2,5,28,5,6.115217391,1.5
20210528,8,151.0,175.0,166.0,164.0,164.0,100,20.8,2.0,50.0,0.0,167.2,5,28,5,0.152439024,1.5
20210528,9,157.0,153.0,160.0,168.0,160.0,1462,23.6,4.6,35.0,0.0,167.2,5,28,5,2.29153605,1.0
20210528,10,122.0,156.0,166.0,159.0,151.0,661,23.9,6.4,41.0,0.0,167.2,5,28,5,1.096185738,1.0
20210528,11,160.0,172.0,169.0,168.0,167.0,1637,24.0,6.1,50.0,0.0,167.2,5,28,5,2.446935725,1.0
20210528,12,107.0,83.0,83.0,118.0,98.0,498,25.5,4.2,50.0,0.0,167.2,5,28,5,1.273657289,1.0
20210528,13,157.0,168.0,167.0,157.0,162.0,912,25.1,5.5,47.0,0.0,167.2,5,28,5,1.405238829,1.0
20210528,14,151.0,150.0,150.0,152.0,151.0,170,23.2,5.4,58.0,0.0,167.2,5,28,5,0.281923715,1.0
20210528,15,119.0,148.0,152.0,141.0,140.0,1078,14.4,3.7,84.0,3.6,167.2,5,28,5,1.925,1.0
20210528,16,131.0,133.0,137.0,145.0,137.0,5505,13.6,1.0,98.0,28.9,167.2,5,28,5,10.08241758,1.0
20210528,17,99.0,96.0,147.0,158.0,125.0,300,15.2,1.6,98.0,31.2,167.2,5,28,5,0.6,1.0
20210528,18,157.0,155.0,146.0,134.0,148.0,1060,15.1,0.9,98.0,31.2,167.2,5,28,5,1.790540541,1.5
20210528,19,122.0,123.0,114.0,108.0,117.0,1090,14.7,1.0,98.0,31.2,167.2,5,28,5,2.334047109,1.5
20210528,20,96.0,105.0,107.0,112.0,105.0,80,14.7,1.4,98.0,31.2,167.2,5,28,5,0.19047619,1.5
20210528,21,108.0,116.0,113.0,108.0,111.0,61,14.4,0.4,98.0,31.2,167.2,5,28,5,0.137078652,1.5
20210528,22,89.0,111.0,107.0,104.0,103.0,617,13.9,0.1,98.0,31.2,167.2,5,28,5,1.501216545,1.5
20210528,23,100.0,97.0,98.0,83.0,95.0,42,14.2,0.1,98.0,31.2,167.2,5,28,5,0.111111111,1.5
20210529,0,67.0,62.0,59.0,57.0,61.0,32,13.2,0.7,98.0,0.0,167.2,6,29,5,0.130612245,1.5
20210529,1,90.0,100.0,98.0,107.0,99.0,578,13.4,1.5,98.0,0.0,167.2,6,29,5,1.463291139,1.5
20210529,2,103.0,90.0,92.0,95.0,95.0,111,13.1,0.1,98.0,0.0,167.2,6,29,5,0.292105263,1.5
20210529,3,84.0,105.0,97.0,96.0,96.0,216,13.4,1.0,98.0,0.0,167.2,6,29,5,0.565445026,1.5
20210529,4,106.0,104.0,96.0,100.0,102.0,230,12.1,0.0,98.0,0.0,167.2,6,29,5,0.566502463,1.5
20210529,5,86.0,72.0,93.0,101.0,88.0,6,13.0,0.7,98.0,0.0,167.2,6,29,5,0.017045455,1.5
20210529,6,105.0,103.0,100.0,90.0,100.0,368,15.1,0.7,95.0,0.0,167.2,6,29,5,0.924623116,1.5
20210529,7,84.0,83.0,60.0,31.0,65.0,1530,17.5,1.4,66.0,0.0,167.2,6,29,5,5.930232558,1.5
20210529,8,26.0,25.0,21.0,21.0,23.0,0,18.4,1.8,62.0,0.0,167.2,6,29,5,0.0,1.5
20210529,9,21.0,21.0,21.0,21.0,21.0,0,20.4,2.7,50.0,0.0,167.2,6,29,5,0.0,1.0
20210529,10,21.0,21.0,21.0,21.0,21.0,0,21.5,3.8,46.0,0.0,167.2,6,29,5,0.0,1.0
20210529,11,21.0,25.0,26.0,21.0,23.0,0,23.1,3.1,42.0,0.0,167.2,6,29,5,0.0,1.0
20210529,12,21.0,21.0,21.0,21.0,21.0,0,23.9,2.0,38.0,0.0,167.2,6,29,5,0.0,1.0
20210529,13,21.0,20.0,20.0,21.0,21.0,0,25.1,2.6,34.0,0.0,167.2,6,29,5,0.0,1.0
20210529,14,21.0,21.0,22.0,26.0,23.0,0,25.5,3.6,32.0,0.0,167.2,6,29,5,0.0,1.0
20210529,15,23.0,21.0,21.0,21.0,22.0,0,24.9,2.8,32.0,0.0,167.2,6,29,5,0.0,1.0
20210529,16,21.0,21.0,20.0,20.0,21.0,0,24.0,1.2,46.0,0.0,167.2,6,29,5,0.0,1.0
20210529,17,21.0,21.0,21.0,24.0,22.0,0,22.6,0.7,48.0,0.0,167.2,6,29,5,0.0,1.0
20210529,18,26.0,23.0,21.0,21.0,23.0,0,21.8,1.2,56.0,0.0,167.2,6,29,5,0.0,1.5
20210529,19,21.0,21.0,21.0,21.0,21.0,0,21.6,2.2,55.0,0.0,167.2,6,29,5,0.0,1.5
20210529,20,21.0,21.0,21.0,21.0,21.0,0,20.8,1.8,56.0,0.0,167.2,6,29,5,0.0,1.5
20210529,21,21.0,25.0,26.0,21.0,23.0,0,19.7,1.8,61.0,0.0,167.2,6,29,5,0.0,1.5
20210529,22,21.0,21.0,22.0,21.0,21.0,0,19.0,2.0,64.0,0.0,167.2,6,29,5,0.0,1.5
20210529,23,21.0,21.0,21.0,21.0,21.0,0,17.6,1.9,72.0,0.0,167.2,6,29,5,0.0,1.5
20210530,0,22.0,22.0,26.0,26.0,24.0,0,16.9,1.8,74.0,0.0,167.2,7,30,5,0.0,1.5
20210530,1,21.0,21.0,21.0,22.0,21.0,0,16.0,1.4,77.0,0.0,167.2,7,30,5,0.0,1.5
20210530,2,21.0,21.0,21.0,22.0,21.0,0,16.4,1.3,73.0,0.0,167.2,7,30,5,0.0,1.5
20210530,3,22.0,22.0,22.0,24.0,23.0,0,15.8,1.6,75.0,0.0,167.2,7,30,5,0.0,1.5
20210530,4,26.0,24.0,22.0,21.0,23.0,0,15.2,1.6,77.0,0.0,167.2,7,30,5,0.0,1.5
20210530,5,21.0,21.0,21.0,22.0,21.0,0,15.7,1.5,79.0,0.0,167.2,7,30,5,0.0,1.5
20210530,6,22.0,21.0,21.0,21.0,21.0,0,17.3,0.4,75.0,0.0,167.2,7,30,5,0.0,1.5
20210530,7,21.0,26.0,26.0,22.0,24.0,0,19.2,1.4,63.0,0.0,167.2,7,30,5,0.0,1.5
20210530,8,21.0,21.0,21.0,21.0,21.0,0,21.6,1.2,53.0,0.0,167.2,7,30,5,0.0,1.5
20210530,9,21.0,21.0,21.0,21.0,21.0,0,23.5,1.1,47.0,0.0,167.2,7,30,5,0.0,1.0
20210530,10,21.0,21.0,22.0,26.0,23.0,0,22.8,2.3,52.0,0.0,167.2,7,30,5,0.0,1.0
20210530,11,25.0,21.0,21.0,21.0,22.0,0,23.3,2.2,47.0,0.0,167.2,7,30,5,0.0,1.0
20210530,12,21.0,21.0,21.0,21.0,21.0,0,23.8,2.0,47.0,0.0,167.2,7,30,5,0.0,1.0
20210530,13,21.0,21.0,21.0,21.0,21.0,0,22.5,3.5,45.0,0.0,167.2,7,30,5,0.0,1.0
20210530,14,24.0,25.0,21.0,21.0,23.0,0,22.0,3.4,46.0,0.0,167.2,7,30,5,0.0,1.0
20210530,15,21.0,21.0,21.0,21.0,21.0,0,22.8,1.8,51.0,0.0,167.2,7,30,5,0.0,1.0
20210530,16,21.0,21.0,21.0,21.0,21.0,0,21.2,1.8,54.0,0.0,167.2,7,30,5,0.0,1.0
20210530,17,24.0,26.0,22.0,21.0,23.0,0,20.7,1.4,60.0,0.0,167.2,7,30,5,0.0,1.0
20210530,18,21.0,21.0,21.0,21.0,21.0,0,19.3,2.1,67.0,0.0,167.2,7,30,5,0.0,1.5
20210530,19,21.0,21.0,21.0,21.0,21.0,0,17.9,0.2,80.0,0.0,167.2,7,30,5,0.0,1.5
20210530,20,22.0,26.0,24.0,21.0,23.0,0,17.6,0.6,84.0,0.0,167.2,7,30,5,0.0,1.5
20210530,21,21.0,21.0,21.0,22.0,21.0,0,17.3,0.8,85.0,0.0,167.2,7,30,5,0.0,1.5
20210530,22,21.0,21.0,21.0,21.0,21.0,0,17.0,0.7,88.0,0.0,167.2,7,30,5,0.0,1.5
20210530,23,21.0,24.0,26.0,25.0,24.0,0,16.0,0.3,93.0,0.0,167.2,7,30,5,0.0,1.5
20210531,0,21.0,21.0,21.0,21.0,21.0,0,15.5,0.6,95.0,0.0,167.2,1,31,5,0.0,1.5
20210531,1,21.0,21.0,21.0,21.0,21.0,0,15.3,0.0,98.0,0.0,167.2,1,31,5,0.0,1.5
20210531,2,21.0,21.0,21.0,22.0,21.0,0,15.2,0.3,98.0,0.0,167.2,1,31,5,0.0,1.5
20210531,3,26.0,24.0,21.0,22.0,23.0,0,15.5,1.6,98.0,0.0,167.2,1,31,5,0.0,1.5
20210531,4,21.0,21.0,21.0,21.0,21.0,0,15.8,1.1,98.0,0.0,167.2,1,31,5,0.0,1.5
20210531,5,21.0,21.0,20.0,21.0,21.0,0,16.1,1.3,98.0,0.2,167.2,1,31,5,0.0,1.5
20210531,6,22.0,26.0,25.0,21.0,24.0,0,15.8,0.9,98.0,0.6,167.2,1,31,5,0.0,1.5
20210531,7,22.0,35.0,56.0,83.0,49.0,0,15.6,2.3,98.0,0.6,167.2,1,31,5,0.0,1.5
20210531,8,145.0,153.0,169.0,171.0,160.0,697,17.4,1.7,95.0,0.6,167.2,1,31,5,1.092476489,1.5
20210531,9,168.0,170.0,171.0,168.0,169.0,901,21.5,0.6,61.0,0.6,167.2,1,31,5,1.330871492,1.0
20210531,10,134.0,172.0,169.0,164.0,160.0,1373,22.1,1.8,62.0,0.6,167.2,1,31,5,2.148669797,1.0
20210531,11,167.0,165.0,167.0,170.0,167.0,1278,24.4,2.1,47.0,0.6,167.2,1,31,5,1.910313901,1.0
20210531,12,115.0,93.0,88.0,119.0,104.0,246,23.8,2.0,48.0,0.6,167.2,1,31,5,0.592771084,1.0
20210531,13,157.0,164.0,157.0,159.0,159.0,647,24.7,2.0,48.0,0.6,167.2,1,31,5,1.015698587,1.0
20210531,14,156.0,148.0,161.0,157.0,156.0,806,23.3,2.9,52.0,0.6,167.2,1,31,5,1.295819936,1.0
20210531,15,119.0,145.0,151.0,154.0,142.0,2767,23.2,2.7,59.0,0.6,167.2,1,31,5,4.862917399,1.0
20210531,16,146.0,141.0,149.0,150.0,147.0,2857,21.5,3.2,51.0,0.6,167.2,1,31,5,4.875426621,1.0
20210531,17,111.0,93.0,135.0,162.0,125.0,705,20.8,1.8,55.0,0.6,167.2,1,31,5,1.407185629,1.0
20210531,18,168.0,159.0,145.0,154.0,157.0,1370,19.9,2.8,73.0,0.6,167.2,1,31,5,2.188498403,1.5
20210531,19,150.0,150.0,158.0,124.0,146.0,3082,18.7,1.6,86.0,0.6,167.2,1,31,5,5.295532646,1.5
20210531,20,114.0,113.0,118.0,107.0,113.0,186,18.0,1.0,76.0,0.6,167.2,1,31,5,0.411504425,1.5
20210531,21,102.0,114.0,121.0,116.0,113.0,130,17.1,0.4,78.0,0.6,167.2,1,31,5,0.286975717,1.5
20210531,22,98.0,102.0,103.0,107.0,103.0,77,17.0,0.5,89.0,0.6,167.2,1,31,5,0.187804878,1.5
20210531,23,109.0,110.0,105.0,71.0,99.0,154,16.6,0.6,95.0,0.6,167.2,1,31,5,0.389873418,1.5
20210601,0,62.0,61.0,61.0,61.0,61.0,457,15.8,0.6,96.0,0.0,191.6,2,1,6,1.865306122,1.5
20210601,1,89.0,94.0,106.0,105.0,99.0,80,15.3,1.9,98.0,0.0,191.6,2,1,6,0.203045685,1.5
20210601,2,102.0,99.0,107.0,106.0,104.0,135,15.2,1.9,96.0,0.0,191.6,2,1,6,0.326086957,1.5
20210601,3,98.0,104.0,101.0,107.0,103.0,51,14.4,0.7,97.0,0.0,191.6,2,1,6,0.124390244,1.5
20210601,4,107.0,106.0,106.0,100.0,105.0,138,14.5,1.5,98.0,0.0,191.6,2,1,6,0.329355609,1.5
20210601,5,84.0,78.0,93.0,103.0,90.0,64,14.8,1.3,98.0,0.0,191.6,2,1,6,0.17877095,1.5
20210601,6,116.0,106.0,106.0,106.0,109.0,48,16.8,1.2,93.0,0.0,191.6,2,1,6,0.110599078,1.5
20210601,7,101.0,109.0,139.0,139.0,122.0,1235,19.1,0.6,68.0,0.0,191.6,2,1,6,2.530737705,1.5
20210601,8,165.0,178.0,179.0,195.0,179.0,1518,21.8,1.0,54.0,0.0,191.6,2,1,6,2.117154812,1.5
20210601,9,175.0,167.0,168.0,182.0,173.0,966,22.3,0.9,48.0,0.0,191.6,2,1,6,1.395953757,1.0
20210601,10,134.0,183.0,178.0,187.0,171.0,715,24.4,1.7,40.0,0.0,191.6,2,1,6,1.048387097,1.0
20210601,11,184.0,180.0,177.0,156.0,174.0,330,24.4,2.3,38.0,0.0,191.6,2,1,6,0.473457676,1.0
20210601,12,93.0,80.0,80.0,121.0,94.0,554,24.5,1.6,39.0,0.0,191.6,2,1,6,1.481283422,1.0
20210601,13,163.0,175.0,177.0,163.0,170.0,476,25.0,2.2,38.0,0.0,191.6,2,1,6,0.702064897,1.0
20210601,14,167.0,167.0,163.0,161.0,165.0,2349,25.2,2.0,37.0,0.0,191.6,2,1,6,3.569908815,1.0
20210601,15,130.0,156.0,159.0,162.0,152.0,1584,24.9,1.8,37.0,0.0,191.6,2,1,6,2.609555189,1.0
20210601,16,167.0,151.0,161.0,169.0,162.0,1645,23.1,1.9,43.0,0.0,191.6,2,1,6,2.538580247,1.0
20210601,17,107.0,95.0,137.0,155.0,124.0,438,22.1,1.4,49.0,0.0,191.6,2,1,6,0.886639676,1.0
20210601,18,161.0,139.0,143.0,143.0,147.0,1643,21.6,0.5,54.0,0.0,191.6,2,1,6,2.803754266,1.5
20210601,19,140.0,141.0,158.0,135.0,144.0,2795,20.6,0.6,60.0,0.0,191.6,2,1,6,4.869337979,1.5
20210601,20,124.0,123.0,116.0,120.0,121.0,112,20.0,0.2,66.0,0.0,191.6,2,1,6,0.231884058,1.5
20210601,21,128.0,124.0,117.0,115.0,121.0,158,19.8,0.1,69.0,0.0,191.6,2,1,6,0.326446281,1.5
20210601,22,97.0,113.0,101.0,112.0,106.0,140,19.5,0.1,71.0,0.0,191.6,2,1,6,0.330969267,1.5
20210601,23,110.0,106.0,107.0,71.0,99.0,73,19.0,0.4,75.0,0.0,191.6,2,1,6,0.185279188,1.5
20210602,0,63.0,62.0,62.0,62.0,62.0,0,18.6,1.0,83.0,0.0,191.6,3,2,6,0.0,1.5
20210602,1,90.0,101.0,106.0,111.0,102.0,8,18.0,1.2,87.0,0.0,191.6,3,2,6,0.019607843,1.5
20210602,2,107.0,105.0,113.0,110.0,109.0,322,17.7,1.2,88.0,0.0,191.6,3,2,6,0.740229885,1.5
20210602,3,89.0,108.0,110.0,107.0,104.0,268,17.8,1.8,82.0,0.0,191.6,3,2,6,0.647342995,1.5
20210602,4,107.0,100.0,99.0,93.0,100.0,102,18.0,1.8,84.0,0.0,191.6,3,2,6,0.255639098,1.5
20210602,5,70.0,67.0,95.0,106.0,85.0,0,18.3,0.2,77.0,0.0,191.6,3,2,6,0.0,1.5
20210602,6,116.0,99.0,96.0,99.0,103.0,160,19.5,0.4,73.0,0.0,191.6,3,2,6,0.390243902,1.5
20210602,7,109.0,119.0,149.0,151.0,132.0,1339,21.0,0.7,70.0,0.0,191.6,3,2,6,2.535984848,1.5
20210602,8,167.0,173.0,172.0,177.0,172.0,338,24.0,0.6,55.0,0.0,191.6,3,2,6,0.490566038,1.5
20210602,9,169.0,180.0,179.0,178.0,177.0,1944,25.1,1.3,53.0,0.0,191.6,3,2,6,2.753541076,1.0
20210602,10,133.0,177.0,191.0,190.0,173.0,764,25.8,1.4,48.0,0.0,191.6,3,2,6,1.105643994,1.0
20210602,11,185.0,163.0,162.0,160.0,168.0,2183,23.8,2.3,70.0,0.0,191.6,3,2,6,3.258208955,1.0
20210602,12,103.0,86.0,91.0,131.0,103.0,343,24.4,1.8,67.0,0.0,191.6,3,2,6,0.834549878,1.0
20210602,13,177.0,189.0,179.0,182.0,182.0,5882,25.7,1.5,55.0,0.0,191.6,3,2,6,8.090784044,1.0
20210602,14,175.0,174.0,180.0,179.0,177.0,1072,25.1,1.6,58.0,0.0,191.6,3,2,6,1.514124294,1.0
20210602,15,152.0,166.0,157.0,147.0,156.0,822,24.2,1.5,59.0,0.0,191.6,3,2,6,1.321543408,1.0
20210602,16,159.0,172.0,171.0,166.0,167.0,2146,23.2,1.3,68.0,0.0,191.6,3,2,6,3.21257485,1.0
20210602,17,130.0,114.0,143.0,158.0,136.0,860,22.0,1.1,78.0,0.0,191.6,3,2,6,1.577981651,1.0
20210602,18,154.0,153.0,154.0,145.0,152.0,1840,21.4,1.2,85.0,0.0,191.6,3,2,6,3.03630363,1.5
20210602,19,142.0,135.0,122.0,111.0,128.0,2444,20.0,0.6,95.0,0.0,191.6,3,2,6,4.792156863,1.5
20210602,20,104.0,118.0,114.0,114.0,113.0,0,18.9,0.1,94.0,0.0,191.6,3,2,6,0.0,1.5
20210602,21,108.0,110.0,114.0,113.0,111.0,34,19.2,1.2,90.0,0.0,191.6,3,2,6,0.076404494,1.5
20210602,22,92.0,106.0,100.0,104.0,101.0,77,18.5,0.4,91.0,0.0,191.6,3,2,6,0.191542289,1.5
20210602,23,109.0,108.0,95.0,72.0,96.0,672,17.5,0.4,95.0,0.0,191.6,3,2,6,1.75,1.5
20210603,0,69.0,65.0,64.0,66.0,66.0,0,17.1,0.3,96.0,0.0,191.6,4,3,6,0.0,1.5
20210603,1,90.0,104.0,115.0,111.0,105.0,286,17.5,1.2,92.0,0.0,191.6,4,3,6,0.680952381,1.5
20210603,2,113.0,113.0,115.0,109.0,113.0,120,17.3,0.3,95.0,0.0,191.6,4,3,6,0.266666667,1.5
20210603,3,99.0,105.0,107.0,110.0,105.0,200,16.6,0.4,95.0,0.0,191.6,4,3,6,0.475059382,1.5
20210603,4,109.0,108.0,102.0,104.0,106.0,232,16.3,0.2,94.0,0.0,191.6,4,3,6,0.548463357,1.5
20210603,5,82.0,77.0,99.0,107.0,91.0,87,17.4,0.9,91.0,0.0,191.6,4,3,6,0.238356164,1.5
20210603,6,118.0,113.0,109.0,108.0,112.0,48,18.4,0.3,89.0,0.0,191.6,4,3,6,0.107142857,1.5
20210603,7,106.0,119.0,140.0,149.0,129.0,935,19.0,1.1,84.0,0.0,191.6,4,3,6,1.819066148,1.5
20210603,8,159.0,181.0,174.0,167.0,170.0,1187,20.0,0.4,79.0,0.0,191.6,4,3,6,1.743024963,1.5
20210603,9,170.0,169.0,171.0,169.0,170.0,1096,18.6,0.1,97.0,3.8,191.6,4,3,6,1.614138439,1.0
20210603,10,132.0,156.0,164.0,170.0,156.0,956,19.3,1.3,98.0,5.0,191.6,4,3,6,1.536977492,1.0
20210603,11,172.0,153.0,163.0,160.0,162.0,1969,18.4,2.0,98.0,7.9,191.6,4,3,6,3.038580247,1.0
20210603,12,106.0,89.0,90.0,121.0,102.0,50,18.7,1.2,98.0,8.3,191.6,4,3,6,0.123152709,1.0
20210603,13,152.0,156.0,165.0,159.0,158.0,1064,19.1,1.7,98.0,9.3,191.6,4,3,6,1.683544304,1.0
20210603,14,158.0,156.0,158.0,163.0,159.0,2090,19.2,1.4,98.0,11.4,191.6,4,3,6,3.291338583,1.0
20210603,15,135.0,153.0,156.0,161.0,151.0,1680,19.3,1.8,98.0,14.5,191.6,4,3,6,2.776859504,1.0
20210603,16,156.0,162.0,163.0,159.0,160.0,1547,19.0,2.6,98.0,18.7,191.6,4,3,6,2.4171875,1.0
20210603,17,128.0,113.0,137.0,151.0,132.0,1830,19.0,2.6,98.0,20.2,191.6,4,3,6,3.459357278,1.0
20210603,18,150.0,145.0,123.0,110.0,132.0,4404,19.3,1.4,98.0,21.1,191.6,4,3,6,8.340909091,1.5
20210603,19,112.0,119.0,117.0,111.0,115.0,2523,19.2,2.3,98.0,21.4,191.6,4,3,6,5.496732026,1.5
20210603,20,108.0,125.0,130.0,126.0,122.0,220,19.4,1.1,98.0,21.6,191.6,4,3,6,0.449897751,1.5
20210603,21,132.0,123.0,120.0,116.0,123.0,128,19.3,1.0,98.0,21.6,191.6,4,3,6,0.260692464,1.5
20210603,22,106.0,111.0,116.0,118.0,113.0,106,19.4,1.3,98.0,21.8,191.6,4,3,6,0.235033259,1.5
20210603,23,114.0,114.0,109.0,81.0,105.0,56,19.0,1.1,98.0,22.7,191.6,4,3,6,0.133971292,1.5
20210604,0,72.0,67.0,66.0,66.0,68.0,246,19.0,0.3,98.0,0.7,191.6,5,4,6,0.907749077,1.5
20210604,1,96.0,108.0,119.0,109.0,108.0,38,18.7,1.8,98.0,1.2,191.6,5,4,6,0.087962963,1.5
20210604,2,106.0,106.0,111.0,116.0,110.0,136,18.3,1.5,98.0,1.5,191.6,5,4,6,0.309794989,1.5
20210604,3,104.0,105.0,104.0,113.0,107.0,86,17.8,1.4,98.0,1.9,191.6,5,4,6,0.201877934,1.5
20210604,4,115.0,109.0,108.0,103.0,109.0,337,17.8,2.0,98.0,2.2,191.6,5,4,6,0.774712644,1.5
20210604,5,85.0,78.0,91.0,107.0,90.0,14,16.9,0.8,98.0,4.7,191.6,5,4,6,0.038781163,1.5
20210604,6,118.0,112.0,105.0,100.0,109.0,126,17.2,0.3,97.0,4.7,191.6,5,4,6,0.289655172,1.5
20210604,7,110.0,125.0,142.0,136.0,128.0,749,18.6,1.4,81.0,4.7,191.6,5,4,6,1.460038986,1.5
20210604,8,154.0,153.0,159.0,159.0,156.0,655,19.7,1.6,71.0,4.7,191.6,5,4,6,1.048,1.5
20210604,9,158.0,158.0,159.0,166.0,160.0,1270,20.2,1.8,68.0,4.7,191.6,5,4,6,1.981279251,1.0
20210604,10,127.0,158.0,173.0,168.0,157.0,1286,21.3,3.4,58.0,4.7,191.6,5,4,6,2.054313099,1.0
20210604,11,141.0,150.0,155.0,149.0,149.0,809,23.0,2.5,50.0,4.7,191.6,5,4,6,1.359663866,1.0
20210604,12,81.0,64.0,94.0,118.0,89.0,84,24.3,2.2,44.0,4.7,191.6,5,4,6,0.235294118,1.0
20210604,13,158.0,158.0,154.0,151.0,155.0,616,25.0,2.4,38.0,4.7,191.6,5,4,6,0.99194847,1.0
20210604,14,143.0,154.0,151.0,160.0,152.0,5176,26.0,2.4,37.0,4.7,191.6,5,4,6,8.513157895,1.0
20210604,15,125.0,142.0,144.0,149.0,140.0,739,23.9,2.1,52.0,4.7,191.6,5,4,6,1.319642857,1.0
20210604,16,140.0,141.0,145.0,140.0,142.0,1164,23.7,2.2,54.0,4.7,191.6,5,4,6,2.056537102,1.0
20210604,17,105.0,103.0,138.0,143.0,122.0,306,24.6,1.0,48.0,4.7,191.6,5,4,6,0.625766871,1.0
20210604,18,139.0,138.0,135.0,145.0,139.0,638,23.2,1.5,49.0,4.7,191.6,5,4,6,1.145421903,1.5
20210604,19,135.0,119.0,103.0,94.0,113.0,1622,22.2,2.8,53.0,4.7,191.6,5,4,6,3.596452328,1.5
20210604,20,91.0,96.0,105.0,111.0,101.0,94,21.7,2.0,57.0,4.7,191.6,5,4,6,0.23325062,1.5
20210604,21,110.0,105.0,109.0,109.0,108.0,52,20.2,1.8,64.0,4.7,191.6,5,4,6,0.120092379,1.5
20210604,22,96.0,111.0,111.0,109.0,107.0,200,20.5,2.5,63.0,4.7,191.6,5,4,6,0.468384075,1.5
20210604,23,109.0,112.0,102.0,65.0,97.0,0,18.7,1.0,70.0,4.7,191.6,5,4,6,0.0,1.5
20210605,0,63.0,63.0,64.0,63.0,63.0,25,19.9,1.7,66.0,0.0,191.6,6,5,6,0.098814229,1.5
20210605,1,96.0,93.0,116.0,113.0,105.0,84,16.0,0.6,85.0,0.0,191.6,6,5,6,0.200956938,1.5
20210605,2,106.0,96.0,106.0,107.0,104.0,84,15.9,0.5,79.0,0.0,191.6,6,5,6,0.202409639,1.5
20210605,3,92.0,110.0,110.0,109.0,105.0,555,16.1,1.6,80.0,0.0,191.6,6,5,6,1.318289786,1.5
20210605,4,108.0,105.0,106.0,108.0,107.0,40,15.9,0.8,76.0,0.0,191.6,6,5,6,0.093676815,1.5
20210605,5,89.0,83.0,99.0,98.0,92.0,4,17.2,2.8,68.0,0.0,191.6,6,5,6,0.010840108,1.5
20210605,6,102.0,111.0,110.0,103.0,107.0,20,17.5,0.8,75.0,0.0,191.6,6,5,6,0.046948357,1.5
20210605,7,92.0,75.0,48.0,29.0,61.0,509,20.0,1.2,53.0,0.0,191.6,6,5,6,2.086065574,1.5
20210605,8,27.0,25.0,22.0,22.0,24.0,0,21.9,2.1,47.0,0.0,191.6,6,5,6,0.0,1.5
20210605,9,22.0,22.0,22.0,22.0,22.0,0,24.0,1.7,40.0,0.0,191.6,6,5,6,0.0,1.0
20210605,10,22.0,22.0,22.0,22.0,22.0,0,25.7,3.6,35.0,0.0,191.6,6,5,6,0.0,1.0
20210605,11,22.0,23.0,28.0,27.0,25.0,0,26.7,4.0,37.0,0.0,191.6,6,5,6,0.0,1.0
20210605,12,22.0,23.0,22.0,22.0,22.0,0,27.4,4.7,38.0,0.0,191.6,6,5,6,0.0,1.0
20210605,13,22.0,23.0,22.0,22.0,22.0,0,28.2,5.0,36.0,0.0,191.6,6,5,6,0.0,1.0
20210605,14,22.0,23.0,22.0,23.0,23.0,0,28.5,4.0,41.0,0.0,191.6,6,5,6,0.0,1.0
20210605,15,28.0,26.0,23.0,22.0,25.0,0,27.5,4.9,45.0,0.0,191.6,6,5,6,0.0,1.0
20210605,16,23.0,23.0,22.0,23.0,23.0,0,26.2,4.9,56.0,0.0,191.6,6,5,6,0.0,1.0
20210605,17,22.0,22.0,22.0,23.0,22.0,0,25.5,4.5,60.0,0.0,191.6,6,5,6,0.0,1.0
20210605,18,22.0,23.0,27.0,27.0,25.0,0,24.5,4.1,65.0,0.0,191.6,6,5,6,0.0,1.5
20210605,19,22.0,22.0,22.0,22.0,22.0,0,23.3,4.1,71.0,0.0,191.6,6,5,6,0.0,1.5
20210605,20,22.0,22.0,22.0,22.0,22.0,0,21.1,1.5,83.0,0.0,191.6,6,5,6,0.0,1.5
20210605,21,23.0,22.0,22.0,27.0,24.0,0,21.8,2.8,77.0,0.0,191.6,6,5,6,0.0,1.5
20210605,22,26.0,22.0,22.0,22.0,23.0,0,21.4,3.4,78.0,0.0,191.6,6,5,6,0.0,1.5
20210605,23,22.0,22.0,22.0,22.0,22.0,0,20.8,1.8,76.0,0.0,191.6,6,5,6,0.0,1.5
20210606,0,22.0,22.0,22.0,22.0,22.0,0,20.1,1.6,79.0,0.0,191.6,7,6,6,0.0,1.5
20210606,1,24.0,27.0,24.0,24.0,25.0,0,19.8,1.1,75.0,0.0,191.6,7,6,6,0.0,1.5
20210606,2,22.0,22.0,22.0,22.0,22.0,0,20.4,1.2,70.0,0.0,191.6,7,6,6,0.0,1.5
20210606,3,22.0,22.0,22.0,22.0,22.0,0,17.7,0.1,83.0,0.0,191.6,7,6,6,0.0,1.5
20210606,4,22.0,24.0,27.0,22.0,24.0,0,17.6,0.8,80.0,0.0,191.6,7,6,6,0.0,1.5
20210606,5,22.0,22.0,22.0,22.0,22.0,0,17.9,0.2,85.0,0.0,191.6,7,6,6,0.0,1.5
20210606,6,22.0,22.0,22.0,22.0,22.0,0,19.8,0.7,80.0,0.0,191.6,7,6,6,0.0,1.5
20210606,7,21.0,23.0,26.0,25.0,24.0,0,21.9,0.7,70.0,0.0,191.6,7,6,6,0.0,1.5
20210606,8,22.0,22.0,22.0,22.0,22.0,0,23.5,1.5,65.0,0.0,191.6,7,6,6,0.0,1.5
20210606,9,24.0,22.0,22.0,22.0,23.0,0,24.8,1.8,56.0,0.0,191.6,7,6,6,0.0,1.0
20210606,10,22.0,22.0,22.0,25.0,23.0,0,24.8,1.8,56.0,0.0,191.6,7,6,6,0.0,1.0
20210606,11,27.0,24.0,22.0,22.0,24.0,0,26.4,2.1,61.0,0.0,191.6,7,6,6,0.0,1.0
20210606,12,22.0,22.0,22.0,22.0,22.0,0,26.7,2.1,60.0,0.0,191.6,7,6,6,0.0,1.0
20210606,13,22.0,22.0,22.0,22.0,22.0,0,27.6,1.9,54.0,0.0,191.6,7,6,6,0.0,1.0
20210606,14,22.0,24.0,27.0,24.0,24.0,0,23.9,3.2,68.0,0.0,191.6,7,6,6,0.0,1.0
20210606,15,22.0,22.0,22.0,22.0,22.0,0,25.5,1.8,65.0,0.0,191.6,7,6,6,0.0,1.0
20210606,16,24.0,22.0,23.0,22.0,23.0,0,26.1,1.1,64.0,0.0,191.6,7,6,6,0.0,1.0
20210606,17,22.0,22.0,22.0,25.0,23.0,0,27.0,3.1,53.0,0.0,191.6,7,6,6,0.0,1.0
20210606,18,27.0,22.0,22.0,22.0,23.0,0,24.5,0.9,64.0,0.0,191.6,7,6,6,0.0,1.5
20210606,19,22.0,22.0,22.0,22.0,22.0,0,24.1,1.9,64.0,0.0,191.6,7,6,6,0.0,1.5
20210606,20,22.0,22.0,22.0,22.0,22.0,0,23.5,2.8,66.0,0.0,191.6,7,6,6,0.0,1.5
20210606,21,26.0,27.0,25.0,22.0,25.0,0,21.7,0.7,77.0,0.0,191.6,7,6,6,0.0,1.5
20210606,22,23.0,23.0,23.0,22.0,23.0,0,21.6,0.8,75.0,0.0,191.6,7,6,6,0.0,1.5
20210606,23,24.0,22.0,22.0,22.0,23.0,0,22.7,2.0,70.0,0.0,191.6,7,6,6,0.0,1.5
20210607,0,22.0,22.0,22.0,25.0,23.0,0,22.4,1.6,70.0,0.0,191.6,1,7,6,0.0,1.5
20210607,1,26.0,22.0,22.0,22.0,23.0,0,21.8,2.7,71.0,0.0,191.6,1,7,6,0.0,1.5
20210607,2,22.0,21.0,21.0,22.0,22.0,0,21.0,1.8,74.0,0.0,191.6,1,7,6,0.0,1.5
20210607,3,22.0,22.0,22.0,23.0,22.0,0,20.5,2.1,74.0,0.0,191.6,1,7,6,0.0,1.5
20210607,4,22.0,26.0,26.0,23.0,24.0,0,18.7,0.6,82.0,0.0,191.6,1,7,6,0.0,1.5
20210607,5,22.0,22.0,22.0,22.0,22.0,0,19.2,0.8,80.0,0.0,191.6,1,7,6,0.0,1.5
20210607,6,24.0,21.0,22.0,22.0,22.0,0,21.8,0.5,70.0,0.0,191.6,1,7,6,0.0,1.5
20210607,7,24.0,44.0,67.0,90.0,56.0,0,23.4,1.5,68.0,0.0,191.6,1,7,6,0.0,1.5
20210607,8,151.0,169.0,182.0,182.0,171.0,876,25.8,1.1,51.0,0.0,191.6,1,7,6,1.280701754,1.5
20210607,9,179.0,166.0,157.0,162.0,166.0,490,27.3,2.3,41.0,0.0,191.6,1,7,6,0.737951807,1.0
20210607,10,137.0,176.0,159.0,171.0,161.0,1661,28.8,2.0,44.0,0.0,191.6,1,7,6,2.583203733,1.0
20210607,11,169.0,170.0,166.0,168.0,168.0,2549,27.5,2.0,51.0,0.0,191.6,1,7,6,3.787518574,1.0
20210607,12,120.0,105.0,106.0,129.0,115.0,100,26.7,2.3,54.0,0.0,191.6,1,7,6,0.217391304,1.0
20210607,13,169.0,173.0,182.0,175.0,175.0,1242,27.8,2.3,50.0,0.0,191.6,1,7,6,1.776824034,1.0
20210607,14,165.0,176.0,180.0,177.0,175.0,1430,29.2,1.3,45.0,0.0,191.6,1,7,6,2.048710602,1.0
20210607,15,135.0,166.0,175.0,174.0,163.0,3211,27.3,1.9,55.0,0.0,191.6,1,7,6,4.94,1.0
20210607,16,158.0,166.0,164.0,173.0,165.0,826,25.4,1.6,60.0,0.0,191.6,1,7,6,1.249621785,1.0
20210607,17,123.0,118.0,151.0,151.0,136.0,98,25.9,1.3,61.0,0.0,191.6,1,7,6,0.180478821,1.0
20210607,18,154.0,158.0,154.0,143.0,152.0,2299,24.4,0.2,68.0,0.0,191.6,1,7,6,3.775041051,1.5
20210607,19,141.0,147.0,131.0,99.0,130.0,1625,23.4,0.9,72.0,0.0,191.6,1,7,6,3.137065637,1.5
20210607,20,101.0,114.0,108.0,110.0,108.0,36,22.5,0.6,78.0,0.0,191.6,1,7,6,0.083140878,1.5
20210607,21,110.0,113.0,110.0,111.0,111.0,93,23.7,1.1,69.0,0.0,191.6,1,7,6,0.209459459,1.5
20210607,22,84.0,100.0,98.0,97.0,95.0,87,23.2,0.8,70.0,0.0,191.6,1,7,6,0.229551451,1.5
20210607,23,110.0,106.0,100.0,77.0,98.0,1,22.5,2.6,66.0,0.0,191.6,1,7,6,0.002544529,1.5
20210608,0,64.0,63.0,63.0,62.0,63.0,400,21.3,0.5,72.0,0.0,191.6,2,8,6,1.587301587,1.5
20210608,1,87.0,94.0,105.0,110.0,99.0,41,21.1,1.0,74.0,0.0,191.6,2,8,6,0.103535354,1.5
20210608,2,104.0,98.0,98.0,111.0,103.0,79,21.4,0.6,75.0,0.0,191.6,2,8,6,0.192214112,1.5
20210608,3,90.0,105.0,99.0,104.0,100.0,66,20.9,1.1,76.0,0.0,191.6,2,8,6,0.165829146,1.5
20210608,4,105.0,105.0,100.0,110.0,105.0,461,20.8,0.6,80.0,0.0,191.6,2,8,6,1.097619048,1.5
20210608,5,82.0,72.0,94.0,101.0,87.0,166,21.5,1.0,81.0,0.0,191.6,2,8,6,0.475644699,1.5
20210608,6,109.0,104.0,96.0,81.0,98.0,231,23.6,2.0,68.0,0.0,191.6,2,8,6,0.592307692,1.5
20210608,7,72.0,77.0,107.0,117.0,93.0,826,24.9,1.4,65.0,0.0,191.6,2,8,6,2.214477212,1.5
20210608,8,141.0,154.0,161.0,160.0,154.0,1348,27.6,1.4,60.0,0.0,191.6,2,8,6,2.188311688,1.5
20210608,9,165.0,160.0,160.0,156.0,160.0,2186,28.0,1.3,55.0,0.0,191.6,2,8,6,3.410296412,1.0
20210608,10,127.0,153.0,138.0,150.0,142.0,582,28.6,1.9,51.0,0.0,191.6,2,8,6,1.024647887,1.0
20210608,11,159.0,160.0,167.0,171.0,164.0,1904,28.0,2.8,50.0,0.0,191.6,2,8,6,2.898021309,1.0
20210608,12,106.0,87.0,94.0,124.0,103.0,154,27.5,3.7,47.0,0.0,191.6,2,8,6,0.374695864,1.0
20210608,13,157.0,174.0,168.0,160.0,165.0,938,27.1,3.2,42.0,0.0,191.6,2,8,6,1.423368741,1.0
20210608,14,156.0,164.0,167.0,176.0,166.0,1321,26.8,3.5,43.0,0.0,191.6,2,8,6,1.992458522,1.0
20210608,15,139.0,173.0,153.0,180.0,161.0,1058,26.3,2.8,45.0,0.0,191.6,2,8,6,1.640310078,1.0
20210608,16,150.0,166.0,164.0,152.0,158.0,1570,25.4,2.5,46.0,0.0,191.6,2,8,6,2.484177215,1.0
20210608,17,127.0,110.0,147.0,161.0,136.0,485,24.6,1.7,48.0,0.0,191.6,2,8,6,0.889908257,1.0
20210608,18,150.0,156.0,152.0,157.0,154.0,1743,23.5,2.0,51.0,0.0,191.6,2,8,6,2.834146341,1.5
20210608,19,155.0,144.0,140.0,128.0,142.0,915,22.9,1.4,52.0,0.0,191.6,2,8,6,1.613756614,1.5
20210608,20,134.0,132.0,117.0,132.0,129.0,103,22.4,0.9,53.0,0.0,191.6,2,8,6,0.2,1.5
20210608,21,132.0,123.0,116.0,114.0,121.0,10,21.3,0.4,57.0,0.0,191.6,2,8,6,0.020618557,1.5
20210608,22,91.0,109.0,115.0,113.0,107.0,430,20.9,0.2,57.0,0.0,191.6,2,8,6,1.004672897,1.5
20210608,23,105.0,114.0,104.0,82.0,101.0,140,21.3,1.2,57.0,0.0,191.6,2,8,6,0.345679012,1.5
20210609,0,72.0,69.0,65.0,65.0,68.0,4,20.2,0.5,65.0,0.0,191.6,3,9,6,0.014760148,1.5
20210609,1,92.0,97.0,103.0,103.0,99.0,21,19.6,0.2,71.0,0.0,191.6,3,9,6,0.053164557,1.5
20210609,2,107.0,106.0,99.0,103.0,104.0,600,19.6,0.3,72.0,0.0,191.6,3,9,6,1.445783133,1.5
20210609,3,92.0,109.0,113.0,99.0,103.0,54,18.9,1.6,74.0,0.0,191.6,3,9,6,0.130750605,1.5
20210609,4,96.0,101.0,100.0,101.0,100.0,50,18.6,0.2,79.0,0.0,191.6,3,9,6,0.125628141,1.5
20210609,5,84.0,73.0,90.0,91.0,85.0,0,19.0,1.3,84.0,0.0,191.6,3,9,6,0.0,1.5
20210609,6,102.0,100.0,106.0,105.0,103.0,246,20.4,0.7,76.0,0.0,191.6,3,9,6,0.595641646,1.5
20210609,7,105.0,115.0,150.0,140.0,128.0,746,22.5,0.9,70.0,0.0,191.6,3,9,6,1.462745098,1.5
20210609,8,158.0,169.0,174.0,174.0,169.0,648,25.0,1.0,52.0,0.0,191.6,3,9,6,0.96,1.5
20210609,9,168.0,179.0,178.0,164.0,172.0,1219,25.8,1.7,50.0,0.0,191.6,3,9,6,1.769230769,1.0
20210609,10,135.0,180.0,178.0,172.0,166.0,5042,26.5,2.3,43.0,0.0,191.6,3,9,6,7.581954887,1.0
20210609,11,168.0,166.0,178.0,174.0,172.0,777,26.8,3.1,45.0,0.0,191.6,3,9,6,1.132653061,1.0
20210609,12,119.0,102.0,96.0,122.0,110.0,0,27.6,2.3,40.0,0.0,191.6,3,9,6,0.0,1.0
20210609,13,159.0,162.0,175.0,181.0,169.0,1455,26.6,2.8,44.0,0.0,191.6,3,9,6,2.149187592,1.0
20210609,14,168.0,160.0,163.0,170.0,165.0,567,26.8,2.6,46.0,0.0,191.6,3,9,6,0.857791225,1.0
20210609,15,129.0,170.0,168.0,164.0,158.0,733,25.6,2.5,53.0,0.0,191.6,3,9,6,1.161648177,1.0
20210609,16,159.0,146.0,144.0,154.0,151.0,1098,24.8,1.4,56.0,0.0,191.6,3,9,6,1.820895522,1.0
20210609,17,108.0,104.0,144.0,161.0,129.0,705,24.3,0.9,55.0,0.0,191.6,3,9,6,1.363636364,1.0
20210609,18,156.0,156.0,161.0,145.0,155.0,181,22.1,1.1,65.0,0.0,191.6,3,9,6,0.292880259,1.5
20210609,19,148.0,136.0,131.0,111.0,132.0,2022,20.8,1.0,69.0,0.0,191.6,3,9,6,3.844106464,1.5
20210609,20,106.0,112.0,106.0,113.0,109.0,44,20.4,0.8,72.0,0.0,191.6,3,9,6,0.100686499,1.5
20210609,21,107.0,110.0,100.0,103.0,105.0,104,20.0,0.1,75.0,0.0,191.6,3,9,6,0.247619048,1.5
20210609,22,87.0,102.0,106.0,109.0,101.0,219,19.6,0.8,75.0,0.0,191.6,3,9,6,0.542079208,1.5
20210609,23,106.0,95.0,98.0,79.0,95.0,135,18.6,0.6,86.0,0.0,191.6,3,9,6,0.357142857,1.5
20210610,0,64.0,64.0,64.0,67.0,65.0,0,18.6,1.3,86.0,0.0,191.6,4,10,6,0.0,1.5
20210610,1,96.0,107.0,104.0,103.0,103.0,0,18.1,1.2,86.0,0.0,191.6,4,10,6,0.0,1.5
20210610,2,103.0,109.0,101.0,104.0,104.0,0,17.7,2.0,85.0,0.0,191.6,4,10,6,0.0,1.5
20210610,3,89.0,104.0,100.0,104.0,99.0,43,17.3,1.1,84.0,0.0,191.6,4,10,6,0.108312343,1.5
20210610,4,108.0,106.0,106.0,104.0,106.0,133,17.3,1.4,84.0,0.0,191.6,4,10,6,0.313679245,1.5
20210610,5,94.0,81.0,91.0,98.0,91.0,61,17.8,0.3,85.0,0.0,191.6,4,10,6,0.167582418,1.5
20210610,6,106.0,100.0,102.0,107.0,104.0,80,19.8,0.9,80.0,0.0,191.6,4,10,6,0.192771084,1.5
20210610,7,106.0,106.0,131.0,131.0,119.0,738,20.7,0.8,76.0,0.0,191.6,4,10,6,1.556962025,1.5
20210610,8,142.0,157.0,156.0,165.0,155.0,493,22.1,1.1,60.0,0.0,191.6,4,10,6,0.79516129,1.5
20210610,9,166.0,163.0,169.0,166.0,166.0,32,24.2,1.0,62.0,0.0,191.6,4,10,6,0.048192771,1.0
20210610,10,134.0,169.0,177.0,175.0,164.0,2032,25.7,1.5,58.0,0.0,191.6,4,10,6,3.102290076,1.0
20210610,11,161.0,149.0,168.0,165.0,161.0,829,27.2,2.0,59.0,0.0,191.6,4,10,6,1.289269051,1.0
20210610,12,116.0,101.0,102.0,125.0,111.0,1000,26.4,1.9,66.0,0.0,191.6,4,10,6,2.252252252,1.0
20210610,13,158.0,145.0,156.0,151.0,153.0,1013,25.1,2.1,72.0,0.0,191.6,4,10,6,1.660655738,1.0
20210610,14,153.0,162.0,169.0,165.0,162.0,481,23.9,1.7,78.0,0.0,191.6,4,10,6,0.741140216,1.0
20210610,15,128.0,162.0,161.0,158.0,152.0,364,23.5,1.5,83.0,0.0,191.6,4,10,6,0.597701149,1.0
20210610,16,154.0,156.0,150.0,150.0,153.0,2990,23.0,1.1,84.0,0.0,191.6,4,10,6,4.901639344,1.0
20210610,17,123.0,118.0,143.0,135.0,130.0,669,23.1,0.6,84.0,0.0,191.6,4,10,6,1.289017341,1.0
20210610,18,122.0,123.0,123.0,121.0,122.0,529,22.2,1.5,90.0,0.0,191.6,4,10,6,1.081799591,1.5
20210610,19,120.0,123.0,122.0,128.0,123.0,1095,22.2,1.1,91.0,0.0,191.6,4,10,6,2.221095335,1.5
20210610,20,122.0,124.0,142.0,145.0,133.0,31,22.7,0.8,86.0,0.0,191.6,4,10,6,0.058161351,1.5
20210610,21,141.0,132.0,128.0,115.0,129.0,300,22.5,1.3,83.0,0.0,191.6,4,10,6,0.581395349,1.5
20210610,22,108.0,124.0,122.0,116.0,118.0,201,22.6,0.9,83.0,0.0,191.6,4,10,6,0.427659574,1.5
20210610,23,115.0,113.0,103.0,88.0,105.0,153,23.6,2.0,77.0,0.0,191.6,4,10,6,0.365155131,1.5
20210611,0,72.0,70.0,69.0,68.0,70.0,52,23.5,1.7,78.0,0.0,191.6,5,11,6,0.186379928,1.5
20210611,1,100.0,103.0,112.0,113.0,107.0,176,22.3,0.4,88.0,0.2,191.6,5,11,6,0.411214953,1.5
20210611,2,106.0,95.0,105.0,111.0,104.0,180,21.5,0.6,94.0,0.6,191.6,5,11,6,0.431654676,1.5
20210611,3,98.0,107.0,103.0,96.0,101.0,20,21.5,2.0,97.0,1.1,191.6,5,11,6,0.04950495,1.5
20210611,4,113.0,114.0,110.0,108.0,111.0,0,20.9,0.9,98.0,1.4,191.6,5,11,6,0.0,1.5
20210611,5,83.0,76.0,97.0,103.0,90.0,496,21.2,2.8,98.0,2.1,191.6,5,11,6,1.381615599,1.5
20210611,6,107.0,107.0,107.0,100.0,105.0,110,20.3,1.5,98.0,5.2,191.6,5,11,6,0.26128266,1.5
20210611,7,113.0,127.0,149.0,143.0,133.0,1170,20.9,3.6,98.0,6.6,191.6,5,11,6,2.19924812,1.5
20210611,8,155.0,175.0,171.0,169.0,168.0,497,20.7,4.2,95.0,6.6,191.6,5,11,6,0.741791045,1.5
20210611,9,172.0,157.0,168.0,175.0,168.0,569,20.4,4.0,98.0,7.5,191.6,5,11,6,0.84672619,1.0
20210611,10,127.0,165.0,168.0,164.0,156.0,921,20.6,3.8,98.0,8.5,191.6,5,11,6,1.475961538,1.0
20210611,11,174.0,165.0,168.0,164.0,168.0,3102,19.9,3.2,98.0,10.5,191.6,5,11,6,4.62295082,1.0
20210611,12,108.0,93.0,93.0,122.0,104.0,436,20.4,1.7,98.0,11.3,191.6,5,11,6,1.048076923,1.0
20210611,13,160.0,149.0,155.0,150.0,154.0,1017,20.5,2.6,98.0,11.5,191.6,5,11,6,1.656351792,1.0
20210611,14,160.0,157.0,160.0,157.0,159.0,829,20.6,1.0,98.0,11.8,191.6,5,11,6,1.307570978,1.0
20210611,15,126.0,159.0,160.0,153.0,150.0,972,20.6,1.0,98.0,11.8,191.6,5,11,6,1.62541806,1.0
20210611,16,153.0,151.0,163.0,160.0,157.0,1834,20.8,0.8,98.0,12.6,191.6,5,11,6,2.925039872,1.0
20210611,17,119.0,107.0,158.0,159.0,136.0,1114,20.7,0.5,98.0,13.3,191.6,5,11,6,2.051565378,1.0
20210611,18,152.0,143.0,145.0,139.0,145.0,986,20.8,0.7,98.0,19.2,191.6,5,11,6,1.702936097,1.5
20210611,19,142.0,135.0,142.0,125.0,136.0,1237,20.7,0.8,98.0,27.8,191.6,5,11,6,2.273897059,1.5
20210611,20,113.0,120.0,130.0,120.0,121.0,237,20.4,0.9,98.0,29.9,191.6,5,11,6,0.49068323,1.5
20210611,21,116.0,106.0,111.0,104.0,109.0,108,20.3,0.0,98.0,30.1,191.6,5,11,6,0.247139588,1.5
20210611,22,92.0,105.0,110.0,109.0,104.0,42,20.4,0.1,98.0,30.3,191.6,5,11,6,0.100961538,1.5
20210611,23,101.0,110.0,105.0,83.0,100.0,16,20.4,0.2,98.0,30.3,191.6,5,11,6,0.040100251,1.5
20210612,0,71.0,64.0,65.0,65.0,66.0,0,20.3,0.4,98.0,0.1,191.6,6,12,6,0.0,1.5
20210612,1,97.0,106.0,111.0,110.0,106.0,77,20.6,0.8,98.0,0.1,191.6,6,12,6,0.181603774,1.5
20210612,2,107.0,100.0,98.0,111.0,104.0,1424,20.5,1.3,98.0,0.1,191.6,6,12,6,3.423076923,1.5
20210612,3,95.0,112.0,112.0,107.0,107.0,98,20.5,0.7,98.0,0.1,191.6,6,12,6,0.230046948,1.5
20210612,4,105.0,108.0,113.0,109.0,109.0,56,20.6,1.1,98.0,0.1,191.6,6,12,6,0.128735632,1.5
20210612,5,80.0,73.0,97.0,110.0,90.0,44,20.8,0.9,98.0,0.1,191.6,6,12,6,0.122222222,1.5
20210612,6,104.0,96.0,106.0,103.0,102.0,658,20.9,0.1,98.0,1.5,191.6,6,12,6,1.608801956,1.5
20210612,7,92.0,90.0,68.0,32.0,71.0,65,21.0,0.6,98.0,3.2,191.6,6,12,6,0.230496454,1.5
20210612,8,22.0,22.0,24.0,23.0,23.0,0,21.2,1.4,98.0,4.6,191.6,6,12,6,0.0,1.5
20210612,9,24.0,24.0,24.0,28.0,25.0,0,21.6,1.2,98.0,6.1,191.6,6,12,6,0.0,1.0
20210612,10,29.0,25.0,25.0,25.0,26.0,0,22.0,1.3,98.0,6.1,191.6,6,12,6,0.0,1.0
20210612,11,24.0,25.0,29.0,27.0,26.0,0,22.5,1.2,98.0,6.1,191.6,6,12,6,0.0,1.0
20210612,12,25.0,25.0,24.0,24.0,25.0,0,22.0,1.3,98.0,6.1,191.6,6,12,6,0.0,1.0
20210612,13,27.0,22.0,22.0,21.0,23.0,0,21.5,1.9,98.0,6.1,191.6,6,12,6,0.0,1.0
20210612,14,22.0,23.0,22.0,22.0,22.0,0,21.7,0.8,98.0,6.5,191.6,6,12,6,0.0,1.0
20210612,15,22.0,23.0,23.0,22.0,23.0,0,21.6,0.9,98.0,7.3,191.6,6,12,6,0.0,1.0
20210612,16,26.0,27.0,23.0,23.0,25.0,0,21.7,1.0,98.0,7.6,191.6,6,12,6,0.0,1.0
20210612,17,23.0,22.0,22.0,23.0,23.0,0,21.5,0.6,98.0,7.7,191.6,6,12,6,0.0,1.0
20210612,18,22.0,22.0,22.0,22.0,22.0,0,21.3,1.0,98.0,7.7,191.6,6,12,6,0.0,1.5
20210612,19,23.0,22.0,26.0,27.0,25.0,0,20.9,0.5,98.0,7.8,191.6,6,12,6,0.0,1.5
20210612,20,23.0,22.0,22.0,23.0,23.0,0,21.0,0.7,98.0,7.8,191.6,6,12,6,0.0,1.5
20210612,21,23.0,23.0,22.0,23.0,23.0,0,20.7,0.8,98.0,7.8,191.6,6,12,6,0.0,1.5
20210612,22,23.0,23.0,22.0,22.0,23.0,0,20.6,0.4,98.0,7.8,191.6,6,12,6,0.0,1.5
20210612,23,26.0,27.0,22.0,22.0,24.0,0,20.7,0.1,98.0,7.8,191.6,6,12,6,0.0,1.5
20210613,0,23.0,22.0,23.0,22.0,23.0,0,20.7,0.9,98.0,0.0,191.6,7,13,6,0.0,1.5
20210613,1,22.0,22.0,22.0,21.0,22.0,0,20.8,1.0,98.0,0.0,191.6,7,13,6,0.0,1.5
20210613,2,22.0,24.0,27.0,25.0,25.0,0,20.7,1.4,98.0,0.0,191.6,7,13,6,0.0,1.5
20210613,3,22.0,22.0,22.0,22.0,22.0,0,20.8,0.9,98.0,0.0,191.6,7,13,6,0.0,1.5
20210613,4,22.0,22.0,23.0,23.0,23.0,0,20.9,1.0,98.0,0.0,191.6,7,13,6,0.0,1.5
20210613,5,22.0,22.0,22.0,23.0,22.0,0,20.8,1.4,98.0,0.0,191.6,7,13,6,0.0,1.5
20210613,6,25.0,26.0,22.0,22.0,24.0,0,22.2,0.6,98.0,0.0,191.6,7,13,6,0.0,1.5
20210613,7,22.0,22.0,22.0,21.0,22.0,0,22.4,0.8,98.0,0.0,191.6,7,13,6,0.0,1.5
20210613,8,21.0,22.0,21.0,22.0,22.0,0,23.7,0.4,94.0,0.0,191.6,7,13,6,0.0,1.5
20210613,9,22.0,24.0,26.0,24.0,24.0,0,24.4,0.9,85.0,0.0,191.6,7,13,6,0.0,1.0
20210613,10,22.0,22.0,22.0,23.0,22.0,0,25.2,2.0,86.0,0.0,191.6,7,13,6,0.0,1.0
20210613,11,22.0,22.0,22.0,22.0,22.0,0,24.8,1.7,86.0,0.0,191.6,7,13,6,0.0,1.0
20210613,12,23.0,23.0,23.0,27.0,24.0,0,26.3,1.6,78.0,0.0,191.6,7,13,6,0.0,1.0
20210613,13,25.0,22.0,23.0,22.0,23.0,0,26.9,2.3,73.0,0.0,191.6,7,13,6,0.0,1.0
20210613,14,22.0,22.0,23.0,22.0,22.0,0,26.5,2.2,74.0,0.0,191.6,7,13,6,0.0,1.0
20210613,15,22.0,22.0,23.0,22.0,22.0,0,26.3,1.9,77.0,0.0,191.6,7,13,6,0.0,1.0
20210613,16,27.0,27.0,23.0,23.0,25.0,0,23.9,2.7,86.0,0.0,191.6,7,13,6,0.0,1.0
20210613,17,22.0,22.0,22.0,22.0,22.0,0,23.5,1.5,88.0,0.0,191.6,7,13,6,0.0,1.0
20210613,18,22.0,22.0,22.0,22.0,22.0,0,22.7,1.2,92.0,0.0,191.6,7,13,6,0.0,1.5
20210613,19,22.0,23.0,26.0,24.0,24.0,0,22.6,1.0,92.0,0.0,191.6,7,13,6,0.0,1.5
20210613,20,22.0,22.0,22.0,22.0,22.0,0,22.3,2.2,94.0,0.0,191.6,7,13,6,0.0,1.5
20210613,21,23.0,22.0,23.0,22.0,23.0,0,22.1,1.1,95.0,0.0,191.6,7,13,6,0.0,1.5
20210613,22,22.0,22.0,22.0,25.0,23.0,0,21.8,0.6,97.0,0.0,191.6,7,13,6,0.0,1.5
20210613,23,26.0,23.0,22.0,23.0,24.0,0,21.0,0.1,98.0,0.0,191.6,7,13,6,0.0,1.5
20210614,0,22.0,22.0,22.0,22.0,22.0,0,20.8,0.5,98.0,0.0,191.6,1,14,6,0.0,1.5
20210614,1,22.0,23.0,22.0,22.0,22.0,0,20.7,0.9,98.0,0.0,191.6,1,14,6,0.0,1.5
20210614,2,22.0,27.0,26.0,22.0,24.0,0,20.6,0.2,98.0,0.0,191.6,1,14,6,0.0,1.5
20210614,3,22.0,22.0,22.0,22.0,22.0,0,20.0,0.2,98.0,0.0,191.6,1,14,6,0.0,1.5
20210614,4,22.0,24.0,23.0,22.0,23.0,0,20.3,0.7,98.0,0.0,191.6,1,14,6,0.0,1.5
20210614,5,22.0,22.0,23.0,27.0,24.0,0,20.0,0.9,98.0,0.0,191.6,1,14,6,0.0,1.5
20210614,6,25.0,22.0,22.0,22.0,23.0,0,20.6,1.1,98.0,0.0,191.6,1,14,6,0.0,1.5
20210614,7,26.0,38.0,71.0,112.0,62.0,0,21.5,1.5,98.0,0.0,191.6,1,14,6,0.0,1.5
20210614,8,154.0,175.0,197.0,204.0,183.0,218,23.0,1.9,90.0,0.0,191.6,1,14,6,0.298630137,1.5
20210614,9,185.0,178.0,170.0,180.0,178.0,701,25.1,1.5,75.0,0.0,191.6,1,14,6,0.983169705,1.0
20210614,10,157.0,180.0,180.0,167.0,171.0,434,23.8,3.5,79.0,0.0,191.6,1,14,6,0.634502924,1.0
20210614,11,173.0,190.0,187.0,175.0,181.0,1351,24.4,3.8,78.0,0.0,191.6,1,14,6,1.863448276,1.0
20210614,12,123.0,104.0,108.0,140.0,119.0,0,23.9,3.3,80.0,0.0,191.6,1,14,6,0.0,1.0
20210614,13,175.0,187.0,192.0,188.0,186.0,2839,22.4,3.1,88.0,0.0,191.6,1,14,6,3.826145553,1.0
20210614,14,185.0,174.0,172.0,176.0,177.0,984,23.2,2.7,83.0,0.0,191.6,1,14,6,1.391796322,1.0
20210614,15,148.0,181.0,190.0,192.0,178.0,960,23.0,3.0,86.0,0.0,191.6,1,14,6,1.35021097,1.0
20210614,16,180.0,168.0,169.0,168.0,171.0,744,22.3,3.0,90.0,0.0,191.6,1,14,6,1.086131387,1.0
20210614,17,130.0,117.0,159.0,179.0,146.0,1417,21.9,2.6,89.0,0.0,191.6,1,14,6,2.422222222,1.0
20210614,18,182.0,182.0,169.0,158.0,173.0,829,21.3,2.4,91.0,0.0,191.6,1,14,6,1.199710564,1.5
20210614,19,164.0,158.0,157.0,122.0,150.0,2256,20.8,2.0,94.0,0.0,191.6,1,14,6,3.75374376,1.5
20210614,20,109.0,121.0,121.0,126.0,119.0,2,20.8,1.1,94.0,0.0,191.6,1,14,6,0.004192872,1.5
20210614,21,120.0,122.0,125.0,125.0,123.0,380,21.0,1.1,93.0,0.0,191.6,1,14,6,0.772357724,1.5
20210614,22,100.0,108.0,109.0,129.0,112.0,0,20.9,1.9,94.0,0.0,191.6,1,14,6,0.0,1.5
20210614,23,118.0,113.0,106.0,90.0,107.0,18,20.6,1.1,97.0,0.0,191.6,1,14,6,0.042154567,1.5
20210615,0,83.0,77.0,72.0,72.0,76.0,468,20.4,0.9,98.0,0.0,191.6,2,15,6,1.539473684,1.5
20210615,1,100.0,110.0,115.0,116.0,110.0,0,20.4,0.6,98.0,0.0,191.6,2,15,6,0.0,1.5
20210615,2,114.0,117.0,121.0,117.0,117.0,110,20.6,1.0,96.0,0.0,191.6,2,15,6,0.234541578,1.5
20210615,3,104.0,119.0,117.0,123.0,116.0,69,20.4,1.2,94.0,0.0,191.6,2,15,6,0.149028078,1.5
20210615,4,122.0,111.0,100.0,106.0,110.0,69,20.4,1.2,94.0,0.0,191.6,2,15,6,0.157175399,1.5
20210615,5,94.0,87.0,96.0,112.0,97.0,0,20.4,0.9,95.0,0.0,191.6,2,15,6,0.0,1.5
20210615,6,121.0,118.0,117.0,117.0,118.0,128,20.7,0.8,96.0,0.0,191.6,2,15,6,0.270613108,1.5
20210615,7,116.0,119.0,144.0,150.0,132.0,1228,22.0,1.3,90.0,0.0,191.6,2,15,6,2.321361059,1.5
20210615,8,176.0,196.0,198.0,181.0,188.0,2120,22.0,2.2,88.0,0.0,191.6,2,15,6,2.822902796,1.5
20210615,9,184.0,195.0,176.0,188.0,186.0,1455,21.5,2.2,90.0,0.0,191.6,2,15,6,1.958277254,1.0
20210615,10,138.0,174.0,181.0,164.0,164.0,1189,21.9,2.4,88.0,0.0,191.6,2,15,6,1.809741248,1.0
20210615,11,162.0,180.0,167.0,184.0,173.0,1370,21.8,2.5,90.0,0.0,191.6,2,15,6,1.976911977,1.0
20210615,12,128.0,105.0,92.0,122.0,112.0,274,21.7,1.6,90.0,0.0,191.6,2,15,6,0.612975391,1.0
20210615,13,168.0,177.0,170.0,170.0,171.0,2845,21.4,2.4,92.0,0.0,191.6,2,15,6,4.153284672,1.0
20210615,14,182.0,181.0,173.0,172.0,177.0,923,21.2,1.9,93.0,0.0,191.6,2,15,6,1.303672316,1.0
20210615,15,137.0,168.0,171.0,176.0,163.0,994,21.0,2.1,97.0,0.0,191.6,2,15,6,1.524539877,1.0
20210615,16,166.0,172.0,181.0,160.0,170.0,3214,20.6,1.9,98.0,0.3,191.6,2,15,6,4.733431517,1.0
20210615,17,118.0,108.0,149.0,159.0,134.0,602,20.7,0.6,98.0,1.0,191.6,2,15,6,1.127340824,1.0
20210615,18,161.0,161.0,153.0,170.0,161.0,2017,20.6,1.0,98.0,1.1,191.6,2,15,6,3.127131783,1.5
20210615,19,162.0,159.0,154.0,147.0,156.0,1905,20.5,3.2,98.0,2.7,191.6,2,15,6,3.062700965,1.5
20210615,20,133.0,131.0,127.0,120.0,128.0,1,20.0,2.6,98.0,4.1,191.6,2,15,6,0.001956947,1.5
20210615,21,124.0,131.0,129.0,124.0,127.0,338,19.5,2.3,98.0,5.5,191.6,2,15,6,0.665354331,1.5
20210615,22,108.0,111.0,116.0,123.0,115.0,24,18.4,3.1,98.0,6.2,191.6,2,15,6,0.052401747,1.5
20210615,23,116.0,120.0,110.0,85.0,108.0,191,18.3,2.2,98.0,7.6,191.6,2,15,6,0.443155452,1.5
20210616,0,76.0,73.0,71.0,72.0,73.0,550,18.7,2.6,98.0,0.2,191.6,3,16,6,1.883561644,1.5
20210616,1,100.0,115.0,120.0,109.0,111.0,22,18.2,2.8,98.0,1.0,191.6,3,16,6,0.04954955,1.5
20210616,2,106.0,117.0,116.0,117.0,114.0,175,18.3,3.1,98.0,3.7,191.6,3,16,6,0.38377193,1.5
20210616,3,106.0,113.0,114.0,113.0,112.0,453,18.5,2.9,98.0,5.8,191.6,3,16,6,1.015695067,1.5
20210616,4,118.0,115.0,113.0,102.0,112.0,85,18.7,2.8,98.0,6.4,191.6,3,16,6,0.189732143,1.5
20210616,5,79.0,75.0,102.0,111.0,92.0,226,18.9,2.9,98.0,7.5,191.6,3,16,6,0.615803815,1.5
20210616,6,114.0,119.0,121.0,105.0,115.0,194,18.9,2.9,98.0,8.9,191.6,3,16,6,0.422657952,1.5
20210616,7,96.0,116.0,148.0,161.0,130.0,682,19.2,2.7,98.0,10.6,191.6,3,16,6,1.309021113,1.5
20210616,8,170.0,185.0,180.0,173.0,177.0,1140,19.3,3.2,98.0,11.4,191.6,3,16,6,1.610169492,1.5
20210616,9,171.0,168.0,187.0,192.0,180.0,1405,19.2,2.2,98.0,14.3,191.6,3,16,6,1.956824513,1.0
20210616,10,150.0,179.0,193.0,190.0,178.0,873,19.3,3.1,98.0,15.4,191.6,3,16,6,1.226123596,1.0
20210616,11,186.0,172.0,175.0,170.0,176.0,376,19.5,3.4,98.0,15.4,191.6,3,16,6,0.53485064,1.0
20210616,12,120.0,104.0,95.0,116.0,109.0,776,19.8,3.7,96.0,15.4,191.6,3,16,6,1.783908046,1.0
20210616,13,158.0,175.0,172.0,171.0,169.0,908,19.8,3.5,95.0,15.4,191.6,3,16,6,1.343195266,1.0
20210616,14,167.0,169.0,172.0,174.0,171.0,2028,19.7,4.1,97.0,15.4,191.6,3,16,6,2.973607038,1.0
20210616,15,138.0,177.0,180.0,157.0,163.0,1068,19.9,3.7,96.0,15.4,191.6,3,16,6,1.63803681,1.0
20210616,16,165.0,171.0,177.0,160.0,168.0,1631,19.4,2.4,98.0,15.4,191.6,3,16,6,2.423476969,1.0
20210616,17,133.0,139.0,166.0,177.0,154.0,69,19.4,3.2,98.0,15.9,191.6,3,16,6,0.112195122,1.0
20210616,18,177.0,169.0,163.0,162.0,168.0,914,19.2,4.2,98.0,15.9,191.6,3,16,6,1.362146051,1.5
20210616,19,152.0,145.0,142.0,117.0,139.0,2889,19.3,4.1,98.0,15.9,191.6,3,16,6,5.196043165,1.5
20210616,20,108.0,112.0,120.0,115.0,114.0,289,18.9,3.4,98.0,15.9,191.6,3,16,6,0.635164835,1.5
20210616,21,110.0,120.0,117.0,123.0,118.0,31,18.9,3.3,97.0,16.0,191.6,3,16,6,0.065957447,1.5
20210616,22,102.0,102.0,99.0,107.0,103.0,201,18.4,3.2,98.0,16.2,191.6,3,16,6,0.490243902,1.5
20210616,23,107.0,119.0,111.0,85.0,106.0,0,18.1,3.1,98.0,16.2,191.6,3,16,6,0.0,1.5
20210617,0,72.0,72.0,72.0,71.0,72.0,0,17.6,2.4,98.0,0.4,191.6,4,17,6,0.0,1.5
20210617,1,96.0,104.0,108.0,118.0,107.0,29,17.3,2.4,98.0,0.7,191.6,4,17,6,0.068075117,1.5
20210617,2,115.0,117.0,107.0,110.0,112.0,141,17.1,2.3,98.0,0.9,191.6,4,17,6,0.31403118,1.5
20210617,3,112.0,118.0,120.0,115.0,116.0,36,17.1,2.1,98.0,1.0,191.6,4,17,6,0.077419355,1.5
20210617,4,111.0,110.0,114.0,115.0,113.0,160,16.9,2.5,98.0,1.2,191.6,4,17,6,0.355555556,1.5
20210617,5,98.0,83.0,96.0,112.0,97.0,16,16.9,2.0,98.0,1.3,191.6,4,17,6,0.041131105,1.5
20210617,6,118.0,116.0,126.0,122.0,121.0,231,17.4,2.9,98.0,1.3,191.6,4,17,6,0.479253112,1.5
20210617,7,120.0,124.0,162.0,158.0,141.0,591,18.0,2.5,98.0,1.3,191.6,4,17,6,1.04787234,1.5
20210617,8,178.0,193.0,197.0,193.0,190.0,1191,18.3,2.8,97.0,1.3,191.6,4,17,6,1.565045992,1.5
20210617,9,188.0,180.0,173.0,179.0,180.0,987,18.6,2.4,95.0,1.3,191.6,4,17,6,1.370833333,1.0
20210617,10,142.0,170.0,177.0,175.0,166.0,711,19.2,1.6,93.0,1.3,191.6,4,17,6,1.070783133,1.0
20210617,11,188.0,190.0,177.0,177.0,183.0,3403,19.6,2.2,92.0,1.3,191.6,4,17,6,4.648907104,1.0
20210617,12,116.0,88.0,85.0,123.0,103.0,202,19.4,2.2,91.0,1.3,191.6,4,17,6,0.490291262,1.0
20210617,13,169.0,188.0,192.0,182.0,183.0,1735,20.2,1.5,89.0,1.3,191.6,4,17,6,2.373461012,1.0
20210617,14,171.0,179.0,176.0,189.0,179.0,802,20.2,1.8,88.0,1.3,191.6,4,17,6,1.121678322,1.0
20210617,15,147.0,179.0,179.0,174.0,170.0,1135,20.7,1.5,85.0,1.3,191.6,4,17,6,1.671575847,1.0
20210617,16,166.0,164.0,170.0,174.0,169.0,358,20.0,1.4,86.0,1.3,191.6,4,17,6,0.53115727,1.0
20210617,17,132.0,118.0,144.0,158.0,138.0,991,19.6,1.1,89.0,1.3,191.6,4,17,6,1.795289855,1.0
20210617,18,171.0,166.0,177.0,167.0,170.0,1558,19.0,1.0,92.0,1.3,191.6,4,17,6,2.287812041,1.5
20210617,19,160.0,160.0,169.0,147.0,159.0,2358,18.8,1.1,92.0,1.3,191.6,4,17,6,3.70754717,1.5
20210617,20,133.0,143.0,143.0,135.0,139.0,6,18.7,1.0,93.0,1.3,191.6,4,17,6,0.010830325,1.5
20210617,21,125.0,134.0,125.0,123.0,127.0,2,18.7,0.0,95.0,1.3,191.6,4,17,6,0.003944773,1.5
20210617,22,119.0,128.0,126.0,127.0,125.0,28,18.8,0.7,96.0,1.3,191.6,4,17,6,0.056,1.5
20210617,23,125.0,120.0,105.0,94.0,111.0,10,18.8,0.7,96.0,1.3,191.6,4,17,6,0.022522523,1.5
20210618,0,90.0,82.0,75.0,73.0,80.0,200,18.5,0.7,98.0,0.2,191.6,5,18,6,0.625,1.5
20210618,1,98.0,117.0,117.0,115.0,112.0,191,18.3,0.2,98.0,0.5,191.6,5,18,6,0.427293065,1.5
20210618,2,117.0,121.0,117.0,105.0,115.0,98,18.3,0.4,98.0,0.5,191.6,5,18,6,0.213043478,1.5
20210618,3,101.0,118.0,126.0,111.0,114.0,185,18.1,0.3,98.0,0.7,191.6,5,18,6,0.405701754,1.5
20210618,4,104.0,110.0,117.0,115.0,112.0,0,17.9,0.6,98.0,1.5,191.6,5,18,6,0.0,1.5
20210618,5,96.0,90.0,100.0,120.0,102.0,0,17.9,0.5,98.0,2.6,191.6,5,18,6,0.0,1.5
20210618,6,123.0,122.0,123.0,114.0,121.0,460,18.4,0.1,98.0,2.8,191.6,5,18,6,0.954356846,1.5
20210618,7,112.0,125.0,138.0,157.0,133.0,1086,18.8,0.7,98.0,2.9,191.6,5,18,6,2.041353383,1.5
20210618,8,166.0,153.0,150.0,177.0,162.0,470,19.6,0.4,98.0,2.9,191.6,5,18,6,0.72755418,1.5
20210618,9,168.0,162.0,166.0,186.0,171.0,680,20.3,0.9,98.0,2.9,191.6,5,18,6,0.997067449,1.0
20210618,10,156.0,179.0,168.0,156.0,165.0,771,22.7,0.9,92.0,2.9,191.6,5,18,6,1.169954476,1.0
20210618,11,165.0,185.0,182.0,177.0,177.0,982,23.2,1.3,80.0,2.9,191.6,5,18,6,1.385049365,1.0
20210618,12,104.0,88.0,90.0,124.0,102.0,235,23.4,1.0,83.0,2.9,191.6,5,18,6,0.578817734,1.0
20210618,13,170.0,180.0,176.0,171.0,174.0,2310,25.0,1.6,77.0,2.9,191.6,5,18,6,3.31420373,1.0
20210618,14,170.0,166.0,153.0,165.0,164.0,1500,24.7,1.2,78.0,2.9,191.6,5,18,6,2.293577982,1.0
20210618,15,130.0,170.0,168.0,154.0,156.0,805,23.1,1.6,83.0,2.9,191.6,5,18,6,1.294212219,1.0
20210618,16,156.0,161.0,174.0,156.0,162.0,1065,22.5,1.5,87.0,2.9,191.6,5,18,6,1.646058733,1.0
20210618,17,140.0,133.0,153.0,164.0,148.0,527,22.2,1.0,90.0,2.9,191.6,5,18,6,0.893220339,1.0
20210618,18,154.0,146.0,150.0,151.0,150.0,766,22.4,0.3,90.0,2.9,191.6,5,18,6,1.274542429,1.5
20210618,19,139.0,138.0,142.0,131.0,138.0,3528,21.8,0.0,95.0,2.9,191.6,5,18,6,6.414545455,1.5
20210618,20,119.0,124.0,114.0,112.0,117.0,322,21.6,1.8,94.0,2.9,191.6,5,18,6,0.686567164,1.5
20210618,21,108.0,115.0,110.0,121.0,114.0,92,21.2,0.6,93.0,2.9,191.6,5,18,6,0.202643172,1.5
20210618,22,117.0,115.0,116.0,108.0,114.0,33,21.3,1.3,95.0,2.9,191.6,5,18,6,0.072368421,1.5
20210618,23,116.0,120.0,109.0,80.0,106.0,70,21.1,1.5,96.0,2.9,191.6,5,18,6,0.164705882,1.5
20210619,0,70.0,67.0,65.0,65.0,67.0,104,20.5,1.3,98.0,0.0,191.6,6,19,6,0.389513109,1.5
20210619,1,95.0,114.0,114.0,118.0,110.0,102,20.5,2.1,95.0,0.0,191.6,6,19,6,0.231292517,1.5
20210619,2,119.0,116.0,111.0,114.0,115.0,6,20.2,1.4,91.0,0.0,191.6,6,19,6,0.013043478,1.5
20210619,3,92.0,109.0,99.0,98.0,100.0,50,19.4,1.7,88.0,0.0,191.6,6,19,6,0.125628141,1.5
20210619,4,105.0,108.0,114.0,110.0,109.0,0,20.2,2.1,82.0,0.0,191.6,6,19,6,0.0,1.5
20210619,5,85.0,76.0,90.0,102.0,88.0,3,20.6,2.5,80.0,0.0,191.6,6,19,6,0.008498584,1.5
20210619,6,109.0,105.0,103.0,94.0,103.0,450,22.1,2.8,73.0,0.0,191.6,6,19,6,1.094890511,1.5
20210619,7,82.0,74.0,41.0,32.0,57.0,844,23.3,2.0,72.0,0.0,191.6,6,19,6,3.68558952,1.5
20210619,8,25.0,22.0,22.0,22.0,23.0,0,24.2,3.1,63.0,0.0,191.6,6,19,6,0.0,1.5
20210619,9,22.0,22.0,22.0,22.0,22.0,0,25.2,3.1,54.0,0.0,191.6,6,19,6,0.0,1.0
20210619,10,22.0,22.0,22.0,22.0,22.0,0,26.5,2.2,50.0,0.0,191.6,6,19,6,0.0,1.0
20210619,11,24.0,27.0,23.0,22.0,24.0,0,26.6,1.6,52.0,0.0,191.6,6,19,6,0.0,1.0
20210619,12,22.0,22.0,22.0,22.0,22.0,0,26.3,3.9,46.0,0.0,191.6,6,19,6,0.0,1.0
20210619,13,22.0,21.0,22.0,22.0,22.0,0,27.0,3.5,47.0,0.0,191.6,6,19,6,0.0,1.0
20210619,14,22.0,23.0,27.0,26.0,25.0,0,26.9,2.7,48.0,0.0,191.6,6,19,6,0.0,1.0
20210619,15,22.0,22.0,23.0,22.0,22.0,0,26.5,2.3,46.0,0.0,191.6,6,19,6,0.0,1.0
20210619,16,22.0,22.0,22.0,22.0,22.0,0,25.6,2.0,51.0,0.0,191.6,6,19,6,0.0,1.0
20210619,17,23.0,22.0,22.0,23.0,23.0,0,24.1,1.3,47.0,0.0,191.6,6,19,6,0.0,1.0
20210619,18,23.0,27.0,25.0,22.0,24.0,0,23.5,1.2,61.0,0.0,191.6,6,19,6,0.0,1.5
20210619,19,22.0,22.0,22.0,22.0,22.0,0,22.4,0.8,70.0,0.0,191.6,6,19,6,0.0,1.5
20210619,20,22.0,22.0,22.0,22.0,22.0,0,21.9,0.3,76.0,0.0,191.6,6,19,6,0.0,1.5
20210619,21,22.0,22.0,23.0,27.0,24.0,0,21.0,0.9,82.0,0.0,191.6,6,19,6,0.0,1.5
20210619,22,25.0,23.0,22.0,22.0,23.0,0,19.9,0.1,82.0,0.0,191.6,6,19,6,0.0,1.5
20210619,23,22.0,22.0,22.0,22.0,22.0,0,19.6,0.5,83.0,0.0,191.6,6,19,6,0.0,1.5
20210620,0,22.0,22.0,22.0,22.0,22.0,0,19.3,1.2,88.0,0.0,191.6,7,20,6,0.0,1.5
20210620,1,24.0,27.0,24.0,22.0,24.0,0,18.6,1.0,88.0,0.0,191.6,7,20,6,0.0,1.5
20210620,2,22.0,22.0,22.0,22.0,22.0,0,18.4,0.1,90.0,0.0,191.6,7,20,6,0.0,1.5
20210620,3,22.0,22.0,22.0,22.0,22.0,0,18.2,0.9,94.0,0.0,191.6,7,20,6,0.0,1.5
20210620,4,22.0,22.0,23.0,27.0,24.0,0,17.5,0.5,95.0,0.0,191.6,7,20,6,0.0,1.5
20210620,5,26.0,22.0,22.0,22.0,23.0,0,18.0,0.7,94.0,0.0,191.6,7,20,6,0.0,1.5
20210620,6,22.0,22.0,22.0,22.0,22.0,0,20.1,1.3,86.0,0.0,191.6,7,20,6,0.0,1.5
20210620,7,21.0,21.0,22.0,22.0,22.0,0,21.8,1.6,79.0,0.0,191.6,7,20,6,0.0,1.5
20210620,8,23.0,26.0,24.0,22.0,24.0,0,23.5,1.1,70.0,0.0,191.6,7,20,6,0.0,1.5
20210620,9,22.0,22.0,22.0,22.0,22.0,0,25.5,1.0,61.0,0.0,191.6,7,20,6,0.0,1.0
20210620,10,22.0,22.0,22.0,22.0,22.0,0,25.9,1.6,67.0,0.0,191.6,7,20,6,0.0,1.0
20210620,11,22.0,23.0,27.0,25.0,24.0,0,26.9,2.0,63.0,0.0,191.6,7,20,6,0.0,1.0
20210620,12,22.0,22.0,22.0,22.0,22.0,0,26.8,2.2,64.0,0.0,191.6,7,20,6,0.0,1.0
20210620,13,23.0,22.0,22.0,22.0,22.0,0,26.2,2.3,62.0,0.0,191.6,7,20,6,0.0,1.0
20210620,14,22.0,22.0,23.0,24.0,23.0,0,27.0,1.9,67.0,0.0,191.6,7,20,6,0.0,1.0
20210620,15,28.0,24.0,23.0,23.0,25.0,0,27.6,1.8,61.0,0.0,191.6,7,20,6,0.0,1.0
20210620,16,23.0,22.0,24.0,24.0,23.0,0,28.0,1.7,58.0,0.0,191.6,7,20,6,0.0,1.0
20210620,17,24.0,23.0,23.0,22.0,23.0,0,27.6,1.2,58.0,0.0,191.6,7,20,6,0.0,1.0
20210620,18,22.0,26.0,26.0,23.0,24.0,0,25.9,1.2,63.0,0.0,191.6,7,20,6,0.0,1.5
20210620,19,23.0,22.0,23.0,22.0,23.0,0,23.7,0.7,76.0,0.0,191.6,7,20,6,0.0,1.5
20210620,20,22.0,22.0,22.0,22.0,22.0,0,22.5,1.2,84.0,0.0,191.6,7,20,6,0.0,1.5
20210620,21,23.0,23.0,26.0,27.0,25.0,0,22.0,0.0,86.0,0.0,191.6,7,20,6,0.0,1.5
20210620,22,23.0,23.0,22.0,22.0,23.0,0,21.7,0.2,87.0,0.0,191.6,7,20,6,0.0,1.5
20210620,23,23.0,22.0,22.0,23.0,23.0,0,21.1,0.1,90.0,0.0,191.6,7,20,6,0.0,1.5
20210621,0,23.0,22.0,23.0,25.0,23.0,0,20.6,0.6,92.0,0.0,191.6,1,21,6,0.0,1.5
20210621,1,28.0,23.0,22.0,22.0,24.0,0,19.9,0.0,96.0,0.0,191.6,1,21,6,0.0,1.5
20210621,2,23.0,22.0,22.0,22.0,22.0,0,20.1,0.4,95.0,0.0,191.6,1,21,6,0.0,1.5
20210621,3,23.0,22.0,23.0,22.0,23.0,0,19.3,0.5,96.0,0.0,191.6,1,21,6,0.0,1.5
20210621,4,24.0,27.0,24.0,23.0,25.0,0,19.6,2.0,86.0,0.0,191.6,1,21,6,0.0,1.5
20210621,5,23.0,22.0,22.0,22.0,22.0,0,21.2,2.4,69.0,0.0,191.6,1,21,6,0.0,1.5
20210621,6,22.0,22.0,22.0,23.0,22.0,0,22.7,1.1,57.0,0.0,191.6,1,21,6,0.0,1.5
20210621,7,29.0,38.0,62.0,101.0,58.0,0,24.0,1.5,61.0,0.0,191.6,1,21,6,0.0,1.5
20210621,8,148.0,196.0,208.0,206.0,190.0,180,25.2,2.1,55.0,0.0,191.6,1,21,6,0.237467018,1.5
20210621,9,192.0,194.0,184.0,187.0,189.0,1350,26.9,2.2,46.0,0.0,191.6,1,21,6,1.78335535,1.0
20210621,10,164.0,202.0,196.0,178.0,185.0,1175,27.4,2.8,43.0,0.0,191.6,1,21,6,1.587837838,1.0
20210621,11,174.0,170.0,191.0,189.0,181.0,2287,27.8,3.1,41.0,0.0,191.6,1,21,6,3.158839779,1.0
20210621,12,132.0,102.0,98.0,126.0,115.0,24,25.2,3.7,62.0,0.0,191.6,1,21,6,0.052401747,1.0
20210621,13,178.0,190.0,191.0,199.0,190.0,642,24.8,3.9,68.0,0.0,191.6,1,21,6,0.846965699,1.0
20210621,14,178.0,182.0,201.0,196.0,189.0,1038,22.6,3.7,76.0,0.0,191.6,1,21,6,1.371202114,1.0
20210621,15,151.0,174.0,184.0,165.0,169.0,1258,21.1,2.8,82.0,0.0,191.6,1,21,6,1.866468843,1.0
20210621,16,164.0,154.0,160.0,162.0,160.0,955,22.2,1.9,79.0,0.0,191.6,1,21,6,1.4921875,1.0
20210621,17,117.0,109.0,148.0,162.0,134.0,1810,21.3,3.3,83.0,0.0,191.6,1,21,6,3.376865672,1.0
20210621,18,155.0,156.0,157.0,157.0,156.0,2438,21.0,2.9,79.0,0.0,191.6,1,21,6,3.9008,1.5
20210621,19,145.0,159.0,150.0,119.0,143.0,2118,20.2,2.0,80.0,0.0,191.6,1,21,6,3.696335079,1.5
20210621,20,115.0,133.0,134.0,125.0,127.0,137,19.9,2.5,78.0,0.0,191.6,1,21,6,0.270216963,1.5
20210621,21,121.0,122.0,133.0,131.0,127.0,72,19.4,2.1,81.0,0.0,191.6,1,21,6,0.142011834,1.5
20210621,22,100.0,118.0,117.0,121.0,114.0,100,19.0,1.9,81.0,0.0,191.6,1,21,6,0.219298246,1.5
20210621,23,124.0,130.0,113.0,82.0,112.0,56,18.9,1.6,86.0,0.0,191.6,1,21,6,0.124721604,1.5
20210622,0,69.0,71.0,74.0,71.0,71.0,226,18.3,1.2,85.0,0.0,191.6,2,22,6,0.792982456,1.5
20210622,1,93.0,112.0,109.0,118.0,108.0,24,17.8,1.2,89.0,0.0,191.6,2,22,6,0.055555556,1.5
20210622,2,118.0,110.0,103.0,120.0,113.0,0,17.3,1.4,93.0,0.0,191.6,2,22,6,0.0,1.5
20210622,3,96.0,123.0,117.0,116.0,113.0,606,16.8,1.7,95.0,0.0,191.6,2,22,6,1.340707965,1.5
20210622,4,113.0,112.0,121.0,120.0,117.0,40,17.2,1.4,93.0,0.0,191.6,2,22,6,0.08583691,1.5
20210622,5,86.0,76.0,100.0,112.0,94.0,850,17.9,1.8,89.0,0.0,191.6,2,22,6,2.272727273,1.5
20210622,6,117.0,117.0,114.0,108.0,114.0,157,18.7,1.7,87.0,0.0,191.6,2,22,6,0.344298246,1.5
20210622,7,105.0,128.0,162.0,159.0,139.0,1039,19.6,2.1,78.0,0.0,191.6,2,22,6,1.875451264,1.5
20210622,8,165.0,167.0,174.0,178.0,171.0,433,20.7,2.1,72.0,0.0,191.6,2,22,6,0.633040936,1.5
20210622,9,170.0,176.0,160.0,160.0,167.0,4451,20.9,1.4,73.0,0.0,191.6,2,22,6,6.683183183,1.0
20210622,10,140.0,175.0,189.0,185.0,172.0,1033,20.4,2.6,77.0,0.0,191.6,2,22,6,1.499274311,1.0
20210622,11,169.0,172.0,180.0,168.0,172.0,1559,21.7,1.4,74.0,0.0,191.6,2,22,6,2.262699565,1.0
20210622,12,116.0,104.0,101.0,122.0,111.0,351,22.6,2.2,70.0,0.0,191.6,2,22,6,0.792325056,1.0
20210622,13,156.0,155.0,168.0,186.0,166.0,628,22.3,2.4,70.0,0.0,191.6,2,22,6,0.944360902,1.0
20210622,14,172.0,151.0,140.0,163.0,157.0,1159,22.0,3.1,71.0,0.0,191.6,2,22,6,1.8514377,1.0
20210622,15,125.0,171.0,168.0,161.0,156.0,953,20.7,2.3,76.0,0.0,191.6,2,22,6,1.5248,1.0
20210622,16,148.0,175.0,162.0,154.0,160.0,1619,20.3,2.0,80.0,0.0,191.6,2,22,6,2.533646322,1.0
20210622,17,104.0,87.0,129.0,159.0,120.0,276,19.6,1.6,85.0,0.1,191.6,2,22,6,0.576200418,1.0
20210622,18,164.0,150.0,147.0,149.0,153.0,907,19.2,1.1,88.0,0.1,191.6,2,22,6,1.486885246,1.5
20210622,19,153.0,142.0,174.0,154.0,156.0,2535,19.3,1.8,85.0,0.1,191.6,2,22,6,4.069020867,1.5
20210622,20,133.0,134.0,129.0,134.0,133.0,59,19.3,1.7,85.0,0.1,191.6,2,22,6,0.111320755,1.5
20210622,21,123.0,128.0,128.0,123.0,126.0,112,19.5,1.5,84.0,0.1,191.6,2,22,6,0.22310757,1.5
20210622,22,98.0,122.0,118.0,116.0,114.0,123,19.0,1.9,88.0,0.1,191.6,2,22,6,0.27092511,1.5
20210622,23,131.0,120.0,114.0,88.0,113.0,144,18.9,1.1,89.0,0.1,191.6,2,22,6,0.317880795,1.5
20210623,0,70.0,69.0,69.0,68.0,69.0,126,18.6,1.8,92.0,0.0,191.6,3,23,6,0.456521739,1.5
20210623,1,97.0,105.0,102.0,106.0,103.0,61,18.2,1.8,92.0,0.0,191.6,3,23,6,0.148780488,1.5
20210623,2,119.0,123.0,123.0,113.0,120.0,46,18.2,1.6,93.0,0.0,191.6,3,23,6,0.09623431,1.5
20210623,3,92.0,99.0,108.0,113.0,103.0,150,17.4,1.6,97.0,0.0,191.6,3,23,6,0.36407767,1.5
20210623,4,116.0,111.0,109.0,111.0,112.0,41,17.2,1.1,98.0,0.0,191.6,3,23,6,0.091722595,1.5
20210623,5,86.0,72.0,98.0,125.0,95.0,1006,17.1,2.1,98.0,0.0,191.6,3,23,6,2.640419948,1.5
20210623,6,125.0,115.0,108.0,119.0,117.0,106,18.3,1.5,95.0,0.0,191.6,3,23,6,0.226980728,1.5
20210623,7,120.0,134.0,158.0,149.0,140.0,1090,19.2,1.1,89.0,0.0,191.6,3,23,6,1.942959002,1.5
20210623,8,151.0,174.0,165.0,160.0,163.0,898,19.9,0.4,84.0,0.0,191.6,3,23,6,1.381538462,1.5
20210623,9,162.0,160.0,161.0,156.0,160.0,1005,20.1,1.4,81.0,0.0,191.6,3,23,6,1.572769953,1.0
20210623,10,127.0,149.0,156.0,160.0,148.0,4520,20.5,1.7,83.0,0.0,191.6,3,23,6,7.635135135,1.0
20210623,11,166.0,152.0,152.0,153.0,156.0,1185,20.7,1.7,80.0,0.0,191.6,3,23,6,1.902086677,1.0
20210623,12,97.0,85.0,86.0,104.0,93.0,16,21.2,3.1,77.0,0.0,191.6,3,23,6,0.043010753,1.0
20210623,13,153.0,149.0,150.0,161.0,153.0,854,21.0,3.1,80.0,0.0,191.6,3,23,6,1.39314845,1.0
20210623,14,149.0,146.0,156.0,153.0,151.0,1068,20.9,3.8,78.0,0.0,191.6,3,23,6,1.768211921,1.0
20210623,15,132.0,165.0,161.0,142.0,150.0,1057,21.1,3.2,77.0,0.0,191.6,3,23,6,1.761666667,1.0
20210623,16,142.0,165.0,168.0,163.0,160.0,668,20.8,2.2,80.0,0.0,191.6,3,23,6,1.047021944,1.0
20210623,17,102.0,98.0,142.0,170.0,128.0,1183,20.5,2.9,79.0,0.0,191.6,3,23,6,2.310546875,1.0
20210623,18,166.0,161.0,161.0,158.0,162.0,1462,20.1,1.8,83.0,0.0,191.6,3,23,6,2.263157895,1.5
20210623,19,146.0,141.0,143.0,117.0,137.0,1696,19.7,1.5,84.0,0.0,191.6,3,23,6,3.100548446,1.5
20210623,20,126.0,123.0,125.0,136.0,128.0,133,19.5,1.7,84.0,0.0,191.6,3,23,6,0.260784314,1.5
20210623,21,126.0,124.0,127.0,126.0,126.0,68,19.1,1.5,84.0,0.0,191.6,3,23,6,0.135188867,1.5
20210623,22,91.0,120.0,123.0,122.0,114.0,75,19.3,1.2,84.0,0.0,191.6,3,23,6,0.164473684,1.5
20210623,23,103.0,120.0,116.0,101.0,110.0,381,19.3,1.5,84.0,0.0,191.6,3,23,6,0.865909091,1.5
20210624,0,73.0,70.0,69.0,69.0,70.0,200,19.2,1.0,85.0,0.0,191.6,4,24,6,0.711743772,1.5
20210624,1,98.0,106.0,119.0,121.0,111.0,204,18.8,1.2,86.0,0.0,191.6,4,24,6,0.459459459,1.5
20210624,2,126.0,120.0,113.0,113.0,118.0,207,18.6,0.9,86.0,0.0,191.6,4,24,6,0.438559322,1.5
20210624,3,106.0,117.0,121.0,123.0,117.0,77,18.0,1.0,89.0,0.0,191.6,4,24,6,0.164882227,1.5
20210624,4,118.0,114.0,121.0,112.0,116.0,64,17.8,1.1,91.0,0.0,191.6,4,24,6,0.137634409,1.5
20210624,5,99.0,83.0,106.0,116.0,101.0,10,18.3,1.6,91.0,0.0,191.6,4,24,6,0.024752475,1.5
20210624,6,124.0,122.0,112.0,113.0,118.0,116,19.6,0.9,85.0,0.0,191.6,4,24,6,0.246284501,1.5
20210624,7,120.0,136.0,169.0,172.0,149.0,1695,20.3,0.9,82.0,0.0,191.6,4,24,6,2.83919598,1.5
20210624,8,171.0,188.0,185.0,184.0,182.0,429,20.8,1.0,81.0,0.0,191.6,4,24,6,0.589285714,1.5
20210624,9,154.0,165.0,172.0,156.0,162.0,902,21.7,0.7,76.0,0.0,191.6,4,24,6,1.394126739,1.0
20210624,10,123.0,154.0,168.0,171.0,154.0,2375,23.3,1.1,68.0,0.0,191.6,4,24,6,3.855519481,1.0
20210624,11,163.0,165.0,170.0,156.0,164.0,2152,24.1,1.5,68.0,0.0,191.6,4,24,6,3.290519878,1.0
20210624,12,113.0,93.0,99.0,116.0,105.0,328,25.1,1.3,62.0,0.0,191.6,4,24,6,0.779097387,1.0
20210624,13,147.0,163.0,182.0,190.0,171.0,814,24.0,2.1,67.0,0.0,191.6,4,24,6,1.193548387,1.0
20210624,14,175.0,169.0,151.0,158.0,163.0,1221,23.7,2.0,69.0,0.0,191.6,4,24,6,1.869831547,1.0
20210624,15,114.0,141.0,166.0,180.0,150.0,2131,23.7,2.0,70.0,0.0,191.6,4,24,6,3.545757072,1.0
20210624,16,163.0,157.0,165.0,164.0,162.0,959,23.0,1.5,74.0,0.0,191.6,4,24,6,1.477657935,1.0
20210624,17,123.0,107.0,145.0,164.0,135.0,232,22.8,1.3,76.0,0.0,191.6,4,24,6,0.430426716,1.0
20210624,18,152.0,146.0,142.0,159.0,150.0,1270,21.5,1.3,79.0,0.0,191.6,4,24,6,2.120200334,1.5
20210624,19,160.0,154.0,168.0,155.0,159.0,2119,20.9,1.0,85.0,0.0,191.6,4,24,6,3.326530612,1.5
20210624,20,128.0,131.0,141.0,142.0,136.0,31,20.3,0.8,88.0,0.0,191.6,4,24,6,0.057195572,1.5
20210624,21,140.0,142.0,122.0,120.0,131.0,21,20.0,0.9,90.0,0.0,191.6,4,24,6,0.040076336,1.5
20210624,22,104.0,124.0,122.0,135.0,121.0,0,19.1,0.7,94.0,0.0,191.6,4,24,6,0.0,1.5
20210624,23,129.0,122.0,119.0,89.0,115.0,86,19.6,0.4,95.0,0.0,191.6,4,24,6,0.187363834,1.5
20210625,0,74.0,70.0,70.0,70.0,71.0,0,19.0,0.1,96.0,0.0,191.6,5,25,6,0.0,1.5
20210625,1,104.0,123.0,128.0,121.0,119.0,13,19.1,0.4,97.0,0.0,191.6,5,25,6,0.027310924,1.5
20210625,2,125.0,126.0,102.0,115.0,117.0,72,18.9,0.0,98.0,0.0,191.6,5,25,6,0.153846154,1.5
20210625,3,98.0,124.0,127.0,128.0,119.0,1602,19.3,0.3,97.0,0.0,191.6,5,25,6,3.358490566,1.5
20210625,4,116.0,116.0,122.0,119.0,118.0,72,18.4,0.7,98.0,0.0,191.6,5,25,6,0.152219873,1.5
20210625,5,105.0,93.0,112.0,114.0,106.0,2078,18.7,0.7,98.0,0.0,191.6,5,25,6,4.900943396,1.5
20210625,6,108.0,107.0,120.0,122.0,114.0,120,20.1,0.0,94.0,0.0,191.6,5,25,6,0.262582057,1.5
20210625,7,122.0,124.0,152.0,142.0,135.0,1336,22.3,0.7,83.0,0.0,191.6,5,25,6,2.474074074,1.5
20210625,8,135.0,154.0,166.0,168.0,156.0,1077,22.7,1.1,79.0,0.0,191.6,5,25,6,1.728731942,1.5
20210625,9,162.0,170.0,178.0,169.0,170.0,620,25.2,1.4,66.0,0.0,191.6,5,25,6,0.913107511,1.0
20210625,10,151.0,176.0,178.0,182.0,172.0,1426,25.9,1.7,68.0,0.0,191.6,5,25,6,2.075691412,1.0
20210625,11,184.0,177.0,177.0,183.0,180.0,1382,26.0,2.0,67.0,0.0,191.6,5,25,6,1.916782247,1.0
20210625,12,136.0,112.0,105.0,134.0,122.0,262,26.5,2.1,68.0,0.0,191.6,5,25,6,0.53798768,1.0
20210625,13,185.0,184.0,174.0,174.0,179.0,1234,26.0,2.1,66.0,0.0,191.6,5,25,6,1.721059972,1.0
20210625,14,184.0,177.0,169.0,178.0,177.0,705,25.1,2.3,71.0,0.0,191.6,5,25,6,0.995762712,1.0
20210625,15,152.0,182.0,186.0,178.0,175.0,414,24.8,2.0,73.0,0.0,191.6,5,25,6,0.593123209,1.0
20210625,16,165.0,155.0,169.0,176.0,166.0,790,25.0,1.7,68.0,0.0,191.6,5,25,6,1.187969925,1.0
20210625,17,126.0,104.0,154.0,180.0,141.0,758,24.3,1.3,70.0,0.0,191.6,5,25,6,1.343971631,1.0
20210625,18,164.0,148.0,130.0,124.0,142.0,1300,23.0,1.1,78.0,0.0,191.6,5,25,6,2.296819788,1.5
20210625,19,127.0,111.0,107.0,96.0,110.0,2139,21.7,1.4,87.0,0.0,191.6,5,25,6,4.850340136,1.5
20210625,20,100.0,109.0,111.0,115.0,109.0,10,21.7,1.8,89.0,0.0,191.6,5,25,6,0.022988506,1.5
20210625,21,121.0,118.0,118.0,108.0,116.0,16,21.3,1.0,89.0,0.0,191.6,5,25,6,0.034408602,1.5
20210625,22,108.0,116.0,136.0,132.0,123.0,303,21.0,0.4,89.0,0.0,191.6,5,25,6,0.615853659,1.5
20210625,23,122.0,107.0,94.0,84.0,102.0,229,21.0,0.1,89.0,0.0,191.6,5,25,6,0.562653563,1.5
20210626,0,71.0,71.0,71.0,71.0,71.0,0,21.1,0.3,90.0,0.0,191.6,6,26,6,0.0,1.5
20210626,1,103.0,124.0,124.0,112.0,116.0,204,20.9,0.9,91.0,0.0,191.6,6,26,6,0.440604752,1.5
20210626,2,107.0,103.0,109.0,125.0,111.0,875,20.3,0.3,94.0,0.0,191.6,6,26,6,1.970720721,1.5
20210626,3,104.0,113.0,113.0,107.0,109.0,62,19.9,1.7,97.0,0.0,191.6,6,26,6,0.14187643,1.5
20210626,4,120.0,131.0,124.0,126.0,125.0,205,19.9,1.2,97.0,0.0,191.6,6,26,6,0.409181637,1.5
20210626,5,96.0,79.0,101.0,113.0,97.0,130,20.0,0.8,97.0,0.0,191.6,6,26,6,0.334190231,1.5
20210626,6,119.0,127.0,119.0,107.0,118.0,0,20.5,0.2,97.0,0.0,191.6,6,26,6,0.0,1.5
20210626,7,95.0,94.0,64.0,30.0,71.0,2337,20.4,0.8,98.0,0.0,191.6,6,26,6,8.25795053,1.5
20210626,8,24.0,23.0,23.0,23.0,23.0,0,21.5,0.5,95.0,0.2,191.6,6,26,6,0.0,1.5
20210626,9,23.0,23.0,23.0,23.0,23.0,0,21.8,1.2,91.0,0.2,191.6,6,26,6,0.0,1.0
20210626,10,23.0,25.0,28.0,27.0,26.0,0,23.9,1.0,83.0,0.2,191.6,6,26,6,0.0,1.0
20210626,11,23.0,24.0,24.0,24.0,24.0,0,26.4,1.5,59.0,0.2,191.6,6,26,6,0.0,1.0
20210626,12,23.0,24.0,24.0,24.0,24.0,0,26.0,0.7,59.0,0.2,191.6,6,26,6,0.0,1.0
20210626,13,23.0,23.0,27.0,28.0,25.0,0,27.2,1.9,63.0,0.2,191.6,6,26,6,0.0,1.0
20210626,14,25.0,23.0,23.0,24.0,24.0,0,26.0,1.8,65.0,0.2,191.6,6,26,6,0.0,1.0
20210626,15,23.0,23.0,23.0,24.0,23.0,0,25.2,2.5,70.0,0.2,191.6,6,26,6,0.0,1.0
20210626,16,23.0,23.0,23.0,24.0,23.0,0,23.9,1.4,71.0,0.2,191.6,6,26,6,0.0,1.0
20210626,17,28.0,28.0,23.0,24.0,26.0,0,23.6,1.1,72.0,0.2,191.6,6,26,6,0.0,1.0
20210626,18,24.0,24.0,23.0,24.0,24.0,0,23.3,1.9,74.0,0.2,191.6,6,26,6,0.0,1.5
20210626,19,24.0,23.0,24.0,24.0,24.0,0,22.3,0.6,80.0,0.2,191.6,6,26,6,0.0,1.5
20210626,20,24.0,28.0,25.0,23.0,25.0,0,21.5,0.7,88.0,0.2,191.6,6,26,6,0.0,1.5
20210626,21,23.0,24.0,23.0,24.0,24.0,0,20.7,0.2,91.0,0.2,191.6,6,26,6,0.0,1.5
20210626,22,24.0,24.0,23.0,24.0,24.0,0,20.3,0.2,93.0,0.2,191.6,6,26,6,0.0,1.5
20210626,23,23.0,24.0,28.0,27.0,26.0,0,20.1,1.5,91.0,0.2,191.6,6,26,6,0.0,1.5
20210627,0,23.0,23.0,23.0,23.0,23.0,0,19.6,1.8,89.0,0.0,191.6,7,27,6,0.0,1.5
20210627,1,23.0,23.0,23.0,23.0,23.0,0,19.3,1.6,88.0,0.0,191.6,7,27,6,0.0,1.5
20210627,2,23.0,23.0,24.0,24.0,24.0,0,19.0,0.6,91.0,0.0,191.6,7,27,6,0.0,1.5
20210627,3,27.0,24.0,23.0,24.0,25.0,0,18.2,0.7,95.0,0.0,191.6,7,27,6,0.0,1.5
20210627,4,22.0,22.0,23.0,23.0,23.0,0,18.4,1.9,97.0,0.0,191.6,7,27,6,0.0,1.5
20210627,5,22.0,23.0,23.0,24.0,23.0,0,18.6,0.4,98.0,0.0,191.6,7,27,6,0.0,1.5
20210627,6,27.0,24.0,23.0,24.0,25.0,0,20.6,1.1,91.0,0.0,191.6,7,27,6,0.0,1.5
20210627,7,23.0,23.0,23.0,23.0,23.0,0,22.0,2.6,85.0,0.0,191.6,7,27,6,0.0,1.5
20210627,8,23.0,23.0,23.0,26.0,24.0,0,24.2,1.7,72.0,0.0,191.6,7,27,6,0.0,1.5
20210627,9,28.0,26.0,24.0,24.0,26.0,0,25.7,3.2,61.0,0.0,191.6,7,27,6,0.0,1.0
20210627,10,24.0,24.0,24.0,24.0,24.0,0,25.9,3.6,56.0,0.0,191.6,7,27,6,0.0,1.0
20210627,11,24.0,24.0,24.0,24.0,24.0,0,26.0,3.5,61.0,0.0,191.6,7,27,6,0.0,1.0
20210627,12,27.0,31.0,23.0,24.0,26.0,0,25.6,3.8,64.0,0.0,191.6,7,27,6,0.0,1.0
20210627,13,24.0,24.0,24.0,24.0,24.0,0,25.6,3.7,64.0,0.0,191.6,7,27,6,0.0,1.0
20210627,14,24.0,24.0,24.0,24.0,24.0,0,25.7,3.8,68.0,0.0,191.6,7,27,6,0.0,1.0
20210627,15,24.0,29.0,28.0,24.0,26.0,0,25.1,2.8,70.0,0.0,191.6,7,27,6,0.0,1.0
20210627,16,24.0,24.0,24.0,24.0,24.0,0,24.9,2.7,71.0,0.0,191.6,7,27,6,0.0,1.0
20210627,17,24.0,24.0,24.0,24.0,24.0,0,23.9,2.9,73.0,0.0,191.6,7,27,6,0.0,1.0
20210627,18,24.0,24.0,26.0,28.0,26.0,0,22.9,2.6,76.0,0.0,191.6,7,27,6,0.0,1.5
20210627,19,25.0,25.0,24.0,23.0,24.0,0,22.3,2.8,84.0,0.0,191.6,7,27,6,0.0,1.5
20210627,20,24.0,24.0,24.0,24.0,24.0,0,22.4,2.1,84.0,0.0,191.6,7,27,6,0.0,1.5
20210627,21,24.0,24.0,24.0,24.0,24.0,0,21.9,1.0,87.0,0.0,191.6,7,27,6,0.0,1.5
20210627,22,29.0,27.0,24.0,24.0,26.0,0,21.9,1.0,88.0,0.0,191.6,7,27,6,0.0,1.5
20210627,23,24.0,24.0,24.0,24.0,24.0,0,22.0,0.9,88.0,0.0,191.6,7,27,6,0.0,1.5
20210628,0,24.0,23.0,24.0,24.0,24.0,0,21.6,1.3,89.0,0.0,191.6,1,28,6,0.0,1.5
20210628,1,23.0,26.0,28.0,25.0,26.0,0,21.3,1.3,92.0,0.0,191.6,1,28,6,0.0,1.5
20210628,2,23.0,24.0,24.0,25.0,24.0,0,21.2,1.4,94.0,0.0,191.6,1,28,6,0.0,1.5
20210628,3,23.0,24.0,24.0,23.0,24.0,0,21.0,1.2,94.0,0.0,191.6,1,28,6,0.0,1.5
20210628,4,24.0,24.0,26.0,28.0,26.0,0,21.1,1.3,93.0,0.0,191.6,1,28,6,0.0,1.5
20210628,5,24.0,23.0,24.0,23.0,24.0,0,21.1,0.9,94.0,0.0,191.6,1,28,6,0.0,1.5
20210628,6,23.0,23.0,23.0,23.0,23.0,0,21.6,1.6,91.0,0.0,191.6,1,28,6,0.0,1.5
20210628,7,28.0,42.0,66.0,92.0,57.0,0,22.7,2.4,85.0,0.0,191.6,1,28,6,0.0,1.5
20210628,8,144.0,167.0,190.0,198.0,175.0,277,24.1,1.8,76.0,0.0,191.6,1,28,6,0.396280401,1.5
20210628,9,185.0,182.0,174.0,172.0,178.0,767,24.5,3.0,70.0,0.0,191.6,1,28,6,1.075736325,1.0
20210628,10,135.0,184.0,182.0,168.0,167.0,1376,25.3,3.7,71.0,0.0,191.6,1,28,6,2.056801196,1.0
20210628,11,176.0,178.0,193.0,184.0,183.0,2873,25.8,3.6,70.0,0.0,191.6,1,28,6,3.930232558,1.0
20210628,12,131.0,112.0,107.0,135.0,121.0,452,24.9,4.7,71.0,0.0,191.6,1,28,6,0.931958763,1.0
20210628,13,169.0,189.0,191.0,191.0,185.0,1350,25.5,3.0,72.0,0.0,191.6,1,28,6,1.824324324,1.0
20210628,14,183.0,171.0,178.0,189.0,180.0,1903,25.3,2.8,72.0,0.0,191.6,1,28,6,2.639389736,1.0
20210628,15,155.0,188.0,194.0,189.0,182.0,372,25.1,2.8,67.0,0.0,191.6,1,28,6,0.512396694,1.0
20210628,16,172.0,163.0,164.0,172.0,168.0,2416,24.4,2.9,70.0,0.0,191.6,1,28,6,3.600596125,1.0
20210628,17,132.0,123.0,166.0,179.0,150.0,1626,23.4,2.8,72.0,0.0,191.6,1,28,6,2.71,1.0
20210628,18,183.0,185.0,168.0,171.0,177.0,2365,22.7,2.2,78.0,0.0,191.6,1,28,6,3.345120226,1.5
20210628,19,158.0,169.0,163.0,121.0,153.0,1463,22.4,1.8,83.0,0.0,191.6,1,28,6,2.394435352,1.5
20210628,20,110.0,113.0,111.0,113.0,112.0,0,21.9,2.2,85.0,0.0,191.6,1,28,6,0.0,1.5
20210628,21,115.0,120.0,123.0,113.0,118.0,259,21.0,1.1,89.0,0.0,191.6,1,28,6,0.549893843,1.5
20210628,22,102.0,104.0,111.0,119.0,109.0,135,20.9,1.5,90.0,0.0,191.6,1,28,6,0.309633028,1.5
20210628,23,126.0,111.0,111.0,81.0,107.0,173,21.3,1.3,88.0,0.0,191.6,1,28,6,0.403263403,1.5
20210629,0,67.0,66.0,66.0,66.0,66.0,0,21.0,1.3,91.0,0.0,191.6,2,29,6,0.0,1.5
20210629,1,94.0,101.0,112.0,110.0,104.0,91,21.0,1.5,92.0,0.0,191.6,2,29,6,0.21822542,1.5
20210629,2,124.0,124.0,107.0,95.0,113.0,41,20.9,1.4,91.0,0.0,191.6,2,29,6,0.091111111,1.5
20210629,3,90.0,100.0,109.0,115.0,104.0,2,20.8,1.5,90.0,0.0,191.6,2,29,6,0.004830918,1.5
20210629,4,112.0,114.0,114.0,99.0,110.0,516,20.1,1.8,93.0,0.0,191.6,2,29,6,1.175398633,1.5
20210629,5,76.0,72.0,102.0,110.0,90.0,106,20.4,0.8,94.0,0.0,191.6,2,29,6,0.294444444,1.5
20210629,6,119.0,113.0,108.0,112.0,113.0,18,21.4,1.2,89.0,0.0,191.6,2,29,6,0.039823009,1.5
20210629,7,113.0,120.0,154.0,160.0,137.0,1052,22.7,1.4,78.0,0.0,191.6,2,29,6,1.92321755,1.5
20210629,8,190.0,222.0,207.0,189.0,202.0,893,23.3,1.7,77.0,0.0,191.6,2,29,6,1.10519802,1.5
20210629,9,183.0,179.0,179.0,176.0,179.0,1026,25.0,2.9,71.0,0.0,191.6,2,29,6,1.430962343,1.0
20210629,10,139.0,169.0,175.0,168.0,163.0,1301,25.6,3.0,68.0,0.0,191.6,2,29,6,1.998463902,1.0
20210629,11,182.0,191.0,200.0,200.0,193.0,1340,25.0,3.6,69.0,0.0,191.6,2,29,6,1.733505821,1.0
20210629,12,134.0,104.0,100.0,133.0,118.0,530,25.1,3.3,69.0,0.0,191.6,2,29,6,1.125265393,1.0
20210629,13,179.0,194.0,186.0,187.0,187.0,1288,25.3,3.5,65.0,0.0,191.6,2,29,6,1.726541555,1.0
20210629,14,168.0,181.0,183.0,177.0,177.0,6234,25.1,3.5,69.0,0.0,191.6,2,29,6,8.792665726,1.0
20210629,15,139.0,179.0,170.0,165.0,163.0,695,24.3,3.1,68.0,0.0,191.6,2,29,6,1.06431853,1.0
20210629,16,167.0,167.0,157.0,164.0,164.0,1124,24.2,3.3,73.0,0.0,191.6,2,29,6,1.716030534,1.0
20210629,17,122.0,99.0,136.0,153.0,128.0,60,23.3,2.3,78.0,0.0,191.6,2,29,6,0.117647059,1.0
20210629,18,160.0,163.0,164.0,175.0,166.0,773,22.7,2.0,83.0,0.0,191.6,2,29,6,1.167673716,1.5
20210629,19,177.0,173.0,154.0,137.0,160.0,3860,22.4,1.4,86.0,0.0,191.6,2,29,6,6.021840874,1.5
20210629,20,132.0,134.0,137.0,135.0,135.0,164,22.2,1.5,87.0,0.0,191.6,2,29,6,0.304832714,1.5
20210629,21,125.0,126.0,125.0,119.0,124.0,3,22.2,0.8,84.0,0.0,191.6,2,29,6,0.006060606,1.5
20210629,22,105.0,108.0,121.0,116.0,113.0,37,22.0,0.5,87.0,0.0,191.6,2,29,6,0.082222222,1.5
20210629,23,110.0,113.0,109.0,82.0,104.0,42,21.6,1.2,89.0,0.0,191.6,2,29,6,0.101449275,1.5
20210630,0,69.0,67.0,67.0,65.0,67.0,0,21.0,1.5,92.0,0.0,191.6,3,30,6,0.0,1.5
20210630,1,90.0,102.0,112.0,112.0,104.0,791,20.4,0.4,94.0,0.0,191.6,3,30,6,1.901442308,1.5
20210630,2,118.0,110.0,108.0,103.0,110.0,162,21.2,0.7,91.0,0.0,191.6,3,30,6,0.369020501,1.5
20210630,3,101.0,110.0,120.0,117.0,112.0,83,21.3,0.2,91.0,0.0,191.6,3,30,6,0.185267857,1.5
20210630,4,116.0,114.0,103.0,103.0,109.0,109,21.2,0.3,92.0,0.0,191.6,3,30,6,0.25,1.5
20210630,5,93.0,82.0,103.0,115.0,98.0,52,21.3,0.3,94.0,0.0,191.6,3,30,6,0.132315522,1.5
20210630,6,113.0,111.0,115.0,118.0,114.0,0,22.1,0.5,89.0,0.0,191.6,3,30,6,0.0,1.5
20210630,7,116.0,125.0,142.0,143.0,132.0,1446,22.5,1.0,86.0,0.0,191.6,3,30,6,2.74904943,1.5
20210630,8,164.0,177.0,185.0,193.0,180.0,808,23.7,1.3,78.0,0.0,191.6,3,30,6,1.123783032,1.5
20210630,9,184.0,187.0,173.0,171.0,179.0,1437,24.0,1.6,70.0,0.0,191.6,3,30,6,2.00979021,1.0
20210630,10,142.0,171.0,169.0,152.0,159.0,635,24.7,1.9,70.0,0.0,191.6,3,30,6,1.001577287,1.0
20210630,11,146.0,139.0,141.0,150.0,144.0,1840,24.8,2.5,68.0,0.0,191.6,3,30,6,3.194444444,1.0
20210630,12,119.0,104.0,99.0,109.0,108.0,203,26.1,2.4,62.0,0.0,191.6,3,30,6,0.47099768,1.0
20210630,13,145.0,166.0,171.0,184.0,167.0,750,26.1,2.7,63.0,0.0,191.6,3,30,6,1.126126126,1.0
20210630,14,177.0,160.0,161.0,165.0,166.0,1621,25.1,3.7,68.0,0.0,191.6,3,30,6,2.44494721,1.0
20210630,15,133.0,175.0,178.0,168.0,164.0,1370,24.5,3.8,75.0,0.0,191.6,3,30,6,2.094801223,1.0
20210630,16,163.0,165.0,152.0,162.0,161.0,774,23.3,3.4,77.0,0.0,191.6,3,30,6,1.205607477,1.0
20210630,17,133.0,144.0,181.0,167.0,156.0,3212,23.4,3.3,76.0,0.0,191.6,3,30,6,5.1392,1.0
20210630,18,153.0,156.0,164.0,165.0,160.0,1356,22.6,2.9,82.0,0.0,191.6,3,30,6,2.12539185,1.5
20210630,19,162.0,155.0,141.0,107.0,141.0,1526,22.1,1.6,87.0,0.0,191.6,3,30,6,2.700884956,1.5
20210630,20,100.0,109.0,115.0,112.0,109.0,227,21.5,0.6,88.0,0.0,191.6,3,30,6,0.520642202,1.5
20210630,21,113.0,117.0,113.0,108.0,113.0,96,21.5,0.5,90.0,0.0,191.6,3,30,6,0.21286031,1.5
20210630,22,88.0,103.0,114.0,118.0,106.0,77,20.8,0.9,93.0,0.0,191.6,3,30,6,0.182033097,1.5
20210630,23,120.0,116.0,103.0,77.0,104.0,0,20.5,1.2,94.0,0.0,191.6,3,30,6,0.0,1.5
20210701,0,69.0,69.0,67.0,67.0,68.0,76,19.9,1.3,96.0,0.0,191.6,4,1,7,0.279411765,1.5
20210701,1,90.0,100.0,110.0,115.0,104.0,44,19.6,0.4,96.0,0.0,191.6,4,1,7,0.106024096,1.5
20210701,2,116.0,113.0,111.0,112.0,113.0,240,19.3,1.0,97.0,0.0,191.6,4,1,7,0.530973451,1.5
20210701,3,95.0,109.0,112.0,111.0,107.0,402,19.3,1.8,98.0,0.0,191.6,4,1,7,0.941451991,1.5
20210701,4,111.0,106.0,97.0,100.0,104.0,185,19.5,1.7,97.0,0.0,191.6,4,1,7,0.446859903,1.5
20210701,5,82.0,77.0,99.0,114.0,93.0,174,20.0,0.3,95.0,0.0,191.6,4,1,7,0.467741935,1.5
20210701,6,110.0,104.0,115.0,112.0,110.0,23,21.1,1.6,91.0,0.0,191.6,4,1,7,0.052154195,1.5
20210701,7,105.0,125.0,148.0,138.0,129.0,752,22.9,1.9,81.0,0.0,191.6,4,1,7,1.457364341,1.5
20210701,8,163.0,180.0,190.0,194.0,182.0,676,23.8,1.7,76.0,0.0,191.6,4,1,7,0.929848693,1.5
20210701,9,171.0,184.0,183.0,174.0,178.0,1028,24.4,2.7,77.0,0.0,191.6,4,1,7,1.443820225,1.0
20210701,10,147.0,179.0,185.0,175.0,172.0,2373,26.0,2.7,73.0,0.0,191.6,4,1,7,3.459183673,1.0
20210701,11,190.0,188.0,187.0,187.0,188.0,992,25.8,2.1,75.0,0.0,191.6,4,1,7,1.319148936,1.0
20210701,12,115.0,105.0,110.0,115.0,111.0,340,27.3,2.8,69.0,0.0,191.6,4,1,7,0.764044944,1.0
20210701,13,163.0,196.0,194.0,206.0,190.0,474,26.4,3.9,70.0,0.0,191.6,4,1,7,0.624505929,1.0
20210701,14,191.0,192.0,190.0,173.0,187.0,3036,27.1,3.3,68.0,0.0,191.6,4,1,7,4.069705094,1.0
20210701,15,135.0,144.0,179.0,197.0,164.0,354,26.4,2.9,71.0,0.0,191.6,4,1,7,0.540458015,1.0
20210701,16,188.0,165.0,163.0,163.0,170.0,1794,25.1,3.3,76.0,0.0,191.6,4,1,7,2.642120766,1.0
20210701,17,126.0,106.0,146.0,160.0,135.0,1125,24.6,1.7,76.0,0.0,191.6,4,1,7,2.091078067,1.0
20210701,18,164.0,164.0,143.0,156.0,157.0,1767,23.8,1.7,75.0,0.0,191.6,4,1,7,2.818181818,1.5
20210701,19,163.0,171.0,165.0,154.0,163.0,2064,22.9,2.2,76.0,0.0,191.6,4,1,7,3.160796325,1.5
20210701,20,137.0,143.0,147.0,140.0,142.0,6,22.2,2.3,84.0,0.0,191.6,4,1,7,0.010582011,1.5
20210701,21,139.0,141.0,138.0,140.0,140.0,66,21.2,0.8,80.0,0.0,191.6,4,1,7,0.11827957,1.5
20210701,22,113.0,121.0,122.0,121.0,119.0,244,20.8,1.0,82.0,0.0,191.6,4,1,7,0.511530398,1.5
20210701,23,124.0,120.0,110.0,79.0,108.0,118,20.9,1.3,88.0,0.0,191.6,4,1,7,0.272517321,1.5
20210702,0,69.0,68.0,68.0,68.0,68.0,0,21.5,2.3,86.0,0.0,191.6,5,2,7,0.0,1.5
20210702,1,97.0,104.0,109.0,115.0,106.0,309,20.8,1.3,88.0,0.0,191.6,5,2,7,0.727058824,1.5
20210702,2,115.0,121.0,117.0,111.0,116.0,15,19.9,0.5,90.0,0.0,191.6,5,2,7,0.032327586,1.5
20210702,3,92.0,112.0,115.0,113.0,108.0,101,20.1,2.0,93.0,0.0,191.6,5,2,7,0.233796296,1.5
20210702,4,109.0,110.0,102.0,104.0,106.0,382,19.8,1.1,95.0,0.0,191.6,5,2,7,0.898823529,1.5
20210702,5,83.0,79.0,103.0,120.0,96.0,698,20.4,1.1,95.0,0.0,191.6,5,2,7,1.812987013,1.5
20210702,6,117.0,114.0,110.0,106.0,112.0,36,22.0,2.3,90.0,0.0,191.6,5,2,7,0.080536913,1.5
20210702,7,118.0,130.0,143.0,139.0,133.0,938,22.4,2.8,86.0,0.0,191.6,5,2,7,1.769811321,1.5
20210702,8,145.0,158.0,168.0,173.0,161.0,813,23.1,3.0,83.0,0.0,191.6,5,2,7,1.26242236,1.5
20210702,9,187.0,175.0,172.0,165.0,175.0,852,23.4,1.8,82.0,0.0,191.6,5,2,7,1.21888412,1.0
20210702,10,140.0,162.0,179.0,175.0,164.0,512,23.2,2.6,84.0,0.0,191.6,5,2,7,0.780487805,1.0
20210702,11,184.0,177.0,186.0,167.0,179.0,1301,23.0,2.9,86.0,0.0,191.6,5,2,7,1.822128852,1.0
20210702,12,113.0,98.0,103.0,117.0,108.0,0,24.1,3.3,80.0,0.0,191.6,5,2,7,0.0,1.0
20210702,13,157.0,166.0,177.0,178.0,170.0,1376,24.1,2.8,80.0,0.0,191.6,5,2,7,2.029498525,1.0
20210702,14,167.0,173.0,183.0,177.0,175.0,855,24.5,2.7,79.0,0.0,191.6,5,2,7,1.221428571,1.0
20210702,15,138.0,133.0,142.0,160.0,143.0,5516,24.2,3.3,80.0,0.0,191.6,5,2,7,9.626527051,1.0
20210702,16,164.0,153.0,158.0,158.0,158.0,1544,23.6,3.0,83.0,0.0,191.6,5,2,7,2.439178515,1.0
20210702,17,120.0,126.0,168.0,175.0,147.0,795,23.2,2.7,83.0,0.0,191.6,5,2,7,1.349745331,1.0
20210702,18,169.0,160.0,155.0,155.0,160.0,972,23.0,2.0,85.0,0.0,191.6,5,2,7,1.521126761,1.5
20210702,19,149.0,137.0,136.0,120.0,136.0,2548,22.7,1.5,85.0,0.0,191.6,5,2,7,4.701107011,1.5
20210702,20,116.0,118.0,130.0,123.0,122.0,21,22.6,2.3,87.0,0.0,191.6,5,2,7,0.04312115,1.5
20210702,21,116.0,107.0,111.0,121.0,114.0,70,23.0,2.3,86.0,0.0,191.6,5,2,7,0.153846154,1.5
20210702,22,107.0,117.0,113.0,106.0,111.0,119,22.9,1.7,86.0,0.0,191.6,5,2,7,0.268623025,1.5
20210702,23,95.0,103.0,96.0,79.0,93.0,76,22.9,2.3,86.0,0.0,191.6,5,2,7,0.203753351,1.5
20210703,0,76.0,65.0,64.0,63.0,67.0,154,22.8,1.9,87.0,0.0,191.6,6,3,7,0.574626866,1.5
20210703,1,92.0,105.0,107.0,110.0,104.0,270,22.9,1.8,87.0,0.0,191.6,6,3,7,0.652173913,1.5
20210703,2,107.0,106.0,105.0,105.0,106.0,0,22.4,1.2,91.0,0.0,191.6,6,3,7,0.0,1.5
20210703,3,94.0,105.0,103.0,108.0,103.0,94,22.4,1.6,91.0,0.0,191.6,6,3,7,0.229268293,1.5
20210703,4,112.0,106.0,100.0,99.0,104.0,36,22.4,1.7,90.0,0.0,191.6,6,3,7,0.086330935,1.5
20210703,5,80.0,73.0,96.0,105.0,89.0,39,22.5,1.7,90.0,0.0,191.6,6,3,7,0.110169492,1.5
20210703,6,105.0,101.0,95.0,91.0,98.0,0,22.6,2.7,88.0,0.0,191.6,6,3,7,0.0,1.5
20210703,7,83.0,68.0,31.0,28.0,53.0,1142,22.8,2.2,87.0,0.0,191.6,6,3,7,5.438095238,1.5
20210703,8,23.0,22.0,22.0,22.0,22.0,0,22.5,2.5,90.0,0.0,191.6,6,3,7,0.0,1.5
20210703,9,23.0,27.0,25.0,23.0,25.0,0,22.9,2.8,87.0,0.0,191.6,6,3,7,0.0,1.0
20210703,10,23.0,23.0,22.0,22.0,23.0,0,23.2,3.1,85.0,0.0,191.6,6,3,7,0.0,1.0
20210703,11,22.0,23.0,22.0,23.0,23.0,0,23.0,2.8,86.0,0.0,191.6,6,3,7,0.0,1.0
20210703,12,22.0,22.0,27.0,26.0,24.0,0,22.6,3.1,89.0,0.0,191.6,6,3,7,0.0,1.0
20210703,13,22.0,22.0,22.0,22.0,22.0,0,22.4,3.6,92.0,0.1,191.6,6,3,7,0.0,1.0
20210703,14,22.0,22.0,22.0,23.0,22.0,0,21.9,2.9,97.0,0.8,191.6,6,3,7,0.0,1.0
20210703,15,21.0,22.0,22.0,25.0,23.0,0,21.5,1.4,98.0,5.2,191.6,6,3,7,0.0,1.0
20210703,16,26.0,22.0,22.0,22.0,23.0,0,21.5,1.7,98.0,12.0,191.6,6,3,7,0.0,1.0
20210703,17,22.0,22.0,22.0,22.0,22.0,0,21.7,2.4,98.0,15.3,191.6,6,3,7,0.0,1.0
20210703,18,22.0,23.0,21.0,22.0,22.0,0,21.8,2.0,98.0,16.7,191.6,6,3,7,0.0,1.5
20210703,19,26.0,27.0,22.0,22.0,24.0,0,21.6,1.1,98.0,18.1,191.6,6,3,7,0.0,1.5
20210703,20,23.0,22.0,22.0,22.0,22.0,0,21.8,1.3,98.0,18.3,191.6,6,3,7,0.0,1.5
20210703,21,23.0,23.0,23.0,22.0,23.0,0,21.8,0.4,98.0,19.1,191.6,6,3,7,0.0,1.5
20210703,22,23.0,24.0,27.0,23.0,24.0,0,21.8,0.9,98.0,20.5,191.6,6,3,7,0.0,1.5
20210703,23,23.0,22.0,22.0,22.0,22.0,0,21.8,0.5,98.0,23.4,191.6,6,3,7,0.0,1.5
20210704,0,22.0,23.0,22.0,22.0,22.0,0,22.4,0.1,98.0,1.3,191.6,7,4,7,0.0,1.5
20210704,1,22.0,22.0,27.0,27.0,25.0,0,23.6,2.7,98.0,9.4,191.6,7,4,7,0.0,1.5
20210704,2,24.0,23.0,23.0,22.0,23.0,0,24.8,3.4,98.0,9.9,191.6,7,4,7,0.0,1.5
20210704,3,22.0,23.0,23.0,22.0,23.0,0,24.9,3.8,98.0,11.0,191.6,7,4,7,0.0,1.5
20210704,4,23.0,23.0,22.0,22.0,23.0,0,24.6,2.5,98.0,16.5,191.6,7,4,7,0.0,1.5
20210704,5,23.0,27.0,23.0,23.0,24.0,0,24.8,1.8,98.0,19.6,191.6,7,4,7,0.0,1.5
20210704,6,22.0,22.0,23.0,22.0,22.0,0,24.8,2.0,98.0,24.5,191.6,7,4,7,0.0,1.5
20210704,7,21.0,22.0,23.0,22.0,22.0,0,25.8,2.2,98.0,24.7,191.6,7,4,7,0.0,1.5
20210704,8,24.0,28.0,24.0,21.0,24.0,0,27.4,3.9,85.0,24.7,191.6,7,4,7,0.0,1.5
20210704,9,22.0,22.0,22.0,22.0,22.0,0,28.7,4.5,71.0,24.7,191.6,7,4,7,0.0,1.0
20210704,10,22.0,23.0,23.0,23.0,23.0,0,29.1,3.6,68.0,24.7,191.6,7,4,7,0.0,1.0
20210704,11,24.0,26.0,28.0,25.0,26.0,0,29.7,4.1,64.0,24.7,191.6,7,4,7,0.0,1.0
20210704,12,24.0,23.0,23.0,23.0,23.0,0,30.6,4.0,58.0,24.7,191.6,7,4,7,0.0,1.0
20210704,13,23.0,24.0,23.0,23.0,23.0,0,31.3,3.4,59.0,24.7,191.6,7,4,7,0.0,1.0
20210704,14,23.0,23.0,23.0,27.0,24.0,0,29.7,4.1,64.0,24.7,191.6,7,4,7,0.0,1.0
20210704,15,27.0,23.0,23.0,23.0,24.0,0,28.1,3.3,70.0,24.7,191.6,7,4,7,0.0,1.0
20210704,16,23.0,23.0,23.0,25.0,24.0,0,27.4,3.1,73.0,24.7,191.6,7,4,7,0.0,1.0
20210704,17,22.0,22.0,22.0,22.0,22.0,0,27.0,2.8,75.0,24.7,191.6,7,4,7,0.0,1.0
20210704,18,25.0,27.0,23.0,23.0,25.0,0,26.4,2.9,76.0,24.7,191.6,7,4,7,0.0,1.5
20210704,19,23.0,22.0,22.0,23.0,23.0,0,25.9,2.5,78.0,24.7,191.6,7,4,7,0.0,1.5
20210704,20,22.0,23.0,22.0,22.0,22.0,0,25.4,1.9,81.0,24.7,191.6,7,4,7,0.0,1.5
20210704,21,24.0,24.0,28.0,25.0,25.0,0,23.6,1.2,94.0,24.9,191.6,7,4,7,0.0,1.5
20210704,22,23.0,24.0,23.0,23.0,23.0,0,23.1,0.8,97.0,24.9,191.6,7,4,7,0.0,1.5
20210704,23,23.0,23.0,22.0,22.0,23.0,0,22.8,0.4,98.0,24.9,191.6,7,4,7,0.0,1.5
20210705,0,23.0,23.0,27.0,28.0,25.0,0,22.6,0.2,97.0,0.0,191.6,1,5,7,0.0,1.5
20210705,1,23.0,23.0,23.0,22.0,23.0,0,23.5,1.6,89.0,0.0,191.6,1,5,7,0.0,1.5
20210705,2,23.0,23.0,22.0,23.0,23.0,0,22.7,1.2,94.0,0.0,191.6,1,5,7,0.0,1.5
20210705,3,23.0,23.0,23.0,25.0,24.0,0,22.7,1.2,93.0,0.0,191.6,1,5,7,0.0,1.5
20210705,4,27.0,23.0,23.0,22.0,24.0,0,22.8,2.1,90.0,0.0,191.6,1,5,7,0.0,1.5
20210705,5,23.0,23.0,22.0,22.0,23.0,0,23.1,1.0,88.0,0.0,191.6,1,5,7,0.0,1.5
20210705,6,23.0,22.0,21.0,23.0,22.0,0,22.7,0.6,94.0,0.1,191.6,1,5,7,0.0,1.5
20210705,7,33.0,46.0,69.0,104.0,63.0,0,22.4,0.6,96.0,0.1,191.6,1,5,7,0.0,1.5
20210705,8,145.0,172.0,183.0,173.0,168.0,982,23.4,1.1,93.0,0.1,191.6,1,5,7,1.459138187,1.5
20210705,9,172.0,170.0,175.0,163.0,170.0,2566,24.1,1.7,86.0,0.1,191.6,1,5,7,3.773529412,1.0
20210705,10,148.0,180.0,179.0,185.0,173.0,814,24.6,0.7,87.0,0.1,191.6,1,5,7,1.176300578,1.0
20210705,11,185.0,169.0,168.0,164.0,172.0,1097,24.9,1.3,87.0,0.1,191.6,1,5,7,1.599125364,1.0
20210705,12,116.0,101.0,99.0,100.0,104.0,31,25.8,2.5,82.0,0.1,191.6,1,5,7,0.074519231,1.0
20210705,13,148.0,165.0,176.0,181.0,168.0,613,26.0,1.8,78.0,0.1,191.6,1,5,7,0.914925373,1.0
20210705,14,169.0,170.0,167.0,168.0,169.0,2781,25.7,1.9,75.0,0.1,191.6,1,5,7,4.12611276,1.0
20210705,15,141.0,140.0,174.0,183.0,160.0,711,25.5,2.5,77.0,0.1,191.6,1,5,7,1.114420063,1.0
20210705,16,173.0,156.0,151.0,153.0,158.0,2870,24.9,1.2,80.0,0.1,191.6,1,5,7,4.533965245,1.0
20210705,17,128.0,115.0,133.0,140.0,129.0,224,23.9,0.9,85.0,0.1,191.6,1,5,7,0.434108527,1.0
20210705,18,153.0,156.0,163.0,158.0,158.0,308,22.9,0.8,95.0,0.3,191.6,1,5,7,0.488888889,1.5
20210705,19,153.0,141.0,141.0,122.0,139.0,1932,22.6,0.4,94.0,0.3,191.6,1,5,7,3.468581688,1.5
20210705,20,113.0,111.0,126.0,130.0,120.0,9,22.1,0.5,98.0,1.1,191.6,1,5,7,0.01875,1.5
20210705,21,124.0,122.0,110.0,110.0,117.0,356,21.5,1.2,98.0,6.9,191.6,1,5,7,0.763948498,1.5
20210705,22,94.0,100.0,108.0,115.0,104.0,89,21.6,1.2,98.0,10.4,191.6,1,5,7,0.213429257,1.5
20210705,23,116.0,107.0,100.0,83.0,102.0,332,22.1,1.0,98.0,18.7,191.6,1,5,7,0.81773399,1.5
20210706,0,68.0,68.0,68.0,68.0,68.0,50,22.8,0.7,98.0,6.7,191.6,2,6,7,0.183823529,1.5
20210706,1,86.0,108.0,111.0,108.0,103.0,434,23.8,1.5,98.0,8.7,191.6,2,6,7,1.050847458,1.5
20210706,2,110.0,108.0,107.0,93.0,105.0,246,23.8,0.9,98.0,12.9,191.6,2,6,7,0.588516746,1.5
20210706,3,88.0,102.0,114.0,116.0,105.0,236,23.8,0.9,98.0,15.0,191.6,2,6,7,0.561904762,1.5
20210706,4,106.0,103.0,103.0,112.0,106.0,262,23.9,1.6,98.0,18.3,191.6,2,6,7,0.617924528,1.5
20210706,5,94.0,89.0,98.0,110.0,98.0,2,23.7,3.0,98.0,23.7,191.6,2,6,7,0.00511509,1.5
20210706,6,105.0,99.0,95.0,91.0,98.0,70,23.8,3.4,98.0,27.7,191.6,2,6,7,0.179487179,1.5
20210706,7,93.0,105.0,132.0,145.0,119.0,2041,23.7,3.5,98.0,37.7,191.6,2,6,7,4.296842105,1.5
20210706,8,166.0,177.0,182.0,193.0,180.0,313,24.2,2.5,98.0,41.4,191.6,2,6,7,0.435933148,1.5
20210706,9,176.0,176.0,185.0,182.0,180.0,734,24.6,2.7,98.0,42.1,191.6,2,6,7,1.020862309,1.0
20210706,10,150.0,176.0,172.0,175.0,168.0,792,23.1,2.8,98.0,44.2,191.6,2,6,7,1.176820208,1.0
20210706,11,177.0,182.0,175.0,171.0,176.0,568,23.2,1.5,98.0,45.6,191.6,2,6,7,0.805673759,1.0
20210706,12,132.0,106.0,106.0,97.0,110.0,0,22.5,1.4,98.0,47.6,191.6,2,6,7,0.0,1.0
20210706,13,141.0,170.0,169.0,154.0,159.0,2227,22.9,2.4,95.0,47.7,191.6,2,6,7,3.512618297,1.0
20210706,14,182.0,176.0,172.0,185.0,179.0,648,23.5,1.8,96.0,47.7,191.6,2,6,7,0.906293706,1.0
20210706,15,147.0,144.0,173.0,169.0,158.0,1272,23.0,2.5,98.0,51.7,191.6,2,6,7,2.009478673,1.0
20210706,16,177.0,172.0,167.0,168.0,171.0,985,22.7,2.0,98.0,56.8,191.6,2,6,7,1.44005848,1.0
20210706,17,124.0,107.0,136.0,148.0,129.0,124,23.2,2.2,98.0,57.3,191.6,2,6,7,0.240776699,1.0
20210706,18,146.0,161.0,153.0,153.0,153.0,1300,23.0,0.3,98.0,58.0,191.6,2,6,7,2.120717781,1.5
20210706,19,153.0,157.0,146.0,147.0,151.0,3876,23.7,2.9,98.0,58.7,191.6,2,6,7,6.427860697,1.5
20210706,20,131.0,133.0,138.0,133.0,134.0,10,23.7,1.2,98.0,58.9,191.6,2,6,7,0.018691589,1.5
20210706,21,132.0,120.0,122.0,129.0,126.0,166,24.1,3.3,98.0,58.9,191.6,2,6,7,0.330019881,1.5
20210706,22,109.0,114.0,110.0,115.0,112.0,150,24.1,3.0,98.0,58.9,191.6,2,6,7,0.334821429,1.5
20210706,23,104.0,99.0,114.0,107.0,106.0,75,23.9,1.4,98.0,60.4,191.6,2,6,7,0.176886792,1.5
20210707,0,89.0,72.0,71.0,70.0,76.0,250,23.6,1.1,98.0,0.0,191.6,3,7,7,0.82781457,1.5
20210707,1,91.0,97.0,106.0,112.0,102.0,5,23.9,0.6,98.0,0.0,191.6,3,7,7,0.012315271,1.5
20210707,2,106.0,106.0,107.0,105.0,106.0,42,23.6,0.3,98.0,0.0,191.6,3,7,7,0.099056604,1.5
20210707,3,107.0,109.0,115.0,109.0,110.0,442,23.8,0.6,98.0,0.0,191.6,3,7,7,1.004545455,1.5
20210707,4,108.0,105.0,104.0,108.0,106.0,90,23.9,0.1,98.0,0.0,191.6,3,7,7,0.211764706,1.5
20210707,5,95.0,85.0,96.0,101.0,94.0,387,24.0,0.4,98.0,0.0,191.6,3,7,7,1.026525199,1.5
20210707,6,101.0,106.0,101.0,100.0,102.0,38,24.2,0.0,98.0,0.4,191.6,3,7,7,0.093137255,1.5
20210707,7,114.0,122.0,138.0,145.0,130.0,1847,25.4,2.2,98.0,0.4,191.6,3,7,7,3.558766859,1.5
20210707,8,157.0,172.0,192.0,203.0,181.0,675,25.0,0.1,98.0,0.4,191.6,3,7,7,0.932320442,1.5
20210707,9,187.0,182.0,168.0,175.0,178.0,1990,25.5,0.8,98.0,0.6,191.6,3,7,7,2.79494382,1.0
20210707,10,152.0,185.0,186.0,171.0,174.0,3638,24.9,0.8,98.0,1.0,191.6,3,7,7,5.242074928,1.0
20210707,11,172.0,183.0,181.0,174.0,178.0,954,23.3,1.4,98.0,10.9,191.6,3,7,7,1.343661972,1.0
20210707,12,131.0,105.0,104.0,106.0,112.0,0,23.8,0.4,98.0,21.4,191.6,3,7,7,0.0,1.0
20210707,13,146.0,178.0,185.0,182.0,173.0,320,23.8,0.5,98.0,24.3,191.6,3,7,7,0.463096961,1.0
20210707,14,185.0,181.0,167.0,167.0,175.0,1323,24.2,1.8,98.0,26.1,191.6,3,7,7,1.89,1.0
20210707,15,144.0,138.0,176.0,173.0,158.0,1208,23.4,2.4,98.0,29.9,191.6,3,7,7,1.914421553,1.0
20210707,16,178.0,181.0,174.0,175.0,177.0,1579,23.6,1.5,98.0,33.7,191.6,3,7,7,2.230225989,1.0
20210707,17,120.0,98.0,156.0,179.0,138.0,175,23.4,1.8,98.0,37.0,191.6,3,7,7,0.316455696,1.0
20210707,18,169.0,173.0,165.0,167.0,169.0,1717,23.4,0.9,98.0,38.5,191.6,3,7,7,2.547477745,1.5
20210707,19,164.0,169.0,159.0,134.0,157.0,2321,22.7,2.4,98.0,38.8,191.6,3,7,7,3.707667732,1.5
20210707,20,106.0,127.0,124.0,109.0,117.0,162,22.5,3.7,98.0,38.8,191.6,3,7,7,0.347639485,1.5
20210707,21,117.0,120.0,110.0,113.0,115.0,68,22.4,2.3,98.0,38.8,191.6,3,7,7,0.147826087,1.5
20210707,22,87.0,105.0,112.0,113.0,104.0,104,22.3,1.1,98.0,38.8,191.6,3,7,7,0.24940048,1.5
20210707,23,110.0,107.0,97.0,105.0,105.0,72,22.2,0.3,98.0,38.8,191.6,3,7,7,0.171837709,1.5
20210708,0,78.0,72.0,73.0,70.0,73.0,242,22.0,0.3,98.0,0.0,191.6,4,8,7,0.825938567,1.5
20210708,1,89.0,102.0,101.0,104.0,99.0,703,21.9,0.6,98.0,0.0,191.6,4,8,7,1.775252525,1.5
20210708,2,106.0,98.0,110.0,102.0,104.0,192,21.9,0.1,98.0,0.0,191.6,4,8,7,0.461538462,1.5
20210708,3,94.0,102.0,115.0,109.0,105.0,130,21.9,0.2,98.0,0.0,191.6,4,8,7,0.30952381,1.5
20210708,4,100.0,105.0,108.0,109.0,106.0,208,22.1,0.4,98.0,0.0,191.6,4,8,7,0.492890995,1.5
20210708,5,102.0,81.0,94.0,107.0,96.0,314,22.3,0.4,98.0,0.0,191.6,4,8,7,0.817708333,1.5
20210708,6,109.0,109.0,107.0,115.0,110.0,58,22.8,2.6,98.0,0.0,191.6,4,8,7,0.131818182,1.5
20210708,7,116.0,125.0,143.0,146.0,133.0,436,23.5,1.4,98.0,0.0,191.6,4,8,7,0.822641509,1.5
20210708,8,150.0,154.0,173.0,187.0,166.0,560,23.7,2.4,98.0,0.1,191.6,4,8,7,0.843373494,1.5
20210708,9,172.0,186.0,177.0,184.0,180.0,516,24.8,1.9,97.0,0.1,191.6,4,8,7,0.717663421,1.0
20210708,10,159.0,186.0,190.0,201.0,184.0,112,26.0,2.2,89.0,0.1,191.6,4,8,7,0.152173913,1.0
20210708,11,191.0,190.0,192.0,187.0,190.0,562,26.8,2.0,84.0,0.1,191.6,4,8,7,0.739473684,1.0
20210708,12,131.0,112.0,116.0,120.0,120.0,0,25.5,1.9,89.0,0.1,191.6,4,8,7,0.0,1.0
20210708,13,166.0,186.0,201.0,191.0,186.0,2140,24.1,2.9,95.0,0.7,191.6,4,8,7,2.876344086,1.0
20210708,14,185.0,200.0,190.0,161.0,184.0,1434,23.4,2.3,98.0,0.9,191.6,4,8,7,1.948369565,1.0
20210708,15,148.0,142.0,168.0,184.0,161.0,350,24.6,1.7,93.0,0.9,191.6,4,8,7,0.54517134,1.0
20210708,16,177.0,183.0,186.0,149.0,174.0,2282,24.6,1.3,89.0,0.9,191.6,4,8,7,3.283453237,1.0
20210708,17,118.0,102.0,138.0,155.0,128.0,86,23.2,0.9,97.0,2.7,191.6,4,8,7,0.167641326,1.0
20210708,18,155.0,153.0,141.0,139.0,147.0,3577,22.7,1.2,98.0,6.0,191.6,4,8,7,6.083333333,1.5
20210708,19,141.0,142.0,153.0,151.0,147.0,5585,22.2,1.0,98.0,16.2,191.6,4,8,7,9.514480409,1.5
20210708,20,132.0,132.0,126.0,129.0,130.0,26,22.2,0.4,98.0,17.2,191.6,4,8,7,0.050096339,1.5
20210708,21,127.0,128.0,123.0,120.0,125.0,6,22.0,0.7,98.0,17.2,191.6,4,8,7,0.012048193,1.5
20210708,22,104.0,109.0,113.0,118.0,111.0,0,21.9,0.6,98.0,17.2,191.6,4,8,7,0.0,1.5
20210708,23,119.0,115.0,116.0,103.0,113.0,0,21.9,0.4,98.0,17.2,191.6,4,8,7,0.0,1.5
20210709,0,78.0,72.0,72.0,71.0,73.0,0,22.0,0.6,98.0,0.0,191.6,5,9,7,0.0,1.5
20210709,1,94.0,105.0,104.0,105.0,102.0,37,22.1,0.7,98.0,0.0,191.6,5,9,7,0.090686275,1.5
20210709,2,105.0,111.0,114.0,108.0,110.0,12,21.9,0.4,98.0,1.8,191.6,5,9,7,0.02739726,1.5
20210709,3,86.0,101.0,98.0,109.0,99.0,0,21.9,0.4,98.0,2.5,191.6,5,9,7,0.0,1.5
20210709,4,105.0,105.0,106.0,99.0,104.0,32,21.9,0.7,98.0,2.6,191.6,5,9,7,0.077108434,1.5
20210709,5,99.0,85.0,104.0,105.0,98.0,0,22.0,0.8,98.0,2.9,191.6,5,9,7,0.0,1.5
20210709,6,109.0,109.0,125.0,110.0,113.0,0,22.2,0.5,98.0,3.2,191.6,5,9,7,0.0,1.5
20210709,7,113.0,128.0,150.0,156.0,137.0,536,22.3,1.1,98.0,3.3,191.6,5,9,7,0.979890311,1.5
20210709,8,154.0,170.0,188.0,183.0,174.0,564,22.7,0.7,98.0,3.3,191.6,5,9,7,0.811510791,1.5
20210709,9,168.0,163.0,168.0,165.0,166.0,565,22.7,1.1,98.0,3.3,191.6,5,9,7,0.850903614,1.0
20210709,10,139.0,171.0,168.0,176.0,164.0,1753,23.3,1.1,98.0,3.3,191.6,5,9,7,2.680428135,1.0
20210709,11,163.0,169.0,176.0,175.0,171.0,1082,24.7,0.1,96.0,3.3,191.6,5,9,7,1.584187408,1.0
20210709,12,112.0,90.0,97.0,99.0,100.0,0,24.7,0.9,95.0,4.4,191.6,5,9,7,0.0,1.0
20210709,13,156.0,186.0,185.0,168.0,174.0,1119,24.0,1.4,96.0,4.4,191.6,5,9,7,1.610071942,1.0
20210709,14,165.0,182.0,185.0,192.0,181.0,2229,22.6,2.0,98.0,4.4,191.6,5,9,7,3.078729282,1.0
20210709,15,153.0,149.0,179.0,188.0,167.0,774,22.7,1.4,98.0,4.8,191.6,5,9,7,1.156950673,1.0
20210709,16,176.0,163.0,173.0,172.0,171.0,1881,22.9,1.2,98.0,4.8,191.6,5,9,7,2.75,1.0
20210709,17,124.0,120.0,163.0,165.0,143.0,955,23.2,0.5,98.0,4.8,191.6,5,9,7,1.66958042,1.0
20210709,18,168.0,174.0,173.0,163.0,170.0,1186,23.0,1.2,98.0,4.8,191.6,5,9,7,1.749262537,1.5
20210709,19,140.0,134.0,139.0,123.0,134.0,3718,23.0,0.3,98.0,4.8,191.6,5,9,7,6.936567164,1.5
20210709,20,97.0,101.0,106.0,111.0,104.0,36,22.9,0.3,98.0,4.8,191.6,5,9,7,0.086746988,1.5
20210709,21,106.0,97.0,101.0,109.0,103.0,3,22.9,1.0,98.0,4.8,191.6,5,9,7,0.007263923,1.5
20210709,22,91.0,102.0,111.0,104.0,102.0,45,22.9,0.7,98.0,4.8,191.6,5,9,7,0.110294118,1.5
20210709,23,93.0,100.0,106.0,85.0,96.0,0,22.7,0.7,98.0,4.8,191.6,5,9,7,0.0,1.5
20210710,0,70.0,62.0,64.0,64.0,65.0,0,22.3,0.3,98.0,0.0,191.6,6,10,7,0.0,1.5
20210710,1,89.0,102.0,98.0,97.0,97.0,6,22.1,0.7,98.0,0.0,191.6,6,10,7,0.015544041,1.5
20210710,2,100.0,97.0,96.0,94.0,97.0,41,22.5,1.4,98.0,0.0,191.6,6,10,7,0.105943152,1.5
20210710,3,85.0,96.0,100.0,106.0,97.0,0,22.2,1.2,98.0,0.0,191.6,6,10,7,0.0,1.5
20210710,4,106.0,96.0,99.0,98.0,100.0,30,22.0,0.6,98.0,0.0,191.6,6,10,7,0.07518797,1.5
20210710,5,83.0,69.0,84.0,97.0,83.0,0,21.8,1.1,98.0,0.0,191.6,6,10,7,0.0,1.5
20210710,6,103.0,102.0,104.0,94.0,101.0,120,22.4,1.2,98.0,0.0,191.6,6,10,7,0.297766749,1.5
20210710,7,105.0,91.0,69.0,34.0,75.0,290,24.4,0.7,98.0,0.0,191.6,6,10,7,0.969899666,1.5
20210710,8,26.0,27.0,26.0,26.0,26.0,0,26.3,0.8,93.0,0.0,191.6,6,10,7,0.0,1.5
20210710,9,27.0,27.0,27.0,26.0,27.0,0,27.1,1.6,86.0,0.0,191.6,6,10,7,0.0,1.0
20210710,10,27.0,32.0,30.0,29.0,30.0,0,27.9,1.5,80.0,0.0,191.6,6,10,7,0.0,1.0
20210710,11,31.0,29.0,29.0,28.0,29.0,0,28.4,1.3,75.0,0.0,191.6,6,10,7,0.0,1.0
20210710,12,26.0,25.0,26.0,25.0,26.0,0,29.5,3.6,66.0,0.0,191.6,6,10,7,0.0,1.0
20210710,13,27.0,28.0,23.0,22.0,25.0,0,30.0,3.6,65.0,0.0,191.6,6,10,7,0.0,1.0
20210710,14,23.0,22.0,22.0,23.0,23.0,0,29.6,3.8,65.0,0.0,191.6,6,10,7,0.0,1.0
20210710,15,24.0,23.0,23.0,25.0,24.0,0,28.8,4.5,69.0,0.0,191.6,6,10,7,0.0,1.0
20210710,16,24.0,27.0,24.0,22.0,24.0,0,28.9,3.3,71.0,0.0,191.6,6,10,7,0.0,1.0
20210710,17,23.0,23.0,22.0,22.0,23.0,0,28.4,3.2,71.0,0.0,191.6,6,10,7,0.0,1.0
20210710,18,22.0,22.0,22.0,22.0,22.0,0,27.6,1.2,74.0,0.0,191.6,6,10,7,0.0,1.5
20210710,19,22.0,26.0,26.0,23.0,24.0,0,25.7,3.3,72.0,0.0,191.6,6,10,7,0.0,1.5
20210710,20,21.0,22.0,23.0,22.0,22.0,0,21.6,1.4,95.0,0.2,191.6,6,10,7,0.0,1.5
20210710,21,23.0,22.0,22.0,22.0,22.0,0,21.5,0.0,98.0,0.2,191.6,6,10,7,0.0,1.5
20210710,22,23.0,26.0,26.0,23.0,25.0,0,21.6,1.6,98.0,0.2,191.6,6,10,7,0.0,1.5
20210710,23,22.0,22.0,22.0,23.0,22.0,0,21.5,0.6,98.0,0.2,191.6,6,10,7,0.0,1.5
20210711,0,22.0,22.0,23.0,23.0,23.0,0,21.9,0.3,98.0,0.0,191.6,7,11,7,0.0,1.5
20210711,1,23.0,26.0,27.0,26.0,26.0,0,21.6,1.1,98.0,0.0,191.6,7,11,7,0.0,1.5
20210711,2,23.0,23.0,22.0,22.0,23.0,0,21.8,0.1,98.0,0.0,191.6,7,11,7,0.0,1.5
20210711,3,24.0,22.0,23.0,23.0,23.0,0,21.8,0.9,98.0,0.0,191.6,7,11,7,0.0,1.5
20210711,4,23.0,22.0,24.0,23.0,23.0,0,22.2,1.3,98.0,0.0,191.6,7,11,7,0.0,1.5
20210711,5,27.0,24.0,22.0,21.0,24.0,0,21.8,0.2,98.0,0.0,191.6,7,11,7,0.0,1.5
20210711,6,22.0,22.0,22.0,22.0,22.0,0,23.6,0.0,98.0,0.0,191.6,7,11,7,0.0,1.5
20210711,7,22.0,22.0,22.0,22.0,22.0,0,25.8,0.5,90.0,0.0,191.6,7,11,7,0.0,1.5
20210711,8,22.0,27.0,24.0,22.0,24.0,0,27.3,1.2,79.0,0.0,191.6,7,11,7,0.0,1.5
20210711,9,22.0,22.0,22.0,22.0,22.0,0,29.0,2.4,68.0,0.0,191.6,7,11,7,0.0,1.0
20210711,10,23.0,22.0,23.0,22.0,23.0,0,30.4,2.4,68.0,0.0,191.6,7,11,7,0.0,1.0
20210711,11,22.0,26.0,28.0,23.0,25.0,0,30.8,3.1,61.0,0.0,191.6,7,11,7,0.0,1.0
20210711,12,23.0,23.0,24.0,22.0,23.0,0,31.2,3.6,57.0,0.0,191.6,7,11,7,0.0,1.0
20210711,13,24.0,24.0,23.0,23.0,24.0,0,31.8,3.9,57.0,0.0,191.6,7,11,7,0.0,1.0
20210711,14,24.0,24.0,28.0,27.0,26.0,0,31.3,3.1,57.0,0.0,191.6,7,11,7,0.0,1.0
20210711,15,24.0,24.0,24.0,24.0,24.0,0,28.3,1.5,77.0,0.0,191.6,7,11,7,0.0,1.0
20210711,16,24.0,24.0,24.0,26.0,25.0,0,28.6,1.3,80.0,0.0,191.6,7,11,7,0.0,1.0
20210711,17,23.0,23.0,23.0,26.0,24.0,0,28.7,1.1,81.0,0.0,191.6,7,11,7,0.0,1.0
20210711,18,26.0,23.0,22.0,22.0,23.0,0,27.7,0.8,83.0,0.0,191.6,7,11,7,0.0,1.5
20210711,19,22.0,23.0,22.0,22.0,22.0,0,26.6,0.8,92.0,0.0,191.6,7,11,7,0.0,1.5
20210711,20,23.0,23.0,22.0,23.0,23.0,0,26.7,1.3,94.0,0.0,191.6,7,11,7,0.0,1.5
20210711,21,26.0,28.0,24.0,23.0,25.0,0,26.6,1.0,94.0,0.0,191.6,7,11,7,0.0,1.5
20210711,22,23.0,22.0,24.0,23.0,23.0,0,25.2,1.9,89.0,0.0,191.6,7,11,7,0.0,1.5
20210711,23,23.0,22.0,22.0,23.0,23.0,0,24.5,1.1,92.0,0.0,191.6,7,11,7,0.0,1.5
20210712,0,23.0,26.0,26.0,23.0,25.0,0,23.6,1.1,95.0,0.0,191.6,1,12,7,0.0,1.5
20210712,1,23.0,23.0,23.0,22.0,23.0,0,23.7,1.2,98.0,0.0,191.6,1,12,7,0.0,1.5
20210712,2,23.0,22.0,23.0,22.0,23.0,0,23.5,1.5,98.0,0.0,191.6,1,12,7,0.0,1.5
20210712,3,22.0,23.0,24.0,27.0,24.0,0,23.5,2.0,98.0,0.0,191.6,1,12,7,0.0,1.5
20210712,4,23.0,21.0,22.0,22.0,22.0,0,23.8,1.6,95.0,0.0,191.6,1,12,7,0.0,1.5
20210712,5,23.0,23.0,23.0,23.0,23.0,0,23.8,1.1,96.0,0.0,191.6,1,12,7,0.0,1.5
20210712,6,23.0,23.0,23.0,25.0,24.0,0,25.9,1.1,87.0,0.0,191.6,1,12,7,0.0,1.5
20210712,7,31.0,40.0,66.0,123.0,65.0,0,25.5,1.6,91.0,0.0,191.6,1,12,7,0.0,1.5
20210712,8,153.0,196.0,198.0,195.0,186.0,522,28.4,1.3,81.0,0.0,191.6,1,12,7,0.703504043,1.5
20210712,9,195.0,192.0,187.0,191.0,191.0,498,30.3,1.1,72.0,0.0,191.6,1,12,7,0.650980392,1.0
20210712,10,149.0,180.0,183.0,186.0,175.0,1883,31.6,1.9,62.0,0.0,191.6,1,12,7,2.697707736,1.0
20210712,11,188.0,187.0,187.0,180.0,186.0,1127,31.8,2.3,65.0,0.0,191.6,1,12,7,1.518867925,1.0
20210712,12,134.0,115.0,107.0,103.0,115.0,194,32.0,2.3,67.0,0.0,191.6,1,12,7,0.422657952,1.0
20210712,13,146.0,169.0,178.0,174.0,167.0,676,31.8,2.2,69.0,0.0,191.6,1,12,7,1.013493253,1.0
20210712,14,177.0,184.0,185.0,190.0,184.0,5121,31.4,1.9,67.0,0.0,191.6,1,12,7,6.957880435,1.0
20210712,15,143.0,143.0,182.0,188.0,164.0,1018,30.6,2.3,70.0,0.0,191.6,1,12,7,1.551829268,1.0
20210712,16,177.0,164.0,177.0,177.0,174.0,1233,29.6,1.4,70.0,0.0,191.6,1,12,7,1.774100719,1.0
20210712,17,125.0,105.0,147.0,173.0,138.0,509,29.7,1.0,71.0,0.0,191.6,1,12,7,0.925454545,1.0
20210712,18,164.0,153.0,162.0,149.0,157.0,1047,28.0,1.1,82.0,0.0,191.6,1,12,7,1.667197452,1.5
20210712,19,158.0,175.0,165.0,129.0,157.0,2885,27.0,0.5,88.0,0.0,191.6,1,12,7,4.601275917,1.5
20210712,20,117.0,119.0,136.0,127.0,125.0,6,27.0,2.0,90.0,0.0,191.6,1,12,7,0.012024048,1.5
20210712,21,119.0,133.0,120.0,106.0,120.0,217,26.3,2.0,93.0,0.0,191.6,1,12,7,0.453974895,1.5
20210712,22,104.0,120.0,125.0,113.0,116.0,28,25.8,0.7,94.0,0.0,191.6,1,12,7,0.060606061,1.5
20210712,23,112.0,115.0,105.0,79.0,103.0,79,25.3,1.7,97.0,0.0,191.6,1,12,7,0.192214112,1.5
20210713,0,70.0,69.0,69.0,69.0,69.0,0,25.1,2.0,98.0,0.0,191.6,2,13,7,0.0,1.5
20210713,1,77.0,93.0,119.0,94.0,96.0,0,25.0,1.3,97.0,0.0,191.6,2,13,7,0.0,1.5
20210713,2,117.0,110.0,114.0,107.0,112.0,0,24.9,1.5,96.0,0.0,191.6,2,13,7,0.0,1.5
20210713,3,115.0,107.0,112.0,107.0,110.0,0,24.7,0.4,96.0,0.0,191.6,2,13,7,0.0,1.5
20210713,4,106.0,112.0,101.0,106.0,106.0,0,24.5,1.4,96.0,0.0,191.6,2,13,7,0.0,1.5
20210713,5,121.0,153.0,162.0,136.0,143.0,0,24.7,0.2,96.0,0.0,191.6,2,13,7,0.0,1.5
20210713,6,125.0,124.0,121.0,120.0,123.0,0,25.8,1.0,93.0,0.0,191.6,2,13,7,0.0,1.5
20210713,7,112.0,107.0,113.0,111.0,111.0,0,27.5,1.0,84.0,0.0,191.6,2,13,7,0.0,1.5
20210713,8,112.0,110.0,81.0,104.0,102.0,0,29.2,1.9,73.0,0.0,191.6,2,13,7,0.0,1.5
20210713,9,105.0,118.0,112.0,113.0,112.0,0,29.3,3.0,69.0,0.0,191.6,2,13,7,0.0,1.5
20210713,10,112.0,124.0,138.0,123.0,124.0,0,31.3,2.1,66.0,0.0,191.6,2,13,7,0.0,1.5
20210713,11,108.0,144.0,167.0,135.0,139.0,0,31.6,3.0,63.0,0.0,191.6,2,13,7,0.0,1.5
20210713,12,120.0,129.0,121.0,123.0,123.0,0,31.9,1.3,64.0,0.0,191.6,2,13,7,0.0,1.5
20210713,13,108.0,98.0,110.0,112.0,107.0,0,30.1,1.9,74.0,0.0,191.6,2,13,7,0.0,1.5
20210713,14,123.0,155.0,174.0,147.0,150.0,0,32.7,1.7,65.0,0.0,191.6,2,13,7,0.0,1.5
20210713,15,181.0,186.0,181.0,174.0,181.0,0,30.5,2.3,74.0,0.0,191.6,2,13,7,0.0,1.5
20210713,16,179.0,181.0,167.0,170.0,174.0,0,29.7,2.3,77.0,0.0,191.6,2,13,7,0.0,1.5
20210713,17,144.0,136.0,147.0,146.0,143.0,0,28.4,1.1,82.0,0.0,191.6,2,13,7,0.0,1.5
20210713,18,152.0,143.0,160.0,153.0,152.0,0,28.2,0.6,84.0,0.0,191.6,2,13,7,0.0,1.5
20210713,19,170.0,168.0,187.0,172.0,174.0,0,27.5,0.7,87.0,0.0,191.6,2,13,7,0.0,1.5
20210713,20,168.0,189.0,169.0,174.0,175.0,0,27.0,0.2,90.0,0.0,191.6,2,13,7,0.0,1.5
20210713,21,165.0,178.0,179.0,173.0,174.0,0,27.3,1.5,87.0,0.0,191.6,2,13,7,0.0,1.5
20210713,22,187.0,171.0,177.0,176.0,178.0,0,26.8,2.4,88.0,0.0,191.6,2,13,7,0.0,1.5
20210713,23,190.0,188.0,187.0,188.0,188.0,0,26.3,1.6,90.0,0.0,191.6,2,13,7,0.0,1.5
20210714,0,75.0,71.0,73.0,72.0,73.0,327,26.3,2.0,88.0,0.0,191.6,3,14,7,1.12371134,1.5
20210714,1,90.0,112.0,107.0,99.0,102.0,166,26.1,1.9,87.0,0.0,191.6,3,14,7,0.406862745,1.5
20210714,2,109.0,108.0,107.0,97.0,105.0,354,25.7,1.3,88.0,0.0,191.6,3,14,7,0.840855107,1.5
20210714,3,86.0,100.0,114.0,109.0,102.0,111,25.6,2.1,88.0,0.0,191.6,3,14,7,0.271393643,1.5
20210714,4,106.0,107.0,105.0,103.0,105.0,66,24.3,0.4,95.0,0.0,191.6,3,14,7,0.156769596,1.5
20210714,5,81.0,73.0,88.0,115.0,89.0,0,25.3,0.3,97.0,0.0,191.6,3,14,7,0.0,1.5
20210714,6,112.0,100.0,100.0,110.0,106.0,45,27.4,0.8,88.0,0.0,191.6,3,14,7,0.106635071,1.5
20210714,7,111.0,126.0,154.0,137.0,132.0,582,28.9,0.5,76.0,0.0,191.6,3,14,7,1.102272727,1.5
20210714,8,157.0,186.0,186.0,186.0,179.0,530,29.4,1.5,73.0,0.0,191.6,3,14,7,0.741258741,1.5
20210714,9,177.0,180.0,195.0,188.0,185.0,1304,30.2,1.8,67.0,0.0,191.6,3,14,7,1.762162162,1.0
20210714,10,158.0,182.0,185.0,173.0,175.0,1851,30.4,2.2,75.0,0.0,191.6,3,14,7,2.651862464,1.0
20210714,11,182.0,193.0,189.0,177.0,185.0,1796,30.4,1.9,74.0,0.0,191.6,3,14,7,2.423751687,1.0
20210714,12,110.0,94.0,96.0,97.0,99.0,88,31.5,1.9,74.0,0.0,191.6,3,14,7,0.221662469,1.0
20210714,13,143.0,179.0,168.0,173.0,166.0,1564,31.4,2.6,71.0,0.0,191.6,3,14,7,2.358974359,1.0
20210714,14,186.0,176.0,170.0,179.0,178.0,1154,32.1,2.0,71.0,0.0,191.6,3,14,7,1.623066104,1.0
20210714,15,141.0,123.0,136.0,136.0,134.0,587,30.9,2.0,74.0,0.0,191.6,3,14,7,1.095149254,1.0
20210714,16,155.0,150.0,156.0,156.0,154.0,1732,30.3,2.5,76.0,0.0,191.6,3,14,7,2.80713128,1.0
20210714,17,125.0,110.0,145.0,179.0,140.0,2473,29.6,1.3,77.0,0.0,191.6,3,14,7,4.423971377,1.0
20210714,18,169.0,164.0,163.0,163.0,165.0,283,28.2,0.6,84.0,0.0,191.6,3,14,7,0.429438543,1.5
20210714,19,148.0,148.0,142.0,114.0,138.0,1793,27.6,0.3,88.0,0.0,191.6,3,14,7,3.248188406,1.5
20210714,20,110.0,120.0,111.0,106.0,112.0,268,27.8,1.2,90.0,0.0,191.6,3,14,7,0.599552573,1.5
20210714,21,113.0,110.0,112.0,111.0,112.0,58,27.2,1.3,91.0,0.0,191.6,3,14,7,0.130044843,1.5
20210714,22,101.0,115.0,113.0,112.0,110.0,51,27.1,2.3,89.0,0.0,191.6,3,14,7,0.115646259,1.5
20210714,23,109.0,112.0,112.0,83.0,104.0,70,26.3,0.9,93.0,0.0,191.6,3,14,7,0.168269231,1.5
20210715,0,70.0,66.0,65.0,68.0,67.0,0,25.6,0.6,96.0,0.0,191.6,4,15,7,0.0,1.5
20210715,1,75.0,90.0,106.0,89.0,90.0,0,25.8,0.9,95.0,0.0,191.6,4,15,7,0.0,1.5
20210715,2,119.0,112.0,107.0,106.0,111.0,0,25.7,1.5,97.0,0.0,191.6,4,15,7,0.0,1.5
20210715,3,111.0,109.0,110.0,107.0,109.0,0,24.9,0.6,98.0,0.0,191.6,4,15,7,0.0,1.5
20210715,4,107.0,121.0,103.0,107.0,110.0,0,24.5,0.6,98.0,0.0,191.6,4,15,7,0.0,1.5
20210715,5,96.0,88.0,76.0,92.0,88.0,0,24.7,0.5,98.0,0.0,191.6,4,15,7,0.0,1.5
20210715,6,95.0,106.0,108.0,104.0,103.0,0,25.4,1.1,98.0,0.0,191.6,4,15,7,0.0,1.5
20210715,7,110.0,106.0,105.0,108.0,107.0,0,26.6,1.0,95.0,0.0,191.6,4,15,7,0.0,1.5
20210715,8,124.0,144.0,139.0,130.0,134.0,0,27.5,0.9,90.0,0.0,191.6,4,15,7,0.0,1.5
20210715,9,117.0,102.0,120.0,113.0,113.0,0,29.3,1.6,81.0,0.0,191.6,4,15,7,0.0,1.5
20210715,10,107.0,108.0,105.0,110.0,108.0,0,30.0,1.6,76.0,0.0,191.6,4,15,7,0.0,1.5
20210715,11,100.0,138.0,168.0,131.0,134.0,0,29.8,2.4,76.0,0.0,191.6,4,15,7,0.0,1.5
20210715,12,123.0,114.0,115.0,118.0,118.0,0,30.1,2.6,75.0,0.0,191.6,4,15,7,0.0,1.5
20210715,13,130.0,122.0,114.0,122.0,122.0,0,30.3,2.3,75.0,0.0,191.6,4,15,7,0.0,1.5
20210715,14,132.0,168.0,169.0,150.0,155.0,0,29.3,2.9,76.0,0.0,191.6,4,15,7,0.0,1.5
20210715,15,148.0,159.0,149.0,150.0,152.0,0,28.7,1.0,75.0,0.0,191.6,4,15,7,0.0,1.5
20210715,16,186.0,193.0,179.0,176.0,184.0,0,28.7,0.7,80.0,0.0,191.6,4,15,7,0.0,1.5
20210715,17,173.0,173.0,174.0,169.0,172.0,0,27.1,1.2,87.0,0.0,191.6,4,15,7,0.0,1.5
20210715,18,188.0,202.0,192.0,186.0,192.0,0,26.6,1.0,90.0,0.0,191.6,4,15,7,0.0,1.5
20210715,19,160.0,160.0,157.0,162.0,160.0,0,25.8,0.7,92.0,0.0,191.6,4,15,7,0.0,1.5
20210715,20,150.0,146.0,166.0,158.0,155.0,0,25.3,1.0,94.0,0.0,191.6,4,15,7,0.0,1.5
20210715,21,186.0,188.0,190.0,185.0,187.0,0,25.3,1.0,94.0,0.0,191.6,4,15,7,0.0,1.5
20210715,22,196.0,200.0,202.0,195.0,198.0,0,25.4,1.1,93.0,0.0,191.6,4,15,7,0.0,1.5
20210715,23,178.0,190.0,193.0,186.0,187.0,0,24.9,0.8,93.0,0.0,191.6,4,15,7,0.0,1.5
20210716,0,67.0,65.0,64.0,65.0,65.0,36,23.9,1.5,98.0,0.0,191.6,5,16,7,0.137931034,1.5
20210716,1,95.0,96.0,100.0,92.0,96.0,74,24.4,1.1,97.0,0.0,191.6,5,16,7,0.193211488,1.5
20210716,2,99.0,103.0,101.0,102.0,101.0,37,23.8,0.3,98.0,0.0,191.6,5,16,7,0.091358025,1.5
20210716,3,98.0,114.0,106.0,108.0,107.0,175,23.4,1.1,98.0,0.0,191.6,5,16,7,0.410798122,1.5
20210716,4,109.0,106.0,105.0,102.0,106.0,211,23.1,0.4,98.0,0.0,191.6,5,16,7,0.5,1.5
20210716,5,80.0,74.0,89.0,107.0,88.0,92,23.3,1.4,98.0,0.0,191.6,5,16,7,0.262857143,1.5
20210716,6,108.0,109.0,98.0,109.0,106.0,304,24.9,1.1,97.0,0.0,191.6,5,16,7,0.716981132,1.5
20210716,7,107.0,120.0,157.0,157.0,135.0,563,27.0,0.9,87.0,0.0,191.6,5,16,7,1.040665434,1.5
20210716,8,177.0,193.0,194.0,182.0,187.0,555,27.5,1.4,82.0,0.0,191.6,5,16,7,0.743967828,1.5
20210716,9,190.0,173.0,188.0,189.0,185.0,1863,28.4,3.3,76.0,0.0,191.6,5,16,7,2.517567568,1.0
20210716,10,130.0,171.0,187.0,187.0,169.0,4118,29.0,3.3,76.0,0.0,191.6,5,16,7,6.100740741,1.0
20210716,11,177.0,182.0,194.0,197.0,188.0,1964,28.3,3.5,74.0,0.0,191.6,5,16,7,2.618666667,1.0
20210716,12,128.0,108.0,110.0,119.0,116.0,248,29.0,3.0,72.0,0.0,191.6,5,16,7,0.533333333,1.0
20210716,13,154.0,176.0,177.0,181.0,172.0,2135,28.5,3.6,76.0,0.0,191.6,5,16,7,3.103197674,1.0
20210716,14,161.0,147.0,173.0,181.0,166.0,2010,28.3,3.3,77.0,0.0,191.6,5,16,7,3.036253776,1.0
20210716,15,134.0,133.0,189.0,176.0,158.0,1731,27.4,2.6,79.0,0.0,191.6,5,16,7,2.738924051,1.0
20210716,16,178.0,176.0,149.0,156.0,165.0,2823,27.0,2.2,80.0,0.0,191.6,5,16,7,4.283763278,1.0
20210716,17,114.0,106.0,157.0,176.0,138.0,2670,26.9,1.0,82.0,0.0,191.6,5,16,7,4.828209765,1.0
20210716,18,168.0,155.0,156.0,151.0,158.0,1066,26.0,2.6,87.0,0.0,191.6,5,16,7,1.692063492,1.5
20210716,19,143.0,141.0,146.0,115.0,136.0,1287,25.4,1.3,88.0,0.0,191.6,5,16,7,2.36146789,1.5
20210716,20,104.0,111.0,123.0,117.0,114.0,16,25.1,1.5,90.0,0.0,191.6,5,16,7,0.035164835,1.5
20210716,21,117.0,120.0,111.0,106.0,114.0,45,25.0,1.9,91.0,0.0,191.6,5,16,7,0.099118943,1.5
20210716,22,94.0,106.0,112.0,95.0,102.0,59,24.7,1.9,93.0,0.3,191.6,5,16,7,0.144963145,1.5
20210716,23,118.0,111.0,99.0,77.0,101.0,330,24.8,1.6,96.0,0.3,191.6,5,16,7,0.814814815,1.5
20210717,0,66.0,63.0,62.0,63.0,64.0,21,24.6,1.1,95.0,0.0,191.6,6,17,7,0.082677165,1.5
20210717,1,90.0,110.0,102.0,100.0,101.0,130,24.6,0.9,95.0,0.0,191.6,6,17,7,0.323383085,1.5
20210717,2,105.0,101.0,92.0,95.0,98.0,426,24.4,1.3,96.0,0.0,191.6,6,17,7,1.083969466,1.5
20210717,3,85.0,90.0,99.0,102.0,94.0,108,23.6,1.7,98.0,0.0,191.6,6,17,7,0.287234043,1.5
20210717,4,97.0,89.0,96.0,103.0,96.0,95,23.9,1.3,98.0,0.0,191.6,6,17,7,0.246753247,1.5
20210717,5,77.0,64.0,87.0,108.0,84.0,63,24.3,1.2,98.0,0.0,191.6,6,17,7,0.1875,1.5
20210717,6,96.0,76.0,81.0,87.0,85.0,30,25.3,1.8,94.0,0.0,191.6,6,17,7,0.088235294,1.5
20210717,7,88.0,73.0,40.0,28.0,57.0,994,25.5,1.0,87.0,0.0,191.6,6,17,7,4.340611354,1.5
20210717,8,25.0,27.0,24.0,23.0,25.0,0,25.3,2.2,86.0,0.1,191.6,6,17,7,0.0,1.5
20210717,9,23.0,23.0,22.0,24.0,23.0,0,25.9,1.9,80.0,0.6,191.6,6,17,7,0.0,1.0
20210717,10,24.0,23.0,23.0,23.0,23.0,0,26.4,2.8,78.0,0.6,191.6,6,17,7,0.0,1.0
20210717,11,23.0,24.0,23.0,27.0,24.0,0,26.8,2.1,81.0,0.6,191.6,6,17,7,0.0,1.0
20210717,12,26.0,24.0,23.0,24.0,24.0,0,27.0,2.8,79.0,0.6,191.6,6,17,7,0.0,1.0
20210717,13,24.0,23.0,23.0,23.0,23.0,0,27.3,2.5,76.0,0.6,191.6,6,17,7,0.0,1.0
20210717,14,23.0,24.0,23.0,23.0,23.0,0,26.8,1.7,79.0,0.6,191.6,6,17,7,0.0,1.0
20210717,15,28.0,27.0,23.0,23.0,25.0,0,28.2,2.1,69.0,0.6,191.6,6,17,7,0.0,1.0
20210717,16,23.0,23.0,24.0,22.0,23.0,0,28.4,2.3,68.0,0.6,191.6,6,17,7,0.0,1.0
20210717,17,22.0,22.0,23.0,22.0,22.0,0,26.4,2.3,76.0,0.6,191.6,6,17,7,0.0,1.0
20210717,18,22.0,25.0,27.0,23.0,24.0,0,25.9,2.6,78.0,0.6,191.6,6,17,7,0.0,1.5
20210717,19,22.0,23.0,23.0,23.0,23.0,0,25.3,0.7,84.0,0.6,191.6,6,17,7,0.0,1.5
20210717,20,23.0,22.0,23.0,23.0,23.0,0,25.3,1.3,83.0,0.6,191.6,6,17,7,0.0,1.5
20210717,21,24.0,24.0,23.0,24.0,24.0,0,25.4,0.5,82.0,0.6,191.6,6,17,7,0.0,1.5
20210717,22,28.0,24.0,24.0,24.0,25.0,0,25.3,1.1,87.0,0.6,191.6,6,17,7,0.0,1.5
20210717,23,23.0,22.0,23.0,24.0,23.0,0,25.0,1.0,88.0,0.6,191.6,6,17,7,0.0,1.5
20210718,0,23.0,22.0,23.0,24.0,23.0,0,24.5,1.0,93.0,0.0,191.6,7,18,7,0.0,1.5
20210718,1,28.0,26.0,23.0,23.0,25.0,0,24.5,1.6,93.0,0.0,191.6,7,18,7,0.0,1.5
20210718,2,23.0,23.0,23.0,24.0,23.0,0,24.2,1.4,94.0,0.0,191.6,7,18,7,0.0,1.5
20210718,3,22.0,23.0,24.0,23.0,23.0,0,24.0,0.9,96.0,0.0,191.6,7,18,7,0.0,1.5
20210718,4,23.0,28.0,25.0,23.0,25.0,0,23.6,1.4,97.0,0.0,191.6,7,18,7,0.0,1.5
20210718,5,22.0,22.0,22.0,22.0,22.0,0,23.5,1.3,98.0,0.0,191.6,7,18,7,0.0,1.5
20210718,6,23.0,23.0,23.0,22.0,23.0,0,24.0,1.3,96.0,0.0,191.6,7,18,7,0.0,1.5
20210718,7,23.0,25.0,28.0,25.0,25.0,0,26.5,1.5,88.0,0.0,191.6,7,18,7,0.0,1.5
20210718,8,22.0,23.0,23.0,24.0,23.0,0,27.2,2.2,81.0,0.0,191.6,7,18,7,0.0,1.5
20210718,9,22.0,23.0,23.0,23.0,23.0,0,27.7,2.8,79.0,0.0,191.6,7,18,7,0.0,1.0
20210718,10,22.0,22.0,23.0,23.0,23.0,0,28.8,3.2,73.0,0.0,191.6,7,18,7,0.0,1.0
20210718,11,24.0,27.0,23.0,24.0,25.0,0,28.1,1.8,76.0,0.0,191.6,7,18,7,0.0,1.0
20210718,12,23.0,23.0,22.0,23.0,23.0,0,28.4,2.6,71.0,0.0,191.6,7,18,7,0.0,1.0
20210718,13,23.0,23.0,23.0,23.0,23.0,0,28.4,1.7,74.0,0.0,191.6,7,18,7,0.0,1.0
20210718,14,24.0,25.0,27.0,24.0,25.0,0,28.7,2.8,70.0,0.0,191.6,7,18,7,0.0,1.0
20210718,15,24.0,26.0,24.0,23.0,24.0,0,27.8,3.1,74.0,0.0,191.6,7,18,7,0.0,1.0
20210718,16,23.0,23.0,23.0,23.0,23.0,0,27.6,2.6,76.0,0.0,191.6,7,18,7,0.0,1.0
20210718,17,23.0,24.0,23.0,27.0,24.0,0,27.7,2.6,74.0,0.0,191.6,7,18,7,0.0,1.0
20210718,18,25.0,23.0,23.0,23.0,24.0,0,26.8,2.1,80.0,0.0,191.6,7,18,7,0.0,1.5
20210718,19,23.0,23.0,23.0,22.0,23.0,0,25.9,1.3,88.0,0.0,191.6,7,18,7,0.0,1.5
20210718,20,23.0,23.0,22.0,23.0,23.0,0,25.3,1.2,90.0,0.0,191.6,7,18,7,0.0,1.5
20210718,21,26.0,28.0,23.0,24.0,25.0,0,24.7,2.1,93.0,0.0,191.6,7,18,7,0.0,1.5
20210718,22,23.0,23.0,24.0,24.0,24.0,0,24.2,0.5,91.0,0.0,191.6,7,18,7,0.0,1.5
20210718,23,23.0,22.0,22.0,23.0,23.0,0,24.6,0.7,92.0,0.0,191.6,7,18,7,0.0,1.5
20210719,0,23.0,25.0,28.0,26.0,26.0,0,24.3,1.9,91.0,0.0,191.6,1,19,7,0.0,1.5
20210719,1,24.0,24.0,23.0,23.0,24.0,0,24.1,1.1,91.0,0.0,191.6,1,19,7,0.0,1.5
20210719,2,23.0,22.0,24.0,24.0,23.0,0,23.7,1.2,93.0,0.0,191.6,1,19,7,0.0,1.5
20210719,3,24.0,23.0,22.0,23.0,23.0,0,23.6,1.0,95.0,0.0,191.6,1,19,7,0.0,1.5
20210719,4,27.0,27.0,22.0,22.0,25.0,0,23.6,1.3,95.0,0.0,191.6,1,19,7,0.0,1.5
20210719,5,22.0,23.0,23.0,23.0,23.0,0,23.4,1.1,98.0,0.0,191.6,1,19,7,0.0,1.5
20210719,6,23.0,23.0,22.0,23.0,23.0,0,23.8,1.3,97.0,0.0,191.6,1,19,7,0.0,1.5
20210719,7,24.0,39.0,76.0,119.0,65.0,0,25.0,2.0,91.0,0.0,191.6,1,19,7,0.0,1.5
20210719,8,172.0,200.0,194.0,185.0,188.0,604,27.3,1.4,83.0,0.0,191.6,1,19,7,0.804260985,1.5
20210719,9,182.0,174.0,185.0,176.0,179.0,1431,28.3,0.6,75.0,0.0,191.6,1,19,7,1.9958159,1.0
20210719,10,146.0,180.0,209.0,203.0,185.0,568,27.9,0.8,76.0,0.0,191.6,1,19,7,0.769647696,1.0
20210719,11,182.0,222.0,207.0,186.0,199.0,1280,28.4,1.3,75.0,0.0,191.6,1,19,7,1.606022585,1.0
20210719,12,134.0,111.0,111.0,113.0,117.0,0,29.8,1.0,68.0,0.0,191.6,1,19,7,0.0,1.0
20210719,13,157.0,188.0,193.0,174.0,178.0,645,28.8,1.2,73.0,0.0,191.6,1,19,7,0.905898876,1.0
20210719,14,175.0,190.0,177.0,170.0,178.0,2075,28.5,1.2,72.0,0.0,191.6,1,19,7,2.914325843,1.0
20210719,15,141.0,141.0,194.0,201.0,169.0,2253,28.9,1.2,69.0,0.0,191.6,1,19,7,3.327917282,1.0
20210719,16,187.0,183.0,185.0,178.0,183.0,1495,29.5,1.4,67.0,0.0,191.6,1,19,7,2.039563438,1.0
20210719,17,136.0,110.0,161.0,190.0,149.0,389,29.0,1.5,67.0,0.0,191.6,1,19,7,0.65159129,1.0
20210719,18,188.0,167.0,166.0,162.0,171.0,465,28.1,1.8,72.0,0.0,191.6,1,19,7,0.680819912,1.5
20210719,19,154.0,162.0,156.0,131.0,151.0,1962,27.5,0.7,76.0,0.0,191.6,1,19,7,3.253731343,1.5
20210719,20,115.0,126.0,136.0,132.0,127.0,72,26.3,0.7,84.0,0.0,191.6,1,19,7,0.141453831,1.5
20210719,21,129.0,126.0,127.0,114.0,124.0,94,25.7,0.0,92.0,0.0,191.6,1,19,7,0.189516129,1.5
20210719,22,94.0,106.0,109.0,114.0,106.0,70,25.4,0.5,95.0,0.0,191.6,1,19,7,0.165484634,1.5
20210719,23,119.0,120.0,106.0,93.0,110.0,181,25.7,1.3,97.0,0.0,191.6,1,19,7,0.413242009,1.5
20210720,0,76.0,69.0,68.0,69.0,71.0,1584,26.1,0.9,93.0,0.0,191.6,2,20,7,5.617021277,1.5
20210720,1,83.0,104.0,112.0,102.0,100.0,567,25.7,0.2,93.0,0.0,191.6,2,20,7,1.413965087,1.5
20210720,2,106.0,104.0,100.0,103.0,103.0,591,25.7,0.2,94.0,0.0,191.6,2,20,7,1.430992736,1.5
20210720,3,87.0,103.0,116.0,112.0,105.0,392,25.2,0.2,97.0,0.0,191.6,2,20,7,0.937799043,1.5
20210720,4,110.0,110.0,108.0,100.0,107.0,796,25.2,0.8,97.0,0.0,191.6,2,20,7,1.859813084,1.5
20210720,5,91.0,79.0,87.0,106.0,91.0,388,25.1,0.6,98.0,0.0,191.6,2,20,7,1.068870523,1.5
20210720,6,109.0,110.0,117.0,104.0,110.0,102,26.7,0.8,90.0,0.0,191.6,2,20,7,0.231818182,1.5
20210720,7,109.0,130.0,148.0,146.0,133.0,1086,28.4,1.1,81.0,0.0,191.6,2,20,7,2.037523452,1.5
20210720,8,170.0,191.0,201.0,191.0,188.0,1248,29.7,0.6,68.0,0.0,191.6,2,20,7,1.657370518,1.5
20210720,9,199.0,195.0,171.0,200.0,191.0,1828,30.8,1.4,57.0,0.0,191.6,2,20,7,2.389542484,1.0
20210720,10,164.0,196.0,197.0,197.0,189.0,1282,31.1,1.2,58.0,0.0,191.6,2,20,7,1.700265252,1.0
20210720,11,192.0,191.0,188.0,190.0,190.0,1327,31.7,2.8,60.0,0.0,191.6,2,20,7,1.743758213,1.0
20210720,12,142.0,121.0,109.0,112.0,121.0,0,31.7,1.9,57.0,0.0,191.6,2,20,7,0.0,1.0
20210720,13,157.0,177.0,183.0,194.0,178.0,1234,30.1,3.8,60.0,0.0,191.6,2,20,7,1.735583685,1.0
20210720,14,192.0,186.0,185.0,183.0,187.0,823,29.9,3.6,63.0,0.0,191.6,2,20,7,1.103217158,1.0
20210720,15,145.0,144.0,180.0,199.0,167.0,419,30.2,3.2,65.0,0.0,191.6,2,20,7,0.627245509,1.0
20210720,16,201.0,179.0,179.0,181.0,185.0,2403,29.7,3.1,63.0,0.0,191.6,2,20,7,3.247297297,1.0
20210720,17,116.0,107.0,145.0,159.0,132.0,881,29.1,2.1,63.0,0.0,191.6,2,20,7,1.671726755,1.0
20210720,18,179.0,182.0,160.0,177.0,175.0,2031,27.5,1.3,74.0,0.0,191.6,2,20,7,2.90974212,1.5
20210720,19,176.0,173.0,173.0,159.0,170.0,3506,26.5,1.1,80.0,0.0,191.6,2,20,7,5.148311307,1.5
20210720,20,132.0,131.0,124.0,120.0,127.0,80,26.0,1.2,83.0,0.0,191.6,2,20,7,0.157790927,1.5
20210720,21,121.0,127.0,137.0,133.0,130.0,562,26.1,1.5,79.0,0.0,191.6,2,20,7,1.084942085,1.5
20210720,22,108.0,111.0,108.0,121.0,112.0,235,25.9,1.4,79.0,0.0,191.6,2,20,7,0.524553571,1.5
20210720,23,117.0,111.0,112.0,96.0,109.0,108,25.3,1.4,83.0,0.0,191.6,2,20,7,0.247706422,1.5
20210721,0,85.0,79.0,74.0,72.0,78.0,286,24.5,1.0,86.0,0.0,191.6,3,21,7,0.922580645,1.5
20210721,1,96.0,105.0,112.0,113.0,107.0,270,24.1,0.9,90.0,0.0,191.6,3,21,7,0.633802817,1.5
20210721,2,89.0,100.0,108.0,101.0,100.0,126,24.3,1.3,89.0,0.0,191.6,3,21,7,0.316582915,1.5
20210721,3,85.0,104.0,106.0,111.0,102.0,528,23.2,1.3,95.0,0.0,191.6,3,21,7,1.300492611,1.5
20210721,4,100.0,117.0,111.0,99.0,107.0,158,23.0,0.9,98.0,0.0,191.6,3,21,7,0.370023419,1.5
20210721,5,86.0,78.0,99.0,111.0,94.0,187,24.0,1.6,93.0,0.0,191.6,3,21,7,0.5,1.5
20210721,6,108.0,99.0,110.0,106.0,106.0,56,24.7,1.7,92.0,0.0,191.6,3,21,7,0.132387707,1.5
20210721,7,104.0,111.0,149.0,148.0,128.0,842,27.0,2.1,83.0,0.0,191.6,3,21,7,1.64453125,1.5
20210721,8,164.0,200.0,209.0,199.0,193.0,933,28.3,1.9,75.0,0.0,191.6,3,21,7,1.208549223,1.5
20210721,9,195.0,200.0,205.0,214.0,204.0,1013,29.1,2.8,72.0,0.0,191.6,3,21,7,1.244471744,1.0
20210721,10,164.0,197.0,183.0,173.0,179.0,628,29.1,3.8,67.0,0.0,191.6,3,21,7,0.875871688,1.0
20210721,11,180.0,200.0,200.0,206.0,197.0,1336,29.3,3.0,71.0,0.0,191.6,3,21,7,1.699745547,1.0
20210721,12,150.0,128.0,116.0,116.0,128.0,88,29.7,2.6,63.0,0.0,191.6,3,21,7,0.17254902,1.0
20210721,13,177.0,181.0,193.0,204.0,189.0,1911,29.2,2.6,72.0,0.0,191.6,3,21,7,2.531125828,1.0
20210721,14,197.0,203.0,201.0,194.0,199.0,972,29.4,2.5,75.0,0.0,191.6,3,21,7,1.222641509,1.0
20210721,15,151.0,151.0,199.0,183.0,171.0,4021,28.9,2.9,77.0,0.0,191.6,3,21,7,5.878654971,1.0
20210721,16,180.0,178.0,182.0,189.0,182.0,865,28.1,2.5,79.0,0.0,191.6,3,21,7,1.186556927,1.0
20210721,17,133.0,116.0,149.0,153.0,138.0,593,27.3,2.3,81.0,0.0,191.6,3,21,7,1.076225045,1.0
20210721,18,162.0,168.0,152.0,167.0,162.0,972,27.0,2.5,82.0,0.0,191.6,3,21,7,1.497688752,1.5
20210721,19,170.0,161.0,174.0,143.0,162.0,3122,26.6,1.9,83.0,0.0,191.6,3,21,7,4.817901235,1.5
20210721,20,126.0,138.0,131.0,128.0,131.0,0,26.3,2.8,85.0,0.0,191.6,3,21,7,0.0,1.5
20210721,21,118.0,116.0,118.0,116.0,117.0,273,26.4,2.7,82.0,0.0,191.6,3,21,7,0.583333333,1.5
20210721,22,88.0,102.0,110.0,114.0,104.0,275,26.0,1.7,84.0,0.0,191.6,3,21,7,0.664251208,1.5
20210721,23,106.0,111.0,107.0,88.0,103.0,6,26.1,1.5,85.0,0.0,191.6,3,21,7,0.014563107,1.5
20210722,0,73.0,72.0,70.0,67.0,71.0,222,25.7,1.8,87.0,0.0,191.6,4,22,7,0.787234043,1.5
20210722,1,88.0,96.0,106.0,106.0,99.0,150,25.4,2.0,89.0,0.0,191.6,4,22,7,0.378787879,1.5
20210722,2,97.0,111.0,108.0,95.0,103.0,23,25.2,1.8,91.0,0.0,191.6,4,22,7,0.055961071,1.5
20210722,3,86.0,104.0,103.0,105.0,100.0,162,25.1,2.3,91.0,0.0,191.6,4,22,7,0.407035176,1.5
20210722,4,101.0,105.0,106.0,108.0,105.0,82,25.2,1.0,91.0,0.0,191.6,4,22,7,0.195238095,1.5
20210722,5,80.0,74.0,85.0,103.0,86.0,0,25.2,1.4,91.0,0.0,191.6,4,22,7,0.0,1.5
20210722,6,104.0,106.0,109.0,104.0,106.0,482,25.7,1.6,90.0,0.0,191.6,4,22,7,1.139479905,1.5
20210722,7,101.0,108.0,132.0,146.0,122.0,1255,27.1,1.9,84.0,0.0,191.6,4,22,7,2.577002053,1.5
20210722,8,184.0,213.0,193.0,196.0,197.0,709,27.7,2.4,80.0,0.0,191.6,4,22,7,0.902035623,1.5
20210722,9,186.0,197.0,192.0,191.0,192.0,491,28.1,2.9,76.0,0.0,191.6,4,22,7,0.640992167,1.0
20210722,10,148.0,192.0,188.0,190.0,180.0,679,28.7,3.6,78.0,0.0,191.6,4,22,7,0.945682451,1.0
20210722,11,177.0,188.0,188.0,192.0,186.0,691,29.5,3.1,73.0,0.0,191.6,4,22,7,0.927516779,1.0
20210722,12,119.0,99.0,99.0,97.0,104.0,30,29.2,3.2,73.0,0.0,191.6,4,22,7,0.072463768,1.0
20210722,13,157.0,174.0,177.0,174.0,171.0,2297,28.3,2.8,77.0,0.0,191.6,4,22,7,3.368035191,1.0
20210722,14,178.0,178.0,182.0,189.0,182.0,383,28.6,3.2,76.0,0.0,191.6,4,22,7,0.526822558,1.0
20210722,15,149.0,143.0,182.0,180.0,164.0,727,28.7,3.4,77.0,0.0,191.6,4,22,7,1.111620795,1.0
20210722,16,172.0,166.0,166.0,157.0,165.0,634,29.3,2.2,75.0,0.0,191.6,4,22,7,0.959152799,1.0
20210722,17,110.0,97.0,133.0,155.0,124.0,552,27.4,2.1,80.0,0.0,191.6,4,22,7,1.115151515,1.0
20210722,18,157.0,168.0,160.0,169.0,164.0,992,26.8,1.9,85.0,0.0,191.6,4,22,7,1.516819572,1.5
20210722,19,163.0,152.0,162.0,138.0,154.0,4520,26.0,2.6,90.0,0.0,191.6,4,22,7,7.349593496,1.5
20210722,20,132.0,138.0,127.0,130.0,132.0,368,25.5,1.2,92.0,0.0,191.6,4,22,7,0.69829222,1.5
20210722,21,119.0,119.0,123.0,118.0,120.0,0,25.8,1.7,89.0,0.0,191.6,4,22,7,0.0,1.5
20210722,22,104.0,122.0,119.0,114.0,115.0,270,25.3,0.9,90.0,0.0,191.6,4,22,7,0.588235294,1.5
20210722,23,107.0,104.0,114.0,104.0,107.0,82,25.2,1.3,92.0,0.0,191.6,4,22,7,0.191142191,1.5
20210723,0,87.0,79.0,74.0,71.0,78.0,200,24.9,1.2,94.0,0.0,191.6,5,23,7,0.643086817,1.5
20210723,1,98.0,111.0,106.0,103.0,105.0,91,24.5,1.2,96.0,0.0,191.6,5,23,7,0.217703349,1.5
20210723,2,104.0,105.0,102.0,110.0,105.0,376,24.4,1.2,97.0,0.0,191.6,5,23,7,0.893111639,1.5
20210723,3,89.0,103.0,109.0,106.0,102.0,102,24.2,1.3,98.0,0.0,191.6,5,23,7,0.250614251,1.5
20210723,4,100.0,97.0,101.0,98.0,99.0,162,24.1,1.6,98.0,0.0,191.6,5,23,7,0.409090909,1.5
20210723,5,87.0,76.0,93.0,99.0,89.0,0,24.1,1.0,96.0,0.0,191.6,5,23,7,0.0,1.5
20210723,6,103.0,105.0,100.0,105.0,103.0,0,24.6,2.0,95.0,0.0,191.6,5,23,7,0.0,1.5
20210723,7,98.0,104.0,143.0,144.0,122.0,2387,26.2,2.2,88.0,0.0,191.6,5,23,7,4.881390593,1.5
20210723,8,169.0,202.0,199.0,192.0,191.0,999,26.8,1.9,85.0,0.0,191.6,5,23,7,1.311023622,1.5
20210723,9,179.0,183.0,190.0,189.0,185.0,1838,27.8,1.6,81.0,0.0,191.6,5,23,7,2.480431849,1.0
20210723,10,162.0,189.0,182.0,182.0,179.0,1231,28.9,2.7,73.0,0.0,191.6,5,23,7,1.721678322,1.0
20210723,11,179.0,185.0,199.0,189.0,188.0,1813,28.9,2.9,73.0,0.0,191.6,5,23,7,2.410904255,1.0
20210723,12,125.0,110.0,108.0,109.0,113.0,0,29.2,2.0,74.0,0.0,191.6,5,23,7,0.0,1.0
20210723,13,161.0,192.0,178.0,188.0,180.0,979,29.2,2.8,73.0,0.0,191.6,5,23,7,1.361613352,1.0
20210723,14,177.0,186.0,190.0,183.0,184.0,1335,29.3,4.3,75.0,0.0,191.6,5,23,7,1.813858696,1.0
20210723,15,152.0,151.0,192.0,206.0,175.0,923,28.4,2.5,77.0,0.0,191.6,5,23,7,1.316690442,1.0
20210723,16,195.0,197.0,188.0,177.0,189.0,6161,28.1,1.9,78.0,0.0,191.6,5,23,7,8.138705416,1.0
20210723,17,110.0,111.0,154.0,178.0,138.0,555,27.8,2.4,78.0,0.0,191.6,5,23,7,1.003616637,1.0
20210723,18,175.0,174.0,173.0,176.0,175.0,1693,26.6,1.8,86.0,0.0,191.6,5,23,7,2.425501433,1.5
20210723,19,165.0,148.0,145.0,120.0,145.0,2039,25.9,1.6,88.0,0.0,191.6,5,23,7,3.527681661,1.5
20210723,20,107.0,115.0,115.0,105.0,111.0,113,25.6,1.6,91.0,0.0,191.6,5,23,7,0.255656109,1.5
20210723,21,104.0,110.0,107.0,105.0,107.0,12,24.9,0.2,93.0,0.0,191.6,5,23,7,0.028169014,1.5
20210723,22,93.0,104.0,107.0,96.0,100.0,371,25.0,0.9,94.0,0.0,191.6,5,23,7,0.9275,1.5
20210723,23,98.0,111.0,107.0,91.0,102.0,180,24.9,1.2,92.0,0.0,191.6,5,23,7,0.442260442,1.5
20210724,0,72.0,67.0,65.0,69.0,68.0,0,24.7,1.2,91.0,0.0,191.6,6,24,7,0.0,1.5
20210724,1,93.0,92.0,101.0,99.0,96.0,501,24.6,1.1,91.0,0.0,191.6,6,24,7,1.301298701,1.5
20210724,2,100.0,99.0,97.0,84.0,95.0,51,24.4,0.9,94.0,0.0,191.6,6,24,7,0.134210526,1.5
20210724,3,72.0,96.0,104.0,101.0,93.0,42,24.0,0.8,96.0,0.0,191.6,6,24,7,0.112600536,1.5
20210724,4,100.0,98.0,98.0,90.0,97.0,262,23.9,1.2,97.0,0.0,191.6,6,24,7,0.678756477,1.5
20210724,5,75.0,69.0,87.0,91.0,81.0,62,23.8,0.8,98.0,0.0,191.6,6,24,7,0.192546584,1.5
20210724,6,98.0,97.0,96.0,87.0,95.0,919,24.9,0.7,96.0,0.0,191.6,6,24,7,2.431216931,1.5
20210724,7,81.0,75.0,56.0,32.0,61.0,482,25.8,0.6,90.0,0.0,191.6,6,24,7,1.975409836,1.5
20210724,8,28.0,23.0,23.0,24.0,25.0,0,26.9,2.0,84.0,0.0,191.6,6,24,7,0.0,1.5
20210724,9,24.0,24.0,24.0,24.0,24.0,0,29.1,1.3,78.0,0.0,191.6,6,24,7,0.0,1.0
20210724,10,24.0,24.0,24.0,24.0,24.0,0,28.8,2.5,74.0,0.0,191.6,6,24,7,0.0,1.0
20210724,11,26.0,27.0,29.0,25.0,27.0,0,28.5,3.2,76.0,0.0,191.6,6,24,7,0.0,1.0
20210724,12,24.0,22.0,23.0,23.0,23.0,0,29.6,3.5,72.0,0.0,191.6,6,24,7,0.0,1.0
20210724,13,23.0,24.0,24.0,24.0,24.0,0,30.0,3.2,71.0,0.0,191.6,6,24,7,0.0,1.0
20210724,14,24.0,24.0,24.0,24.0,24.0,0,29.8,3.0,69.0,0.0,191.6,6,24,7,0.0,1.0
20210724,15,27.0,28.0,24.0,24.0,26.0,0,29.3,3.5,64.0,0.0,191.6,6,24,7,0.0,1.0
20210724,16,24.0,24.0,24.0,25.0,24.0,0,29.2,1.5,68.0,0.0,191.6,6,24,7,0.0,1.0
20210724,17,24.0,24.0,24.0,24.0,24.0,0,28.7,1.6,70.0,0.0,191.6,6,24,7,0.0,1.0
20210724,18,24.0,23.0,24.0,29.0,25.0,0,26.9,1.8,82.0,0.0,191.6,6,24,7,0.0,1.5
20210724,19,28.0,24.0,23.0,23.0,25.0,0,26.3,1.4,85.0,0.0,191.6,6,24,7,0.0,1.5
20210724,20,23.0,23.0,24.0,25.0,24.0,0,26.1,2.5,89.0,0.0,191.6,6,24,7,0.0,1.5
20210724,21,24.0,24.0,25.0,25.0,25.0,0,26.2,2.7,90.0,0.0,191.6,6,24,7,0.0,1.5
20210724,22,24.0,25.0,28.0,25.0,26.0,0,26.1,1.3,91.0,0.0,191.6,6,24,7,0.0,1.5
20210724,23,24.0,24.0,24.0,24.0,24.0,0,26.0,1.0,91.0,0.0,191.6,6,24,7,0.0,1.5
20210725,0,24.0,24.0,24.0,24.0,24.0,0,25.6,1.2,92.0,0.0,191.6,7,25,7,0.0,1.5
20210725,1,24.0,24.0,24.0,26.0,25.0,0,24.8,0.4,96.0,0.0,191.6,7,25,7,0.0,1.5
20210725,2,29.0,25.0,23.0,24.0,25.0,0,24.9,0.8,95.0,0.0,191.6,7,25,7,0.0,1.5
20210725,3,24.0,26.0,23.0,23.0,24.0,0,24.3,1.3,97.0,0.0,191.6,7,25,7,0.0,1.5
20210725,4,23.0,24.0,24.0,24.0,24.0,0,24.5,2.0,98.0,0.0,191.6,7,25,7,0.0,1.5
20210725,5,24.0,24.0,28.0,27.0,26.0,0,24.7,1.6,98.0,0.0,191.6,7,25,7,0.0,1.5
20210725,6,23.0,24.0,24.0,24.0,24.0,0,25.5,0.6,95.0,0.0,191.6,7,25,7,0.0,1.5
20210725,7,24.0,24.0,24.0,24.0,24.0,0,27.1,1.5,89.0,0.0,191.6,7,25,7,0.0,1.5
20210725,8,24.0,23.0,23.0,24.0,24.0,0,28.4,3.0,81.0,0.0,191.6,7,25,7,0.0,1.5
20210725,9,25.0,29.0,25.0,24.0,26.0,0,28.1,2.6,80.0,0.0,191.6,7,25,7,0.0,1.0
20210725,10,24.0,23.0,24.0,24.0,24.0,0,28.8,2.7,76.0,0.0,191.6,7,25,7,0.0,1.0
20210725,11,23.0,23.0,24.0,24.0,24.0,0,29.0,3.0,77.0,0.0,191.6,7,25,7,0.0,1.0
20210725,12,26.0,25.0,28.0,26.0,26.0,0,30.5,2.9,62.0,0.0,191.6,7,25,7,0.0,1.0
20210725,13,24.0,24.0,24.0,23.0,24.0,0,31.0,2.4,58.0,0.0,191.6,7,25,7,0.0,1.0
20210725,14,24.0,24.0,25.0,24.0,24.0,0,30.5,2.8,58.0,0.0,191.6,7,25,7,0.0,1.0
20210725,15,24.0,24.0,25.0,25.0,25.0,0,30.0,2.5,58.0,0.0,191.6,7,25,7,0.0,1.0
20210725,16,29.0,27.0,25.0,24.0,26.0,0,29.2,2.5,66.0,0.0,191.6,7,25,7,0.0,1.0
20210725,17,24.0,24.0,24.0,23.0,24.0,0,28.0,2.4,69.0,0.0,191.6,7,25,7,0.0,1.0
20210725,18,23.0,24.0,23.0,23.0,23.0,0,27.6,1.1,70.0,0.0,191.6,7,25,7,0.0,1.5
20210725,19,24.0,24.0,25.0,28.0,25.0,0,26.2,0.9,85.0,0.0,191.6,7,25,7,0.0,1.5
20210725,20,23.0,24.0,24.0,24.0,24.0,0,25.9,2.2,92.0,0.0,191.6,7,25,7,0.0,1.5
20210725,21,24.0,24.0,23.0,24.0,24.0,0,25.0,0.5,91.0,0.0,191.6,7,25,7,0.0,1.5
20210725,22,23.0,24.0,24.0,24.0,24.0,0,25.5,1.3,94.0,0.0,191.6,7,25,7,0.0,1.5
20210725,23,26.0,28.0,24.0,24.0,26.0,0,25.3,0.4,95.0,0.0,191.6,7,25,7,0.0,1.5
20210726,0,24.0,24.0,24.0,24.0,24.0,0,25.1,1.0,97.0,0.0,191.6,1,26,7,0.0,1.5
20210726,1,23.0,24.0,24.0,24.0,24.0,0,24.8,1.2,98.0,0.0,191.6,1,26,7,0.0,1.5
20210726,2,24.0,24.0,24.0,27.0,25.0,0,24.6,1.6,98.0,0.0,191.6,1,26,7,0.0,1.5
20210726,3,27.0,24.0,24.0,24.0,25.0,0,24.5,1.5,98.0,0.0,191.6,1,26,7,0.0,1.5
20210726,4,23.0,23.0,24.0,24.0,24.0,0,24.4,1.1,98.0,0.0,191.6,1,26,7,0.0,1.5
20210726,5,24.0,24.0,23.0,23.0,24.0,0,24.7,1.1,98.0,0.0,191.6,1,26,7,0.0,1.5
20210726,6,25.0,26.0,26.0,27.0,26.0,0,26.9,0.9,91.0,0.0,191.6,1,26,7,0.0,1.5
20210726,7,30.0,50.0,75.0,127.0,71.0,0,27.9,1.9,82.0,0.0,191.6,1,26,7,0.0,1.5
20210726,8,177.0,217.0,206.0,191.0,198.0,805,29.4,2.1,69.0,0.0,191.6,1,26,7,1.017699115,1.5
20210726,9,182.0,178.0,189.0,186.0,184.0,1283,29.8,2.9,62.0,0.0,191.6,1,26,7,1.745578231,1.0
20210726,10,148.0,192.0,191.0,207.0,185.0,1149,29.9,2.2,60.0,0.0,191.6,1,26,7,1.556910569,1.0
20210726,11,202.0,190.0,182.0,186.0,190.0,3069,30.8,2.0,58.0,0.0,191.6,1,26,7,4.038157895,1.0
20210726,12,130.0,111.0,105.0,106.0,113.0,0,30.7,2.7,53.0,0.0,191.6,1,26,7,0.0,1.0
20210726,13,151.0,178.0,180.0,167.0,169.0,1969,31.1,2.7,50.0,0.0,191.6,1,26,7,2.912721893,1.0
20210726,14,176.0,182.0,199.0,185.0,186.0,669,30.5,3.0,53.0,0.0,191.6,1,26,7,0.901617251,1.0
20210726,15,137.0,136.0,180.0,177.0,158.0,2463,30.4,2.4,57.0,0.0,191.6,1,26,7,3.90952381,1.0
20210726,16,163.0,163.0,177.0,173.0,169.0,1238,29.3,2.6,62.0,0.0,191.6,1,26,7,1.831360947,1.0
20210726,17,122.0,108.0,144.0,169.0,136.0,6579,28.3,2.9,65.0,0.0,191.6,1,26,7,12.1160221,1.0
20210726,18,186.0,181.0,169.0,162.0,175.0,1120,27.3,2.3,77.0,0.0,191.6,1,26,7,1.604584527,1.5
20210726,19,169.0,177.0,160.0,122.0,157.0,3479,26.4,1.4,81.0,0.0,191.6,1,26,7,5.539808917,1.5
20210726,20,98.0,103.0,103.0,102.0,102.0,19,25.9,1.5,86.0,0.0,191.6,1,26,7,0.04679803,1.5
20210726,21,105.0,108.0,116.0,110.0,110.0,0,25.6,1.3,87.0,0.0,191.6,1,26,7,0.0,1.5
20210726,22,96.0,112.0,116.0,114.0,110.0,132,24.9,1.3,90.0,0.0,191.6,1,26,7,0.301369863,1.5
20210726,23,106.0,107.0,95.0,72.0,95.0,48,24.7,1.6,92.0,0.0,191.6,1,26,7,0.126315789,1.5
20210727,0,70.0,70.0,67.0,65.0,68.0,89,24.8,1.8,94.0,0.0,191.6,2,27,7,0.327205882,1.5
20210727,1,84.0,106.0,109.0,110.0,102.0,63,24.4,1.7,93.0,0.0,191.6,2,27,7,0.15403423,1.5
20210727,2,116.0,113.0,119.0,112.0,115.0,4,23.9,1.0,96.0,0.0,191.6,2,27,7,0.008695652,1.5
20210727,3,95.0,109.0,111.0,106.0,105.0,74,23.5,0.6,98.0,0.0,191.6,2,27,7,0.175771971,1.5
20210727,4,114.0,113.0,110.0,96.0,108.0,36,23.4,1.1,98.0,0.0,191.6,2,27,7,0.083140878,1.5
20210727,5,81.0,76.0,92.0,106.0,89.0,2,23.5,0.7,98.0,0.0,191.6,2,27,7,0.005633803,1.5
20210727,6,111.0,109.0,103.0,98.0,105.0,229,24.9,0.9,98.0,0.0,191.6,2,27,7,0.543942993,1.5
20210727,7,104.0,122.0,148.0,161.0,134.0,1262,27.1,1.9,86.0,0.0,191.6,2,27,7,2.358878505,1.5
20210727,8,179.0,207.0,202.0,187.0,194.0,1862,27.8,1.7,81.0,0.0,191.6,2,27,7,2.402580645,1.5
20210727,9,171.0,172.0,188.0,192.0,181.0,593,29.9,2.0,70.0,0.0,191.6,2,27,7,0.820193638,1.0
20210727,10,152.0,194.0,206.0,201.0,188.0,976,30.0,3.3,65.0,0.0,191.6,2,27,7,1.296148738,1.0
20210727,11,203.0,210.0,211.0,203.0,207.0,857,30.7,3.5,65.0,0.0,191.6,2,27,7,1.036275695,1.0
20210727,12,124.0,97.0,105.0,112.0,110.0,184,30.0,4.8,67.0,0.0,191.6,2,27,7,0.420091324,1.0
20210727,13,156.0,186.0,187.0,198.0,182.0,606,29.7,4.4,68.0,0.0,191.6,2,27,7,0.833562586,1.0
20210727,14,194.0,192.0,199.0,195.0,195.0,1654,29.6,3.8,69.0,0.0,191.6,2,27,7,2.120512821,1.0
20210727,15,155.0,162.0,199.0,201.0,179.0,1224,29.2,3.8,73.0,0.0,191.6,2,27,7,1.707112971,1.0
20210727,16,184.0,186.0,187.0,186.0,186.0,1271,28.6,3.6,75.0,0.0,191.6,2,27,7,1.710632571,1.0
20210727,17,143.0,136.0,172.0,184.0,159.0,350,28.4,2.0,77.0,0.0,191.6,2,27,7,0.551181102,1.0
20210727,18,170.0,159.0,172.0,174.0,169.0,5796,27.1,2.0,79.0,0.0,191.6,2,27,7,8.586666667,1.5
20210727,19,172.0,162.0,180.0,161.0,169.0,3392,26.4,2.1,85.0,0.0,191.6,2,27,7,5.025185185,1.5
20210727,20,146.0,147.0,141.0,141.0,144.0,2,26.0,1.3,86.0,0.0,191.6,2,27,7,0.003478261,1.5
20210727,21,144.0,138.0,144.0,148.0,144.0,8,25.6,1.4,87.0,0.0,191.6,2,27,7,0.013937282,1.5
20210727,22,131.0,132.0,127.0,127.0,129.0,41,25.0,1.8,89.0,0.0,191.6,2,27,7,0.079303675,1.5
20210727,23,139.0,138.0,116.0,93.0,122.0,201,24.7,1.4,92.0,0.0,191.6,2,27,7,0.413580247,1.5
20210728,0,91.0,88.0,86.0,85.0,88.0,1158,24.1,1.1,94.0,0.0,191.6,3,28,7,3.308571429,1.5
20210728,1,110.0,123.0,130.0,122.0,121.0,83,23.8,1.1,95.0,0.0,191.6,3,28,7,0.171134021,1.5
20210728,2,119.0,113.0,115.0,130.0,119.0,4,24.1,2.2,98.0,0.0,191.6,3,28,7,0.008385744,1.5
20210728,3,109.0,124.0,128.0,127.0,122.0,308,23.9,1.8,98.0,0.0,191.6,3,28,7,0.631147541,1.5
20210728,4,119.0,123.0,116.0,118.0,119.0,177,23.3,0.8,98.0,0.0,191.6,3,28,7,0.371848739,1.5
20210728,5,97.0,91.0,113.0,119.0,105.0,56,23.6,1.1,98.0,0.0,191.6,3,28,7,0.133333333,1.5
20210728,6,123.0,122.0,122.0,127.0,124.0,52,25.2,1.3,94.0,0.0,191.6,3,28,7,0.105263158,1.5
20210728,7,132.0,144.0,174.0,174.0,156.0,1841,26.2,0.8,85.0,0.0,191.6,3,28,7,2.950320513,1.5
20210728,8,187.0,200.0,200.0,204.0,198.0,2013,27.2,1.3,80.0,0.0,191.6,3,28,7,2.544879899,1.5
20210728,9,192.0,198.0,199.0,204.0,198.0,2284,29.0,2.0,73.0,0.0,191.6,3,28,7,2.880201765,1.0
20210728,10,160.0,196.0,194.0,202.0,188.0,1029,30.5,1.7,67.0,0.0,191.6,3,28,7,1.368351064,1.0
20210728,11,202.0,211.0,205.0,212.0,208.0,2429,31.0,3.1,65.0,0.0,191.6,3,28,7,2.926506024,1.0
20210728,12,145.0,111.0,111.0,116.0,121.0,296,30.8,3.4,66.0,0.0,191.6,3,28,7,0.612836439,1.0
20210728,13,178.0,200.0,200.0,199.0,194.0,1488,30.2,4.1,68.0,0.0,191.6,3,28,7,1.915057915,1.0
20210728,14,190.0,196.0,203.0,196.0,196.0,1197,29.5,3.8,68.0,0.0,191.6,3,28,7,1.524840764,1.0
20210728,15,135.0,143.0,187.0,180.0,161.0,300,28.6,4.4,76.0,0.0,191.6,3,28,7,0.465116279,1.0
20210728,16,181.0,177.0,171.0,165.0,174.0,2747,29.5,2.2,71.0,0.0,191.6,3,28,7,3.958213256,1.0
20210728,17,123.0,106.0,169.0,190.0,147.0,682,28.7,1.6,71.0,0.0,191.6,3,28,7,1.159863946,1.0
20210728,18,190.0,177.0,181.0,185.0,183.0,1952,27.4,1.6,71.0,0.0,191.6,3,28,7,2.663028649,1.5
20210728,19,175.0,152.0,153.0,124.0,151.0,3635,26.5,1.7,81.0,0.0,191.6,3,28,7,6.018211921,1.5
20210728,20,104.0,110.0,100.0,113.0,107.0,308,26.0,1.4,86.0,0.0,191.6,3,28,7,0.721311475,1.5
20210728,21,115.0,104.0,108.0,111.0,110.0,21,25.9,0.8,87.0,0.0,191.6,3,28,7,0.047945205,1.5
20210728,22,95.0,107.0,101.0,109.0,103.0,189,24.9,1.3,89.0,0.0,191.6,3,28,7,0.458737864,1.5
20210728,23,116.0,111.0,103.0,80.0,103.0,36,24.6,2.0,91.0,0.0,191.6,3,28,7,0.087804878,1.5
20210729,0,68.0,70.0,67.0,67.0,68.0,0,24.0,0.9,93.0,0.0,191.6,4,29,7,0.0,1.5
20210729,1,98.0,118.0,116.0,109.0,110.0,313,23.5,1.8,95.0,0.0,191.6,4,29,7,0.709750567,1.5
20210729,2,103.0,118.0,115.0,106.0,111.0,206,23.1,0.6,98.0,0.0,191.6,4,29,7,0.466063348,1.5
20210729,3,91.0,116.0,117.0,117.0,110.0,49,23.5,0.6,98.0,0.0,191.6,4,29,7,0.111111111,1.5
20210729,4,113.0,110.0,116.0,105.0,111.0,100,23.4,0.7,97.0,0.0,191.6,4,29,7,0.225225225,1.5
20210729,5,85.0,73.0,99.0,119.0,94.0,156,23.8,1.0,98.0,0.0,191.6,4,29,7,0.414893617,1.5
20210729,6,121.0,121.0,112.0,111.0,116.0,94,26.0,0.9,90.0,0.0,191.6,4,29,7,0.202150538,1.5
20210729,7,121.0,133.0,149.0,159.0,141.0,925,27.0,1.2,84.0,0.0,191.6,4,29,7,1.645907473,1.5
20210729,8,175.0,189.0,201.0,204.0,192.0,909,28.6,1.4,72.0,0.0,191.6,4,29,7,1.182054616,1.5
20210729,9,195.0,198.0,205.0,195.0,198.0,1181,30.1,1.1,66.0,0.0,191.6,4,29,7,1.489281211,1.0
20210729,10,161.0,187.0,196.0,203.0,187.0,884,30.5,1.5,65.0,0.0,191.6,4,29,7,1.183400268,1.0
20210729,11,207.0,206.0,205.0,211.0,207.0,1597,30.2,1.9,61.0,0.0,191.6,4,29,7,1.92641737,1.0
20210729,12,133.0,108.0,106.0,101.0,112.0,200,31.6,2.3,60.0,0.0,191.6,4,29,7,0.446428571,1.0
20210729,13,170.0,196.0,206.0,195.0,192.0,1480,31.6,2.7,60.0,0.0,191.6,4,29,7,1.929595828,1.0
20210729,14,170.0,187.0,191.0,201.0,187.0,3092,30.7,2.2,64.0,0.0,191.6,4,29,7,4.128170895,1.0
20210729,15,143.0,147.0,186.0,178.0,164.0,2184,30.3,1.5,63.0,0.0,191.6,4,29,7,3.339449541,1.0
20210729,16,164.0,158.0,169.0,172.0,166.0,2656,29.7,2.7,61.0,0.0,191.6,4,29,7,4.006033183,1.0
20210729,17,117.0,106.0,142.0,152.0,129.0,735,29.9,1.8,59.0,0.0,191.6,4,29,7,1.421663443,1.0
20210729,18,165.0,171.0,180.0,179.0,174.0,5687,28.2,1.2,64.0,0.0,191.6,4,29,7,8.182733813,1.5
20210729,19,172.0,163.0,181.0,159.0,169.0,2616,27.5,1.4,67.0,0.0,191.6,4,29,7,3.875555556,1.5
20210729,20,130.0,134.0,120.0,129.0,128.0,149,26.9,0.7,77.0,0.0,191.6,4,29,7,0.290448343,1.5
20210729,21,124.0,119.0,131.0,129.0,126.0,131,25.8,0.8,79.0,0.0,191.6,4,29,7,0.260437376,1.5
20210729,22,114.0,130.0,123.0,121.0,122.0,180,25.3,0.2,84.0,0.0,191.6,4,29,7,0.368852459,1.5
20210729,23,127.0,120.0,117.0,93.0,114.0,174,25.2,0.5,86.0,0.0,191.6,4,29,7,0.380743982,1.5
20210730,0,91.0,88.0,86.0,85.0,88.0,82,25.2,0.6,89.0,0.0,191.6,5,30,7,0.234285714,1.5
20210730,1,110.0,123.0,130.0,122.0,121.0,164,25.0,0.9,90.0,0.0,191.6,5,30,7,0.33814433,1.5
20210730,2,119.0,113.0,115.0,130.0,119.0,30,24.7,0.7,88.0,0.0,191.6,5,30,7,0.062893082,1.5
20210730,3,109.0,124.0,128.0,127.0,122.0,498,24.1,1.0,92.0,0.0,191.6,5,30,7,1.020491803,1.5
20210730,4,119.0,123.0,116.0,118.0,119.0,42,24.4,1.0,87.0,0.0,191.6,5,30,7,0.088235294,1.5
20210730,5,97.0,91.0,113.0,119.0,105.0,108,24.3,0.9,94.0,0.0,191.6,5,30,7,0.257142857,1.5
20210730,6,123.0,122.0,122.0,127.0,124.0,461,26.6,0.4,88.0,0.0,191.6,5,30,7,0.933198381,1.5
20210730,7,132.0,144.0,174.0,174.0,156.0,1229,28.5,1.0,71.0,0.0,191.6,5,30,7,1.969551282,1.5
20210730,8,187.0,200.0,200.0,204.0,198.0,1134,30.3,0.8,63.0,0.0,191.6,5,30,7,1.433628319,1.5
20210730,9,192.0,198.0,199.0,204.0,198.0,2079,30.5,1.3,58.0,0.0,191.6,5,30,7,2.621689786,1.0
20210730,10,160.0,196.0,194.0,202.0,188.0,439,32.4,1.2,52.0,0.0,191.6,5,30,7,0.583776596,1.0
20210730,11,202.0,211.0,205.0,212.0,208.0,1084,31.8,1.4,59.0,0.0,191.6,5,30,7,1.306024096,1.0
20210730,12,145.0,111.0,111.0,116.0,121.0,0,31.7,2.0,64.0,0.0,191.6,5,30,7,0.0,1.0
20210730,13,178.0,200.0,200.0,199.0,194.0,1769,32.1,3.6,55.0,0.0,191.6,5,30,7,2.276705277,1.0
20210730,14,190.0,196.0,203.0,196.0,196.0,1204,33.2,2.7,54.0,0.0,191.6,5,30,7,1.533757962,1.0
20210730,15,135.0,143.0,187.0,180.0,161.0,790,33.2,2.0,52.0,0.0,191.6,5,30,7,1.224806202,1.0
20210730,16,181.0,177.0,171.0,165.0,174.0,1575,32.7,1.9,53.0,0.0,191.6,5,30,7,2.26945245,1.0
20210730,17,123.0,106.0,169.0,190.0,147.0,0,30.7,1.3,65.0,0.0,191.6,5,30,7,0.0,1.0
20210730,18,190.0,177.0,181.0,185.0,183.0,0,29.3,1.2,72.0,0.0,191.6,5,30,7,0.0,1.5
20210730,19,175.0,152.0,153.0,124.0,151.0,0,28.7,1.1,70.0,0.0,191.6,5,30,7,0.0,1.5
20210730,20,104.0,110.0,100.0,113.0,107.0,0,27.2,0.4,79.0,0.0,191.6,5,30,7,0.0,1.5
20210730,21,115.0,104.0,108.0,111.0,110.0,0,26.7,1.1,82.0,0.0,191.6,5,30,7,0.0,1.5
20210730,22,95.0,107.0,101.0,109.0,103.0,0,26.7,2.2,82.0,0.0,191.6,5,30,7,0.0,1.5
20210730,23,116.0,111.0,103.0,80.0,103.0,0,26.2,2.3,81.0,0.0,191.6,5,30,7,0.0,1.5
20210731,0,21.0,21.0,24.0,24.0,23.0,0,25.1,1.0,86.0,0.0,191.6,6,31,7,0.0,1.5
20210731,1,21.0,21.0,21.0,21.0,21.0,0,25.4,1.4,82.0,0.0,191.6,6,31,7,0.0,1.5
20210731,2,21.0,21.0,21.0,21.0,21.0,0,24.4,1.3,89.0,0.0,191.6,6,31,7,0.0,1.5
20210731,3,21.0,20.0,21.0,21.0,21.0,0,24.0,0.4,90.0,0.0,191.6,6,31,7,0.0,1.5
20210731,4,26.0,24.0,21.0,21.0,23.0,0,23.9,1.1,92.0,0.0,191.6,6,31,7,0.0,1.5
20210731,5,21.0,20.0,20.0,19.0,20.0,0,23.6,0.3,94.0,0.0,191.6,6,31,7,0.0,1.5
20210731,6,20.0,21.0,20.0,21.0,21.0,0,26.4,0.6,84.0,0.0,191.6,6,31,7,0.0,1.5
20210731,7,20.0,20.0,23.0,23.0,22.0,0,28.3,1.6,77.0,0.0,191.6,6,31,7,0.0,1.5
20210731,8,20.0,20.0,21.0,21.0,21.0,0,29.8,1.2,73.0,0.0,191.6,6,31,7,0.0,1.5
20210731,9,21.0,21.0,21.0,20.0,21.0,0,31.3,1.6,67.0,0.0,191.6,6,31,7,0.0,1.0
20210731,10,21.0,21.0,21.0,23.0,22.0,0,32.4,2.8,68.0,0.0,191.6,6,31,7,0.0,1.0
20210731,11,26.0,25.0,21.0,21.0,23.0,0,32.7,2.0,65.0,0.0,191.6,6,31,7,0.0,1.0
20210731,12,21.0,21.0,21.0,21.0,21.0,0,32.8,2.1,69.0,0.0,191.6,6,31,7,0.0,1.0
20210731,13,21.0,21.0,21.0,21.0,21.0,0,32.1,2.4,71.0,0.0,191.6,6,31,7,0.0,1.0
20210731,14,21.0,21.0,22.0,25.0,22.0,0,30.8,2.4,75.0,0.0,191.6,6,31,7,0.0,1.0
20210731,15,21.0,23.0,21.0,21.0,22.0,0,29.5,1.6,83.0,0.0,191.6,6,31,7,0.0,1.0
20210731,16,20.0,21.0,21.0,21.0,21.0,0,28.4,1.8,85.0,0.0,191.6,6,31,7,0.0,1.0
20210731,17,21.0,21.0,21.0,21.0,21.0,0,28.5,1.7,86.0,0.0,191.6,6,31,7,0.0,1.0
20210731,18,23.0,28.0,21.0,21.0,23.0,0,28.4,1.0,87.0,0.0,191.6,6,31,7,0.0,1.5
20210731,19,20.0,20.0,21.0,21.0,21.0,0,28.0,0.3,90.0,0.0,191.6,6,31,7,0.0,1.5
20210731,20,21.0,20.0,20.0,21.0,21.0,0,27.6,0.8,92.0,0.0,191.6,6,31,7,0.0,1.5
20210731,21,21.0,21.0,24.0,25.0,23.0,0,27.6,1.5,93.0,0.0,191.6,6,31,7,0.0,1.5
20210731,22,21.0,21.0,21.0,21.0,21.0,0,27.6,1.0,94.0,0.0,191.6,6,31,7,0.0,1.5
20210731,23,21.0,21.0,21.0,21.0,21.0,0,27.6,1.0,94.0,0.0,191.6,6,31,7,0.0,1.5
20210801,0,21.0,21.0,21.0,21.0,21.0,0,27.4,1.3,94.0,0.0,191.6,7,1,8,0.0,1.5
20210801,1,25.0,26.0,20.0,21.0,23.0,0,27.2,1.7,94.0,0.0,191.6,7,1,8,0.0,1.5
20210801,2,21.0,21.0,21.0,21.0,21.0,0,25.5,2.1,93.0,0.0,191.6,7,1,8,0.0,1.5
20210801,3,21.0,20.0,21.0,21.0,21.0,0,25.2,0.3,97.0,0.1,191.6,7,1,8,0.0,1.5
20210801,4,21.0,21.0,20.0,25.0,22.0,0,24.9,0.4,98.0,0.1,191.6,7,1,8,0.0,1.5
20210801,5,24.0,21.0,21.0,21.0,22.0,0,24.8,0.9,98.0,0.2,191.6,7,1,8,0.0,1.5
20210801,6,20.0,20.0,21.0,20.0,20.0,0,26.0,0.6,98.0,0.2,191.6,7,1,8,0.0,1.5
20210801,7,20.0,20.0,20.0,21.0,20.0,0,27.9,1.1,91.0,0.2,191.6,7,1,8,0.0,1.5
20210801,8,21.0,20.0,22.0,28.0,23.0,0,29.2,1.4,82.0,0.2,191.6,7,1,8,0.0,1.5
20210801,9,24.0,21.0,21.0,21.0,22.0,0,31.0,1.5,74.0,0.2,191.6,7,1,8,0.0,1.0
20210801,10,21.0,21.0,20.0,21.0,21.0,0,31.3,1.2,68.0,0.2,191.6,7,1,8,0.0,1.0
20210801,11,21.0,21.0,21.0,21.0,21.0,0,32.6,2.1,71.0,0.2,191.6,7,1,8,0.0,1.0
20210801,12,21.0,21.0,23.0,25.0,23.0,0,31.9,2.4,71.0,0.2,191.6,7,1,8,0.0,1.0
20210801,13,21.0,21.0,21.0,21.0,21.0,0,30.0,2.3,76.0,0.2,191.6,7,1,8,0.0,1.0
20210801,14,21.0,21.0,21.0,21.0,21.0,0,28.7,2.1,87.0,0.2,191.6,7,1,8,0.0,1.0
20210801,15,21.0,21.0,21.0,23.0,22.0,0,28.7,1.2,89.0,0.2,191.6,7,1,8,0.0,1.0
20210801,16,21.0,24.0,25.0,21.0,23.0,0,28.7,0.9,88.0,0.2,191.6,7,1,8,0.0,1.0
20210801,17,21.0,20.0,20.0,21.0,21.0,0,28.5,1.5,90.0,0.2,191.6,7,1,8,0.0,1.0
20210801,18,20.0,20.0,20.0,21.0,20.0,0,28.3,1.5,91.0,0.2,191.6,7,1,8,0.0,1.5
20210801,19,21.0,21.0,21.0,22.0,21.0,0,27.2,1.9,98.0,5.3,191.6,7,1,8,0.0,1.5
20210801,20,26.0,22.0,21.0,21.0,23.0,0,26.7,1.5,98.0,20.2,191.6,7,1,8,0.0,1.5
20210801,21,22.0,22.0,21.0,21.0,22.0,0,25.9,1.5,98.0,20.2,191.6,7,1,8,0.0,1.5
20210801,22,21.0,21.0,21.0,23.0,22.0,0,26.0,1.8,98.0,20.2,191.6,7,1,8,0.0,1.5
20210801,23,20.0,21.0,21.0,24.0,22.0,0,26.3,1.4,98.0,20.2,191.6,7,1,8,0.0,1.5
20210802,0,23.0,20.0,20.0,21.0,21.0,0,26.0,1.3,98.0,0.0,191.6,1,2,8,0.0,1.5
20210802,1,21.0,21.0,21.0,21.0,21.0,0,25.9,1.9,98.0,0.0,191.6,1,2,8,0.0,1.5
20210802,2,21.0,21.0,21.0,21.0,21.0,0,25.5,0.3,98.0,0.0,191.6,1,2,8,0.0,1.5
20210802,3,22.0,26.0,23.0,21.0,23.0,0,25.5,0.9,98.0,0.0,191.6,1,2,8,0.0,1.5
20210802,4,21.0,21.0,21.0,21.0,21.0,0,25.3,1.2,98.0,0.0,191.6,1,2,8,0.0,1.5
20210802,5,21.0,21.0,21.0,21.0,21.0,0,25.4,1.4,98.0,0.0,191.6,1,2,8,0.0,1.5
20210802,6,21.0,22.0,20.0,25.0,22.0,0,26.3,0.7,98.0,0.0,191.6,1,2,8,0.0,1.5
20210802,7,24.0,20.0,19.0,19.0,21.0,0,26.7,1.4,98.0,0.0,191.6,1,2,8,0.0,1.5
20210802,8,20.0,20.0,20.0,21.0,20.0,0,28.4,1.3,95.0,0.0,191.6,1,2,8,0.0,1.5
20210802,9,21.0,21.0,21.0,21.0,21.0,0,28.5,0.9,90.0,0.0,191.6,1,2,8,0.0,1.0
20210802,10,21.0,21.0,21.0,25.0,22.0,0,31.6,2.0,71.0,0.0,191.6,1,2,8,0.0,1.0
20210802,11,21.0,20.0,21.0,21.0,21.0,0,28.8,1.5,91.0,4.6,191.6,1,2,8,0.0,1.0
20210802,12,21.0,21.0,21.0,21.0,21.0,0,27.3,2.0,94.0,16.7,191.6,1,2,8,0.0,1.0
20210802,13,21.0,21.0,23.0,21.0,22.0,0,29.9,0.6,86.0,16.7,191.6,1,2,8,0.0,1.0
20210802,14,23.0,25.0,22.0,21.0,23.0,0,31.3,1.5,70.0,16.7,191.6,1,2,8,0.0,1.0
20210802,15,21.0,21.0,21.0,21.0,21.0,0,32.0,3.1,66.0,16.7,191.6,1,2,8,0.0,1.0
20210802,16,21.0,21.0,21.0,21.0,21.0,0,31.0,3.8,70.0,16.7,191.6,1,2,8,0.0,1.0
20210802,17,21.0,21.0,21.0,24.0,22.0,0,30.1,3.2,75.0,16.7,191.6,1,2,8,0.0,1.0
20210802,18,26.0,21.0,21.0,21.0,22.0,0,29.3,1.3,78.0,16.7,191.6,1,2,8,0.0,1.5
20210802,19,21.0,21.0,21.0,21.0,21.0,0,28.4,1.9,82.0,16.7,191.6,1,2,8,0.0,1.5
20210802,20,21.0,21.0,24.0,21.0,22.0,0,27.6,1.1,82.0,16.7,191.6,1,2,8,0.0,1.5
20210802,21,21.0,22.0,21.0,24.0,22.0,0,26.9,0.5,84.0,16.7,191.6,1,2,8,0.0,1.5
20210802,22,24.0,22.0,20.0,21.0,22.0,0,26.7,1.2,81.0,16.7,191.6,1,2,8,0.0,1.5
20210802,23,21.0,21.0,21.0,21.0,21.0,0,25.6,0.2,89.0,16.7,191.6,1,2,8,0.0,1.5
20210803,0,21.0,21.0,21.0,22.0,21.0,0,25.5,1.1,87.0,0.0,191.6,2,3,8,0.0,1.5
20210803,1,21.0,25.0,26.0,21.0,23.0,0,24.6,0.4,90.0,0.0,191.6,2,3,8,0.0,1.5
20210803,2,20.0,21.0,21.0,21.0,21.0,0,23.9,0.2,96.0,0.0,191.6,2,3,8,0.0,1.5
20210803,3,21.0,21.0,21.0,22.0,21.0,0,24.3,1.1,96.0,0.0,191.6,2,3,8,0.0,1.5
20210803,4,20.0,21.0,21.0,20.0,21.0,0,23.9,0.7,98.0,0.0,191.6,2,3,8,0.0,1.5
20210803,5,20.0,24.0,23.0,20.0,22.0,0,24.1,1.1,94.0,0.0,191.6,2,3,8,0.0,1.5
20210803,6,21.0,21.0,21.0,21.0,21.0,0,25.3,0.1,91.0,0.0,191.6,2,3,8,0.0,1.5
20210803,7,20.0,21.0,20.0,20.0,20.0,0,25.7,0.9,89.0,0.0,191.6,2,3,8,0.0,1.5
20210803,8,20.0,20.0,22.0,25.0,22.0,0,26.7,1.0,82.0,0.0,191.6,2,3,8,0.0,1.5
20210803,9,21.0,20.0,21.0,21.0,21.0,0,27.1,1.4,85.0,0.0,191.6,2,3,8,0.0,1.0
20210803,10,21.0,21.0,21.0,21.0,21.0,0,27.6,2.3,87.0,0.0,191.6,2,3,8,0.0,1.0
20210803,11,21.0,24.0,21.0,21.0,22.0,0,29.5,1.1,79.0,0.0,191.6,2,3,8,0.0,1.0
20210803,12,21.0,25.0,23.0,21.0,23.0,0,30.9,1.0,68.0,0.0,191.6,2,3,8,0.0,1.0
20210803,13,21.0,21.0,21.0,21.0,21.0,0,29.9,1.0,74.0,0.0,191.6,2,3,8,0.0,1.0
20210803,14,21.0,21.0,21.0,22.0,21.0,0,28.4,1.3,84.0,0.7,191.6,2,3,8,0.0,1.0
20210803,15,22.0,22.0,21.0,26.0,23.0,0,29.5,2.6,76.0,0.7,191.6,2,3,8,0.0,1.0
20210803,16,24.0,22.0,21.0,21.0,22.0,0,29.4,3.0,73.0,0.7,191.6,2,3,8,0.0,1.0
20210803,17,21.0,21.0,21.0,21.0,21.0,0,29.0,1.3,76.0,0.7,191.6,2,3,8,0.0,1.0
20210803,18,21.0,24.0,21.0,21.0,22.0,0,28.1,1.2,83.0,0.7,191.6,2,3,8,0.0,1.5
20210803,19,21.0,21.0,25.0,24.0,23.0,0,27.4,0.6,87.0,0.7,191.6,2,3,8,0.0,1.5
20210803,20,20.0,21.0,21.0,22.0,21.0,0,27.3,0.6,86.0,0.7,191.6,2,3,8,0.0,1.5
20210803,21,21.0,22.0,22.0,21.0,22.0,0,27.3,1.0,85.0,0.7,191.6,2,3,8,0.0,1.5
20210803,22,21.0,21.0,21.0,21.0,21.0,0,25.9,0.4,92.0,0.7,191.6,2,3,8,0.0,1.5
20210803,23,21.0,26.0,23.0,21.0,23.0,0,25.6,0.5,93.0,0.7,191.6,2,3,8,0.0,1.5
20210804,0,21.0,21.0,21.0,21.0,21.0,0,25.9,0.9,93.0,0.0,191.6,3,4,8,0.0,1.5
20210804,1,21.0,21.0,20.0,21.0,21.0,0,24.7,0.1,95.0,0.0,191.6,3,4,8,0.0,1.5
20210804,2,20.0,20.0,20.0,21.0,20.0,0,24.3,0.6,93.0,0.0,191.6,3,4,8,0.0,1.5
20210804,3,25.0,22.0,21.0,21.0,22.0,0,24.4,0.2,96.0,0.0,191.6,3,4,8,0.0,1.5
20210804,4,21.0,21.0,21.0,21.0,21.0,0,24.1,0.3,98.0,0.0,191.6,3,4,8,0.0,1.5
20210804,5,21.0,20.0,20.0,21.0,21.0,0,24.3,1.0,92.0,0.0,191.6,3,4,8,0.0,1.5
20210804,6,21.0,23.0,26.0,22.0,23.0,0,26.6,0.4,83.0,0.0,191.6,3,4,8,0.0,1.5
20210804,7,20.0,21.0,20.0,20.0,20.0,0,28.0,0.7,79.0,0.0,191.6,3,4,8,0.0,1.5
20210804,8,20.0,20.0,21.0,23.0,21.0,0,29.6,0.9,67.0,0.0,191.6,3,4,8,0.0,1.5
20210804,9,20.0,20.0,21.0,21.0,21.0,0,31.3,1.0,58.0,0.0,191.6,3,4,8,0.0,1.0
20210804,10,20.0,25.0,22.0,21.0,22.0,0,32.3,1.7,53.0,0.0,191.6,3,4,8,0.0,1.0
20210804,11,21.0,21.0,21.0,21.0,21.0,0,32.9,1.5,57.0,0.0,191.6,3,4,8,0.0,1.0
20210804,12,21.0,21.0,21.0,21.0,21.0,0,32.0,2.3,67.0,0.0,191.6,3,4,8,0.0,1.0
20210804,13,21.0,21.0,21.0,25.0,22.0,0,32.6,1.7,65.0,0.0,191.6,3,4,8,0.0,1.0
20210804,14,24.0,21.0,21.0,21.0,22.0,0,31.9,2.1,59.0,0.0,191.6,3,4,8,0.0,1.0
20210804,15,21.0,21.0,21.0,24.0,22.0,0,32.0,1.8,59.0,0.0,191.6,3,4,8,0.0,1.0
20210804,16,21.0,22.0,21.0,21.0,21.0,0,31.9,1.6,55.0,0.0,191.6,3,4,8,0.0,1.0
20210804,17,21.0,21.0,22.0,26.0,23.0,0,30.5,1.8,63.0,0.0,191.6,3,4,8,0.0,1.0
20210804,18,22.0,21.0,21.0,21.0,21.0,0,29.5,1.1,65.0,0.0,191.6,3,4,8,0.0,1.5
20210804,19,21.0,21.0,21.0,21.0,21.0,0,28.3,1.3,79.0,0.0,191.6,3,4,8,0.0,1.5
20210804,20,21.0,21.0,21.0,21.0,21.0,0,27.6,0.4,87.0,0.0,191.6,3,4,8,0.0,1.5
20210804,21,21.0,23.0,26.0,21.0,23.0,0,26.6,0.7,91.0,0.0,191.6,3,4,8,0.0,1.5
20210804,22,21.0,21.0,21.0,21.0,21.0,0,26.3,0.1,91.0,0.0,191.6,3,4,8,0.0,1.5
20210804,23,22.0,20.0,21.0,20.0,21.0,0,25.9,0.6,88.0,0.0,191.6,3,4,8,0.0,1.5
20210805,0,21.0,21.0,21.0,21.0,21.0,0,25.7,0.7,90.0,0.0,191.6,4,5,8,0.0,1.5
20210805,1,25.0,23.0,20.0,21.0,22.0,0,25.6,1.7,89.0,0.0,191.6,4,5,8,0.0,1.5
20210805,2,21.0,21.0,21.0,21.0,21.0,0,25.1,1.2,90.0,0.0,191.6,4,5,8,0.0,1.5
20210805,3,21.0,21.0,21.0,21.0,21.0,0,24.9,1.0,93.0,0.0,191.6,4,5,8,0.0,1.5
20210805,4,21.0,20.0,20.0,25.0,22.0,0,24.4,0.1,93.0,0.0,191.6,4,5,8,0.0,1.5
20210805,5,22.0,20.0,21.0,21.0,21.0,0,24.5,1.7,93.0,0.0,191.6,4,5,8,0.0,1.5
20210805,6,21.0,21.0,22.0,21.0,21.0,0,27.1,0.6,87.0,0.0,191.6,4,5,8,0.0,1.5
20210805,7,20.0,20.0,20.0,20.0,20.0,0,28.4,0.9,81.0,0.0,191.6,4,5,8,0.0,1.5
20210805,8,20.0,24.0,23.0,20.0,22.0,0,30.4,1.0,72.0,0.0,191.6,4,5,8,0.0,1.5
20210805,9,20.0,21.0,21.0,21.0,21.0,0,31.3,2.4,62.0,0.0,191.6,4,5,8,0.0,1.0
20210805,10,21.0,21.0,21.0,20.0,21.0,0,32.3,1.9,62.0,0.0,191.6,4,5,8,0.0,1.0
20210805,11,21.0,21.0,22.0,25.0,22.0,0,32.3,1.6,63.0,0.0,191.6,4,5,8,0.0,1.0
20210805,12,24.0,21.0,21.0,21.0,22.0,0,32.8,2.1,63.0,0.0,191.6,4,5,8,0.0,1.0
20210805,13,21.0,21.0,21.0,24.0,22.0,0,32.3,2.5,63.0,0.0,191.6,4,5,8,0.0,1.0
20210805,14,21.0,21.0,21.0,22.0,21.0,0,33.3,1.9,57.0,0.0,191.6,4,5,8,0.0,1.0
20210805,15,22.0,21.0,23.0,25.0,23.0,0,32.6,2.1,62.0,0.0,191.6,4,5,8,0.0,1.0
20210805,16,21.0,22.0,21.0,22.0,22.0,0,31.8,2.1,59.0,0.0,191.6,4,5,8,0.0,1.0
20210805,17,21.0,22.0,22.0,21.0,22.0,0,31.5,1.4,59.0,0.0,191.6,4,5,8,0.0,1.0
20210805,18,21.0,21.0,21.0,21.0,21.0,0,30.0,1.4,62.0,0.0,191.6,4,5,8,0.0,1.5
20210805,19,22.0,25.0,21.0,20.0,22.0,0,29.5,1.2,68.0,0.0,191.6,4,5,8,0.0,1.5
20210805,20,21.0,20.0,20.0,22.0,21.0,0,29.0,0.9,68.0,0.0,191.6,4,5,8,0.0,1.5
20210805,21,21.0,22.0,21.0,21.0,21.0,0,27.8,0.7,77.0,0.0,191.6,4,5,8,0.0,1.5
20210805,22,21.0,21.0,21.0,23.0,22.0,0,26.8,0.3,84.0,0.0,191.6,4,5,8,0.0,1.5
20210805,23,26.0,22.0,21.0,21.0,23.0,0,26.6,1.6,84.0,0.0,191.6,4,5,8,0.0,1.5
20210806,0,21.0,21.0,20.0,21.0,21.0,0,25.6,0.8,86.0,0.0,191.6,5,6,8,0.0,1.5
20210806,1,21.0,21.0,21.0,21.0,21.0,0,25.6,1.1,86.0,0.0,191.6,5,6,8,0.0,1.5
20210806,2,20.0,21.0,20.0,20.0,20.0,0,25.0,0.5,91.0,0.0,191.6,5,6,8,0.0,1.5
20210806,3,25.0,22.0,21.0,21.0,22.0,0,25.4,1.4,92.0,0.0,191.6,5,6,8,0.0,1.5
20210806,4,21.0,23.0,21.0,21.0,22.0,0,24.8,1.1,95.0,0.0,191.6,5,6,8,0.0,1.5
20210806,5,21.0,20.0,21.0,21.0,21.0,0,24.9,1.1,96.0,0.0,191.6,5,6,8,0.0,1.5
20210806,6,19.0,20.0,22.0,25.0,22.0,0,26.7,1.5,87.0,0.0,191.6,5,6,8,0.0,1.5
20210806,7,20.0,20.0,20.0,21.0,20.0,0,28.5,2.1,78.0,0.0,191.6,5,6,8,0.0,1.5
20210806,8,20.0,20.0,20.0,21.0,20.0,0,30.7,1.5,69.0,0.0,191.6,5,6,8,0.0,1.5
20210806,9,21.0,21.0,21.0,21.0,21.0,0,31.8,2.9,62.0,0.0,191.6,5,6,8,0.0,1.0
20210806,10,24.0,25.0,22.0,23.0,24.0,0,32.7,2.1,60.0,0.0,191.6,5,6,8,0.0,1.0
20210806,11,23.0,23.0,25.0,24.0,24.0,0,32.7,2.6,59.0,0.0,191.6,5,6,8,0.0,1.0
20210806,12,24.0,23.0,24.0,23.0,24.0,0,32.7,3.4,58.0,0.0,191.6,5,6,8,0.0,1.0
20210806,13,23.0,23.0,23.0,24.0,23.0,0,32.9,2.9,59.0,0.0,191.6,5,6,8,0.0,1.0
20210806,14,27.0,24.0,22.0,21.0,24.0,0,32.2,3.0,59.0,0.0,191.6,5,6,8,0.0,1.0
20210806,15,21.0,22.0,21.0,22.0,22.0,0,32.0,3.3,59.0,0.0,191.6,5,6,8,0.0,1.0
20210806,16,21.0,22.0,22.0,22.0,22.0,0,31.3,2.9,66.0,0.0,191.6,5,6,8,0.0,1.0
20210806,17,22.0,22.0,25.0,24.0,23.0,0,31.4,1.6,68.0,0.0,191.6,5,6,8,0.0,1.0
20210806,18,22.0,21.0,22.0,22.0,22.0,0,29.7,1.3,78.0,0.0,191.6,5,6,8,0.0,1.5
20210806,19,21.0,21.0,21.0,21.0,21.0,0,28.6,0.7,85.0,0.0,191.6,5,6,8,0.0,1.5
20210806,20,21.0,21.0,20.0,21.0,21.0,0,27.9,1.0,90.0,0.0,191.6,5,6,8,0.0,1.5
20210806,21,24.0,26.0,21.0,21.0,23.0,0,27.4,0.7,94.0,0.0,191.6,5,6,8,0.0,1.5
20210806,22,21.0,21.0,21.0,21.0,21.0,0,27.4,1.4,94.0,0.0,191.6,5,6,8,0.0,1.5
20210806,23,21.0,21.0,21.0,21.0,21.0,0,26.7,1.9,92.0,0.0,191.6,5,6,8,0.0,1.5
20210807,0,21.0,21.0,21.0,24.0,22.0,0,26.2,1.0,91.0,0.0,191.6,6,7,8,0.0,1.5
20210807,1,25.0,22.0,21.0,21.0,22.0,0,25.8,1.9,97.0,0.0,191.6,6,7,8,0.0,1.5
20210807,2,21.0,20.0,21.0,20.0,21.0,0,25.9,2.5,98.0,0.0,191.6,6,7,8,0.0,1.5
20210807,3,21.0,20.0,20.0,21.0,21.0,0,26.1,2.0,98.0,0.0,191.6,6,7,8,0.0,1.5
20210807,4,21.0,21.0,21.0,21.0,21.0,0,25.9,0.5,98.0,0.0,191.6,6,7,8,0.0,1.5
20210807,5,24.0,22.0,21.0,21.0,22.0,0,26.1,1.7,98.0,0.0,191.6,6,7,8,0.0,1.5
20210807,6,21.0,21.0,21.0,21.0,21.0,0,26.6,0.6,96.0,0.0,191.6,6,7,8,0.0,1.5
20210807,7,21.0,20.0,20.0,21.0,21.0,0,28.1,1.3,88.0,0.0,191.6,6,7,8,0.0,1.5
20210807,8,20.0,20.0,22.0,25.0,22.0,0,30.2,1.3,81.0,0.0,191.6,6,7,8,0.0,1.5
20210807,9,24.0,21.0,21.0,21.0,22.0,0,30.6,0.9,77.0,0.0,191.6,6,7,8,0.0,1.0
20210807,10,21.0,21.0,20.0,21.0,21.0,0,31.9,1.5,62.0,0.0,191.6,6,7,8,0.0,1.0
20210807,11,21.0,21.0,20.0,21.0,21.0,0,33.4,2.1,52.0,0.0,191.6,6,7,8,0.0,1.0
20210807,12,21.0,23.0,26.0,22.0,23.0,0,32.9,2.1,55.0,0.0,191.6,6,7,8,0.0,1.0
20210807,13,21.0,21.0,21.0,20.0,21.0,0,32.9,2.0,59.0,0.0,191.6,6,7,8,0.0,1.0
20210807,14,21.0,21.0,21.0,21.0,21.0,0,32.3,2.5,66.0,0.0,191.6,6,7,8,0.0,1.0
20210807,15,22.0,21.0,21.0,21.0,21.0,0,31.6,1.9,68.0,0.0,191.6,6,7,8,0.0,1.0
20210807,16,24.0,25.0,24.0,21.0,24.0,0,31.4,2.1,65.0,0.0,191.6,6,7,8,0.0,1.0
20210807,17,21.0,21.0,21.0,21.0,21.0,0,29.7,3.0,76.0,0.0,191.6,6,7,8,0.0,1.0
20210807,18,21.0,21.0,21.0,21.0,21.0,0,28.6,3.1,86.0,0.0,191.6,6,7,8,0.0,1.5
20210807,19,21.0,21.0,21.0,24.0,22.0,0,28.2,1.1,89.0,0.0,191.6,6,7,8,0.0,1.5
20210807,20,26.0,21.0,21.0,22.0,23.0,0,28.2,1.4,89.0,0.0,191.6,6,7,8,0.0,1.5
20210807,21,22.0,22.0,21.0,22.0,22.0,0,28.0,0.9,88.0,0.0,191.6,6,7,8,0.0,1.5
20210807,22,21.0,21.0,21.0,21.0,21.0,0,26.8,1.3,95.0,0.3,191.6,6,7,8,0.0,1.5
20210807,23,23.0,21.0,23.0,25.0,23.0,0,26.2,0.8,98.0,1.1,191.6,6,7,8,0.0,1.5
20210808,0,21.0,21.0,21.0,21.0,21.0,0,25.1,1.6,98.0,1.1,191.6,7,8,8,0.0,1.5
20210808,1,21.0,21.0,21.0,21.0,21.0,0,24.1,1.5,98.0,5.2,191.6,7,8,8,0.0,1.5
20210808,2,21.0,21.0,21.0,21.0,21.0,0,23.9,2.6,98.0,7.3,191.6,7,8,8,0.0,1.5
20210808,3,21.0,24.0,24.0,21.0,23.0,0,23.5,1.7,98.0,7.9,191.6,7,8,8,0.0,1.5
20210808,4,21.0,21.0,21.0,21.0,21.0,0,23.2,0.3,98.0,7.9,191.6,7,8,8,0.0,1.5
20210808,5,21.0,20.0,20.0,21.0,21.0,0,23.5,2.1,98.0,7.9,191.6,7,8,8,0.0,1.5
20210808,6,21.0,23.0,20.0,21.0,21.0,0,24.6,1.9,98.0,7.9,191.6,7,8,8,0.0,1.5
20210808,7,25.0,22.0,20.0,20.0,22.0,0,25.9,1.2,92.0,7.9,191.6,7,8,8,0.0,1.5
20210808,8,20.0,20.0,21.0,21.0,21.0,0,26.4,1.4,92.0,7.9,191.6,7,8,8,0.0,1.5
20210808,9,21.0,21.0,21.0,21.0,21.0,0,27.6,2.2,88.0,7.9,191.6,7,8,8,0.0,1.0
20210808,10,21.0,21.0,23.0,25.0,23.0,0,28.0,2.1,84.0,7.9,191.6,7,8,8,0.0,1.0
20210808,11,21.0,21.0,21.0,21.0,21.0,0,27.2,1.8,89.0,8.0,191.6,7,8,8,0.0,1.0
20210808,12,21.0,21.0,21.0,20.0,21.0,0,23.1,2.4,97.0,22.9,191.6,7,8,8,0.0,1.0
20210808,13,20.0,23.0,20.0,21.0,21.0,0,23.8,2.2,98.0,23.4,191.6,7,8,8,0.0,1.0
20210808,14,20.0,25.0,22.0,21.0,22.0,0,23.9,1.6,98.0,23.7,191.6,7,8,8,0.0,1.0
20210808,15,20.0,20.0,21.0,21.0,21.0,0,24.1,2.0,98.0,24.2,191.6,7,8,8,0.0,1.0
20210808,16,21.0,21.0,20.0,21.0,21.0,0,24.2,1.4,98.0,24.6,191.6,7,8,8,0.0,1.0
20210808,17,21.0,21.0,22.0,25.0,22.0,0,24.8,2.0,98.0,24.8,191.6,7,8,8,0.0,1.0
20210808,18,24.0,21.0,21.0,21.0,22.0,0,24.4,1.9,98.0,24.8,191.6,7,8,8,0.0,1.5
20210808,19,21.0,21.0,21.0,21.0,21.0,0,23.9,1.7,98.0,25.7,191.6,7,8,8,0.0,1.5
20210808,20,21.0,22.0,20.0,21.0,21.0,0,23.2,2.3,98.0,28.0,191.6,7,8,8,0.0,1.5
20210808,21,21.0,21.0,21.0,26.0,22.0,0,22.7,2.4,98.0,29.5,191.6,7,8,8,0.0,1.5
20210808,22,22.0,21.0,21.0,21.0,21.0,0,23.3,2.5,98.0,34.7,191.6,7,8,8,0.0,1.5
20210808,23,20.0,21.0,21.0,21.0,21.0,0,23.1,2.8,98.0,37.2,191.6,7,8,8,0.0,1.5
20210809,0,21.0,21.0,21.0,21.0,21.0,0,23.3,3.3,98.0,5.2,191.6,1,9,8,0.0,1.5
20210809,1,21.0,25.0,24.0,21.0,23.0,0,23.6,3.3,98.0,7.1,191.6,1,9,8,0.0,1.5
20210809,2,21.0,20.0,20.0,20.0,20.0,0,23.4,4.5,98.0,7.6,191.6,1,9,8,0.0,1.5
20210809,3,21.0,21.0,21.0,23.0,22.0,0,22.7,4.5,98.0,8.3,191.6,1,9,8,0.0,1.5
20210809,4,20.0,21.0,21.0,22.0,21.0,0,22.7,4.3,96.0,8.5,191.6,1,9,8,0.0,1.5
20210809,5,25.0,20.0,19.0,20.0,21.0,0,22.7,4.1,96.0,8.8,191.6,1,9,8,0.0,1.5
20210809,6,20.0,20.0,20.0,20.0,20.0,0,22.6,4.1,97.0,9.0,191.6,1,9,8,0.0,1.5
20210809,7,27.0,48.0,92.0,112.0,70.0,10,22.5,3.3,98.0,9.7,191.6,1,9,8,0.035842294,1.5
20210809,8,158.0,191.0,215.0,208.0,193.0,749,23.6,2.6,93.0,9.7,191.6,1,9,8,0.970207254,1.5
20210809,9,197.0,186.0,185.0,195.0,191.0,773,25.0,2.7,85.0,9.7,191.6,1,9,8,1.01310616,1.0
20210809,10,167.0,201.0,186.0,173.0,182.0,408,26.5,2.6,75.0,9.7,191.6,1,9,8,0.561210454,1.0
20210809,11,192.0,190.0,184.0,183.0,187.0,1431,26.5,1.8,76.0,9.7,191.6,1,9,8,1.910547397,1.0
20210809,12,144.0,123.0,124.0,126.0,129.0,120,28.2,3.1,69.0,9.7,191.6,1,9,8,0.232108317,1.0
20210809,13,160.0,178.0,190.0,200.0,182.0,7569,29.2,2.8,64.0,9.7,191.6,1,9,8,10.39697802,1.0
20210809,14,191.0,178.0,186.0,175.0,183.0,3753,28.2,2.1,70.0,9.7,191.6,1,9,8,5.14109589,1.0
20210809,15,149.0,158.0,176.0,183.0,167.0,1087,28.7,3.5,69.0,9.7,191.6,1,9,8,1.632132132,1.0
20210809,16,191.0,190.0,183.0,173.0,184.0,1416,28.1,2.9,69.0,9.7,191.6,1,9,8,1.921302578,1.0
20210809,17,169.0,160.0,139.0,117.0,146.0,3120,27.5,2.6,73.0,9.7,191.6,1,9,8,5.333333333,1.0
20210809,18,103.0,100.0,96.0,94.0,98.0,0,26.1,1.4,79.0,9.7,191.6,1,9,8,0.0,1.5
20210809,19,95.0,94.0,93.0,90.0,93.0,0,25.4,1.3,83.0,9.7,191.6,1,9,8,0.0,1.5
20210809,20,100.0,112.0,110.0,113.0,109.0,36,24.8,1.0,83.0,9.7,191.6,1,9,8,0.082758621,1.5
20210809,21,116.0,119.0,111.0,115.0,115.0,114,23.3,2.2,94.0,9.8,191.6,1,9,8,0.247288503,1.5
20210809,22,106.0,108.0,108.0,112.0,109.0,63,22.0,1.3,98.0,18.0,191.6,1,9,8,0.14516129,1.5
20210809,23,108.0,104.0,103.0,76.0,98.0,40,22.0,0.7,98.0,19.8,191.6,1,9,8,0.10230179,1.5
20210810,0,71.0,68.0,67.0,67.0,68.0,0,22.1,1.1,98.0,0.3,191.6,2,10,8,0.0,1.5
20210810,1,104.0,101.0,98.0,93.0,99.0,30,22.1,1.7,98.0,0.3,191.6,2,10,8,0.075757576,1.5
20210810,2,96.0,95.0,94.0,97.0,96.0,435,21.9,1.3,98.0,0.3,191.6,2,10,8,1.138743455,1.5
20210810,3,86.0,101.0,104.0,99.0,98.0,18,22.0,0.6,98.0,0.3,191.6,2,10,8,0.046153846,1.5
20210810,4,103.0,103.0,101.0,98.0,101.0,88,22.0,2.3,98.0,0.3,191.6,2,10,8,0.217283951,1.5
20210810,5,78.0,72.0,91.0,99.0,85.0,10,21.9,2.4,98.0,0.3,191.6,2,10,8,0.029411765,1.5
20210810,6,96.0,101.0,97.0,105.0,100.0,194,21.8,1.8,98.0,0.3,191.6,2,10,8,0.486215539,1.5
20210810,7,115.0,126.0,138.0,132.0,128.0,1883,22.5,0.9,98.0,0.3,191.6,2,10,8,3.684931507,1.5
20210810,8,158.0,189.0,195.0,190.0,183.0,503,23.2,0.7,96.0,0.3,191.6,2,10,8,0.68715847,1.5
20210810,9,182.0,174.0,193.0,190.0,185.0,1091,23.9,1.1,93.0,0.4,191.6,2,10,8,1.47631935,1.0
20210810,10,142.0,180.0,192.0,186.0,175.0,1629,25.0,0.7,98.0,1.6,191.6,2,10,8,2.327142857,1.0
20210810,11,180.0,191.0,183.0,185.0,185.0,1421,26.3,1.5,81.0,1.6,191.6,2,10,8,1.922868742,1.0
20210810,12,119.0,100.0,100.0,110.0,107.0,0,26.9,1.7,81.0,1.6,191.6,2,10,8,0.0,1.0
20210810,13,161.0,187.0,187.0,190.0,181.0,1199,26.5,1.9,77.0,1.6,191.6,2,10,8,1.653793103,1.0
20210810,14,180.0,172.0,164.0,165.0,170.0,1693,25.5,2.1,84.0,1.6,191.6,2,10,8,2.486049927,1.0
20210810,15,133.0,138.0,167.0,181.0,155.0,687,25.4,2.3,87.0,1.6,191.6,2,10,8,1.109854604,1.0
20210810,16,178.0,182.0,155.0,161.0,169.0,662,25.4,1.0,85.0,1.6,191.6,2,10,8,0.979289941,1.0
20210810,17,116.0,98.0,132.0,156.0,126.0,518,24.9,1.2,89.0,1.7,191.6,2,10,8,1.03187251,1.0
20210810,18,162.0,166.0,164.0,168.0,165.0,3333,24.5,0.5,94.0,1.7,191.6,2,10,8,5.05,1.5
20210810,19,161.0,163.0,161.0,139.0,156.0,1764,24.1,0.5,97.0,1.7,191.6,2,10,8,2.826923077,1.5
20210810,20,117.0,135.0,131.0,133.0,129.0,113,23.9,1.1,97.0,1.7,191.6,2,10,8,0.218992248,1.5
20210810,21,127.0,121.0,120.0,122.0,123.0,149,23.9,0.6,97.0,1.7,191.6,2,10,8,0.304081633,1.5
20210810,22,99.0,114.0,104.0,106.0,106.0,5,24.1,2.0,96.0,1.7,191.6,2,10,8,0.011820331,1.5
20210810,23,103.0,101.0,109.0,84.0,99.0,0,23.5,1.1,97.0,1.7,191.6,2,10,8,0.0,1.5
20210811,0,81.0,83.0,76.0,66.0,77.0,0,23.2,0.9,98.0,0.0,191.6,3,11,8,0.0,1.5
20210811,1,102.0,108.0,96.0,90.0,99.0,54,23.4,1.9,98.0,0.0,191.6,3,11,8,0.136363636,1.5
20210811,2,101.0,114.0,109.0,110.0,109.0,55,23.1,1.3,98.0,0.0,191.6,3,11,8,0.126728111,1.5
20210811,3,97.0,113.0,102.0,105.0,104.0,6,22.7,0.7,98.0,0.0,191.6,3,11,8,0.014388489,1.5
20210811,4,105.0,111.0,116.0,113.0,111.0,78,22.7,1.5,98.0,0.0,191.6,3,11,8,0.175280899,1.5
20210811,5,91.0,78.0,92.0,105.0,92.0,900,22.5,1.2,98.0,0.0,191.6,3,11,8,2.459016393,1.5
20210811,6,118.0,115.0,124.0,129.0,122.0,69,23.3,1.0,98.0,0.0,191.6,3,11,8,0.141975309,1.5
20210811,7,116.0,121.0,142.0,150.0,132.0,527,26.1,0.6,94.0,0.0,191.6,3,11,8,0.996219282,1.5
20210811,8,176.0,206.0,218.0,212.0,203.0,783,25.6,1.6,94.0,0.0,191.6,3,11,8,0.964285714,1.5
20210811,9,185.0,171.0,169.0,189.0,179.0,885,27.3,0.9,79.0,0.0,191.6,3,11,8,1.239495798,1.0
20210811,10,165.0,192.0,192.0,183.0,183.0,4050,28.6,0.5,66.0,0.0,191.6,3,11,8,5.532786885,1.0
20210811,11,176.0,178.0,190.0,192.0,184.0,1856,27.6,1.6,79.0,0.0,191.6,3,11,8,2.52173913,1.0
20210811,12,132.0,106.0,108.0,107.0,113.0,187,29.4,2.0,67.0,0.0,191.6,3,11,8,0.412803532,1.0
20210811,13,159.0,171.0,195.0,205.0,183.0,500,28.7,2.4,76.0,0.0,191.6,3,11,8,0.684931507,1.0
20210811,14,207.0,187.0,178.0,177.0,187.0,979,28.4,2.3,80.0,0.0,191.6,3,11,8,1.307076101,1.0
20210811,15,131.0,139.0,177.0,164.0,153.0,1734,28.7,2.6,73.0,0.0,191.6,3,11,8,2.83797054,1.0
20210811,16,185.0,170.0,185.0,187.0,182.0,330,27.0,2.2,76.0,0.0,191.6,3,11,8,0.45392022,1.0
20210811,17,141.0,117.0,168.0,177.0,151.0,251,25.7,1.9,77.0,0.0,191.6,3,11,8,0.416252073,1.0
20210811,18,194.0,180.0,172.0,172.0,180.0,2420,25.2,2.8,78.0,0.0,191.6,3,11,8,3.370473538,1.5
20210811,19,163.0,155.0,146.0,137.0,150.0,3724,24.4,1.9,88.0,0.0,191.6,3,11,8,6.196339434,1.5
20210811,20,123.0,127.0,128.0,121.0,125.0,6,23.9,1.2,87.0,0.0,191.6,3,11,8,0.012024048,1.5
20210811,21,115.0,100.0,103.0,115.0,108.0,69,23.1,0.7,88.0,0.0,191.6,3,11,8,0.159353349,1.5
20210811,22,108.0,116.0,112.0,104.0,110.0,98,23.2,1.2,91.0,0.0,191.6,3,11,8,0.222727273,1.5
20210811,23,104.0,100.0,109.0,84.0,99.0,26,22.6,1.2,93.0,0.0,191.6,3,11,8,0.065491184,1.5
20210812,0,81.0,78.0,75.0,69.0,76.0,0,21.9,1.2,96.0,0.0,191.6,4,12,8,0.0,1.5
20210812,1,93.0,100.0,111.0,115.0,105.0,139,21.8,1.5,97.0,0.0,191.6,4,12,8,0.331742243,1.5
20210812,2,107.0,110.0,110.0,103.0,108.0,108,21.4,1.1,98.0,0.0,191.6,4,12,8,0.251162791,1.5
20210812,3,87.0,110.0,108.0,110.0,104.0,191,20.9,0.7,98.0,0.0,191.6,4,12,8,0.460240964,1.5
20210812,4,114.0,111.0,109.0,95.0,107.0,108,21.4,0.5,98.0,0.0,191.6,4,12,8,0.251748252,1.5
20210812,5,77.0,75.0,100.0,103.0,89.0,459,21.5,0.4,98.0,0.0,191.6,4,12,8,1.292957746,1.5
20210812,6,114.0,117.0,112.0,114.0,114.0,300,22.4,1.4,98.0,0.0,191.6,4,12,8,0.656455142,1.5
20210812,7,114.0,113.0,143.0,149.0,130.0,702,23.6,1.1,95.0,0.0,191.6,4,12,8,1.352601156,1.5
20210812,8,164.0,194.0,194.0,196.0,187.0,1250,25.3,1.0,90.0,0.0,191.6,4,12,8,1.671122995,1.5
20210812,9,189.0,183.0,180.0,170.0,181.0,1195,28.1,1.6,74.0,0.0,191.6,4,12,8,1.655124654,1.0
20210812,10,158.0,186.0,179.0,184.0,177.0,990,28.8,2.8,66.0,0.0,191.6,4,12,8,1.400282885,1.0
20210812,11,176.0,179.0,196.0,199.0,188.0,1075,28.2,2.6,73.0,0.0,191.6,4,12,8,1.433333333,1.0
20210812,12,133.0,116.0,118.0,111.0,120.0,85,27.6,3.0,75.0,0.0,191.6,4,12,8,0.177824268,1.0
20210812,13,153.0,150.0,186.0,191.0,170.0,1315,28.2,2.9,73.0,0.0,191.6,4,12,8,1.933823529,1.0
20210812,14,189.0,173.0,193.0,182.0,184.0,1222,28.0,3.8,76.0,0.0,191.6,4,12,8,1.65807327,1.0
20210812,15,132.0,147.0,185.0,197.0,165.0,768,27.1,2.1,79.0,0.0,191.6,4,12,8,1.161875946,1.0
20210812,16,172.0,165.0,176.0,166.0,170.0,6810,26.7,2.0,81.0,0.0,191.6,4,12,8,10.02945508,1.0
20210812,17,127.0,106.0,148.0,160.0,135.0,635,26.1,1.3,84.0,0.0,191.6,4,12,8,1.173752311,1.0
20210812,18,173.0,175.0,177.0,161.0,172.0,1081,25.8,1.2,85.0,0.0,191.6,4,12,8,1.575801749,1.5
20210812,19,169.0,182.0,157.0,136.0,161.0,3692,25.4,1.1,88.0,0.0,191.6,4,12,8,5.732919255,1.5
20210812,20,120.0,124.0,127.0,127.0,125.0,114,24.3,1.5,98.0,0.8,191.6,4,12,8,0.228915663,1.5
20210812,21,110.0,113.0,114.0,110.0,112.0,0,24.2,0.9,98.0,1.3,191.6,4,12,8,0.0,1.5
20210812,22,109.0,110.0,121.0,122.0,116.0,0,24.1,0.7,98.0,1.3,191.6,4,12,8,0.0,1.5
20210812,23,118.0,105.0,106.0,83.0,103.0,100,23.9,0.9,98.0,1.4,191.6,4,12,8,0.242718447,1.5
20210813,0,79.0,72.0,69.0,67.0,72.0,137,23.9,1.2,98.0,0.0,191.6,5,13,8,0.477351916,1.5
20210813,1,90.0,99.0,104.0,105.0,100.0,45,23.7,1.1,98.0,0.0,191.6,5,13,8,0.113065327,1.5
20210813,2,109.0,117.0,107.0,115.0,112.0,100,23.7,1.2,98.0,0.0,191.6,5,13,8,0.223214286,1.5
20210813,3,114.0,116.0,120.0,112.0,116.0,190,23.3,1.3,98.0,0.2,191.6,5,13,8,0.411255411,1.5
20210813,4,116.0,107.0,105.0,110.0,110.0,97,23.4,1.1,98.0,0.2,191.6,5,13,8,0.221461187,1.5
20210813,5,79.0,70.0,96.0,108.0,88.0,0,23.1,1.9,98.0,0.2,191.6,5,13,8,0.0,1.5
20210813,6,115.0,116.0,107.0,103.0,110.0,831,23.2,1.9,98.0,0.2,191.6,5,13,8,1.884353741,1.5
20210813,7,108.0,122.0,147.0,166.0,136.0,352,23.9,1.7,98.0,0.2,191.6,5,13,8,0.64825046,1.5
20210813,8,188.0,201.0,207.0,187.0,196.0,1107,24.9,2.8,92.0,0.2,191.6,5,13,8,1.413793103,1.5
20210813,9,184.0,191.0,188.0,188.0,188.0,1246,25.7,1.7,88.0,0.2,191.6,5,13,8,1.659121172,1.0
20210813,10,151.0,201.0,195.0,187.0,184.0,1023,23.6,1.4,96.0,3.5,191.6,5,13,8,1.39373297,1.0
20210813,11,185.0,191.0,203.0,204.0,196.0,1809,25.1,2.0,91.0,3.5,191.6,5,13,8,2.310344828,1.0
20210813,12,134.0,103.0,102.0,103.0,111.0,30,25.7,2.3,87.0,3.5,191.6,5,13,8,0.067873303,1.0
20210813,13,162.0,195.0,194.0,182.0,183.0,1393,25.9,3.2,82.0,3.5,191.6,5,13,8,1.900409277,1.0
20210813,14,200.0,192.0,177.0,188.0,189.0,1512,26.4,3.2,80.0,3.5,191.6,5,13,8,1.997357992,1.0
20210813,15,140.0,149.0,184.0,195.0,167.0,1316,26.2,3.3,81.0,3.5,191.6,5,13,8,1.97005988,1.0
20210813,16,186.0,186.0,180.0,179.0,183.0,1055,25.5,1.9,84.0,3.5,191.6,5,13,8,1.443228454,1.0
20210813,17,131.0,123.0,165.0,176.0,149.0,770,25.2,1.2,86.0,3.5,191.6,5,13,8,1.294117647,1.0
20210813,18,172.0,176.0,177.0,172.0,174.0,1523,24.7,1.7,86.0,3.5,191.6,5,13,8,2.18507891,1.5
20210813,19,168.0,151.0,144.0,120.0,146.0,2206,24.7,2.2,87.0,3.5,191.6,5,13,8,3.783876501,1.5
20210813,20,106.0,113.0,122.0,125.0,117.0,0,24.8,1.4,88.0,3.5,191.6,5,13,8,0.0,1.5
20210813,21,119.0,112.0,109.0,111.0,113.0,55,24.6,1.2,89.0,3.5,191.6,5,13,8,0.12195122,1.5
20210813,22,100.0,100.0,116.0,118.0,109.0,832,24.3,1.3,90.0,3.5,191.6,5,13,8,1.917050691,1.5
20210813,23,116.0,108.0,92.0,71.0,97.0,39,24.0,1.9,91.0,3.5,191.6,5,13,8,0.100775194,1.5
20210814,0,67.0,61.0,61.0,59.0,62.0,0,24.0,1.4,91.0,0.0,191.6,6,14,8,0.0,1.5
20210814,1,83.0,95.0,106.0,104.0,97.0,237,24.3,1.6,90.0,0.0,191.6,6,14,8,0.610824742,1.5
20210814,2,108.0,108.0,108.0,104.0,107.0,61,24.2,1.8,91.0,0.0,191.6,6,14,8,0.142523364,1.5
20210814,3,89.0,86.0,90.0,98.0,91.0,61,23.3,1.8,98.0,0.6,191.6,6,14,8,0.168044077,1.5
20210814,4,100.0,96.0,98.0,97.0,98.0,40,23.2,2.0,97.0,1.0,191.6,6,14,8,0.10230179,1.5
20210814,5,80.0,76.0,86.0,91.0,83.0,198,23.2,1.7,97.0,1.1,191.6,6,14,8,0.594594595,1.5
20210814,6,91.0,89.0,82.0,81.0,86.0,136,22.6,1.7,98.0,3.7,191.6,6,14,8,0.396501458,1.5
20210814,7,75.0,66.0,42.0,30.0,53.0,796,22.2,1.5,98.0,12.8,191.6,6,14,8,3.737089202,1.5
20210814,8,26.0,22.0,21.0,21.0,23.0,0,22.2,2.0,98.0,16.1,191.6,6,14,8,0.0,1.5
20210814,9,22.0,21.0,21.0,23.0,22.0,0,22.1,2.0,98.0,20.1,191.6,6,14,8,0.0,1.0
20210814,10,21.0,21.0,21.0,20.0,21.0,0,22.9,2.8,98.0,23.7,191.6,6,14,8,0.0,1.0
20210814,11,20.0,21.0,24.0,26.0,23.0,0,22.9,2.4,97.0,24.1,191.6,6,14,8,0.0,1.0
20210814,12,23.0,22.0,22.0,21.0,22.0,0,22.7,2.7,96.0,25.7,191.6,6,14,8,0.0,1.0
20210814,13,20.0,21.0,21.0,21.0,21.0,0,23.7,2.3,94.0,26.1,191.6,6,14,8,0.0,1.0
20210814,14,21.0,21.0,22.0,22.0,22.0,0,24.2,2.2,86.0,26.1,191.6,6,14,8,0.0,1.0
20210814,15,22.0,22.0,26.0,23.0,23.0,0,24.8,2.1,85.0,26.1,191.6,6,14,8,0.0,1.0
20210814,16,22.0,21.0,22.0,22.0,22.0,0,25.5,1.8,81.0,26.1,191.6,6,14,8,0.0,1.0
20210814,17,22.0,21.0,20.0,22.0,21.0,0,24.5,2.4,84.0,26.1,191.6,6,14,8,0.0,1.0
20210814,18,24.0,21.0,21.0,21.0,22.0,0,24.1,1.9,88.0,26.1,191.6,6,14,8,0.0,1.5
20210814,19,26.0,22.0,21.0,21.0,23.0,0,23.5,1.8,90.0,26.1,191.6,6,14,8,0.0,1.5
20210814,20,21.0,21.0,22.0,22.0,22.0,0,22.6,3.1,94.0,26.2,191.6,6,14,8,0.0,1.5
20210814,21,22.0,22.0,22.0,23.0,22.0,0,22.4,2.8,94.0,26.5,191.6,6,14,8,0.0,1.5
20210814,22,22.0,25.0,24.0,21.0,23.0,0,22.5,2.3,93.0,26.5,191.6,6,14,8,0.0,1.5
20210814,23,22.0,21.0,22.0,21.0,22.0,0,22.3,2.4,94.0,26.5,191.6,6,14,8,0.0,1.5
20210815,0,21.0,21.0,22.0,22.0,22.0,0,22.2,2.5,94.0,0.0,191.6,7,15,8,0.0,1.5
20210815,1,21.0,21.0,22.0,28.0,23.0,0,22.3,2.2,92.0,0.0,191.6,7,15,8,0.0,1.5
20210815,2,24.0,22.0,20.0,21.0,22.0,0,22.5,2.5,91.0,0.0,191.6,7,15,8,0.0,1.5
20210815,3,21.0,21.0,21.0,22.0,21.0,0,22.2,2.8,92.0,0.0,191.6,7,15,8,0.0,1.5
20210815,4,22.0,22.0,22.0,22.0,22.0,0,22.0,2.2,90.0,0.0,191.6,7,15,8,0.0,1.5
20210815,5,25.0,25.0,21.0,21.0,23.0,0,21.8,2.2,90.0,0.0,191.6,7,15,8,0.0,1.5
20210815,6,22.0,22.0,21.0,21.0,22.0,0,22.4,2.8,86.0,0.0,191.6,7,15,8,0.0,1.5
20210815,7,21.0,20.0,20.0,21.0,21.0,0,23.9,2.8,82.0,0.0,191.6,7,15,8,0.0,1.5
20210815,8,22.0,21.0,24.0,26.0,23.0,0,24.5,3.2,81.0,0.0,191.6,7,15,8,0.0,1.5
20210815,9,24.0,22.0,23.0,21.0,23.0,0,25.2,2.9,80.0,0.0,191.6,7,15,8,0.0,1.0
20210815,10,21.0,21.0,20.0,21.0,21.0,0,24.9,3.4,82.0,0.0,191.6,7,15,8,0.0,1.0
20210815,11,21.0,21.0,22.0,22.0,22.0,0,23.9,1.3,96.0,0.4,191.6,7,15,8,0.0,1.0
20210815,12,21.0,22.0,26.0,24.0,23.0,0,23.1,2.9,98.0,1.5,191.6,7,15,8,0.0,1.0
20210815,13,22.0,21.0,21.0,22.0,22.0,0,24.6,2.6,93.0,1.5,191.6,7,15,8,0.0,1.0
20210815,14,21.0,22.0,22.0,21.0,22.0,0,24.6,2.6,93.0,1.5,191.6,7,15,8,0.0,1.0
20210815,15,21.0,21.0,21.0,21.0,21.0,0,23.3,1.5,98.0,1.5,191.6,7,15,8,0.0,1.0
20210815,16,25.0,24.0,21.0,21.0,23.0,0,22.9,1.9,98.0,1.5,191.6,7,15,8,0.0,1.0
20210815,17,22.0,22.0,21.0,22.0,22.0,0,23.3,2.3,95.0,1.5,191.6,7,15,8,0.0,1.0
20210815,18,21.0,20.0,21.0,21.0,21.0,0,23.0,2.5,90.0,0.0,191.6,7,15,8,0.0,1.5
20210815,19,21.0,22.0,25.0,24.0,23.0,0,22.0,1.2,96.0,0.0,191.6,7,15,8,0.0,1.5
20210815,20,22.0,21.0,21.0,22.0,22.0,0,22.3,1.9,96.0,0.0,191.6,7,15,8,0.0,1.5
20210815,21,22.0,22.0,22.0,22.0,22.0,0,22.5,1.4,91.0,0.0,191.6,7,15,8,0.0,1.5
20210815,22,22.0,22.0,22.0,24.0,23.0,0,22.6,1.8,90.0,0.0,191.6,7,15,8,0.0,1.5
20210815,23,25.0,23.0,21.0,22.0,23.0,0,22.3,2.0,94.0,0.0,191.6,7,15,8,0.0,1.5
20210816,0,22.0,22.0,22.0,21.0,22.0,0,22.0,1.7,93.0,0.0,191.6,1,16,8,0.0,1.5
20210816,1,20.0,23.0,21.0,21.0,21.0,0,21.8,1.6,92.0,0.0,191.6,1,16,8,0.0,1.5
20210816,2,20.0,21.0,26.0,24.0,23.0,0,21.6,1.8,91.0,0.0,191.6,1,16,8,0.0,1.5
20210816,3,21.0,21.0,21.0,21.0,21.0,0,21.3,2.1,92.0,0.0,191.6,1,16,8,0.0,1.5
20210816,4,21.0,22.0,22.0,22.0,22.0,0,21.3,1.6,95.0,0.0,191.6,1,16,8,0.0,1.5
20210816,5,21.0,22.0,22.0,22.0,22.0,0,21.5,2.2,95.0,0.0,191.6,1,16,8,0.0,1.5
20210816,6,23.0,26.0,22.0,21.0,23.0,0,22.2,1.8,94.0,0.0,191.6,1,16,8,0.0,1.5
20210816,7,24.0,30.0,63.0,122.0,60.0,27,22.6,1.6,93.0,0.0,191.6,1,16,8,0.112970711,1.5
20210816,8,152.0,180.0,182.0,183.0,174.0,566,23.1,1.8,95.0,0.3,191.6,1,16,8,0.81205165,1.5
20210816,9,184.0,190.0,186.0,170.0,183.0,642,25.4,2.2,78.0,0.3,191.6,1,16,8,0.879452055,1.0
20210816,10,116.0,151.0,151.0,157.0,144.0,1720,25.5,3.5,74.0,0.3,191.6,1,16,8,2.991304348,1.0
20210816,11,156.0,152.0,157.0,155.0,155.0,1472,26.2,4.1,68.0,0.3,191.6,1,16,8,2.374193548,1.0
20210816,12,107.0,91.0,88.0,100.0,97.0,0,26.3,2.9,67.0,0.3,191.6,1,16,8,0.0,1.0
20210816,13,157.0,156.0,148.0,149.0,153.0,1404,26.1,3.5,68.0,0.3,191.6,1,16,8,2.301639344,1.0
20210816,14,153.0,138.0,149.0,144.0,146.0,1828,25.9,3.3,66.0,0.3,191.6,1,16,8,3.130136986,1.0
20210816,15,112.0,146.0,140.0,132.0,133.0,547,25.0,3.6,70.0,0.3,191.6,1,16,8,1.032075472,1.0
20210816,16,117.0,125.0,110.0,113.0,116.0,1490,24.7,2.9,71.0,0.3,191.6,1,16,8,3.204301075,1.0
20210816,17,105.0,99.0,99.0,95.0,100.0,0,24.6,2.3,73.0,0.3,191.6,1,16,8,0.0,1.0
20210816,18,94.0,92.0,91.0,89.0,92.0,22,23.9,1.8,78.0,0.3,191.6,1,16,8,0.06010929,1.5
20210816,19,95.0,93.0,85.0,84.0,89.0,31,23.5,1.7,81.0,0.3,191.6,1,16,8,0.086834734,1.5
20210816,20,95.0,101.0,95.0,102.0,98.0,130,23.0,2.5,85.0,0.3,191.6,1,16,8,0.330788804,1.5
20210816,21,113.0,116.0,110.0,108.0,112.0,138,23.2,2.9,85.0,0.3,191.6,1,16,8,0.308724832,1.5
20210816,22,86.0,102.0,95.0,98.0,95.0,35,23.0,2.4,88.0,0.3,191.6,1,16,8,0.091863517,1.5
20210816,23,94.0,102.0,102.0,84.0,96.0,186,23.2,2.2,86.0,0.3,191.6,1,16,8,0.486910995,1.5
20210817,0,71.0,68.0,68.0,71.0,70.0,141,22.7,2.4,89.0,0.0,191.6,2,17,8,0.507194245,1.5
20210817,1,90.0,95.0,100.0,100.0,96.0,267,22.9,2.2,89.0,0.0,191.6,2,17,8,0.693506494,1.5
20210817,2,98.0,96.0,101.0,98.0,98.0,238,22.5,1.9,96.0,0.1,191.6,2,17,8,0.605597964,1.5
20210817,3,83.0,95.0,99.0,92.0,92.0,127,23.1,2.4,92.0,0.1,191.6,2,17,8,0.344173442,1.5
20210817,4,86.0,95.0,98.0,94.0,93.0,36,23.3,2.0,89.0,0.1,191.6,2,17,8,0.096514745,1.5
20210817,5,77.0,73.0,89.0,103.0,86.0,86,22.9,2.9,90.0,0.3,191.6,2,17,8,0.251461988,1.5
20210817,6,94.0,91.0,93.0,96.0,94.0,290,22.1,2.0,97.0,1.7,191.6,2,17,8,0.77540107,1.5
20210817,7,95.0,120.0,146.0,137.0,125.0,1761,21.9,1.2,98.0,4.4,191.6,2,17,8,3.536144578,1.5
20210817,8,156.0,171.0,168.0,162.0,164.0,930,22.4,1.3,98.0,5.3,191.6,2,17,8,1.415525114,1.5
20210817,9,156.0,159.0,170.0,166.0,163.0,1618,21.4,3.2,98.0,7.1,191.6,2,17,8,2.485407066,1.0
20210817,10,126.0,159.0,162.0,165.0,153.0,1182,21.4,3.1,98.0,15.1,191.6,2,17,8,1.931372549,1.0
20210817,11,165.0,167.0,171.0,173.0,169.0,1144,22.3,3.0,98.0,21.1,191.6,2,17,8,1.692307692,1.0
20210817,12,109.0,98.0,100.0,134.0,110.0,0,22.1,2.3,98.0,29.7,191.6,2,17,8,0.0,1.0
20210817,13,159.0,164.0,163.0,162.0,162.0,2870,22.2,2.2,98.0,32.8,191.6,2,17,8,4.429012346,1.0
20210817,14,164.0,160.0,163.0,156.0,161.0,1412,22.7,3.8,93.0,32.9,191.6,2,17,8,2.195956454,1.0
20210817,15,120.0,154.0,159.0,168.0,150.0,7913,23.2,3.3,86.0,32.9,191.6,2,17,8,13.16638935,1.0
20210817,16,158.0,151.0,152.0,147.0,152.0,3108,23.5,3.6,83.0,32.9,191.6,2,17,8,5.111842105,1.0
20210817,17,104.0,91.0,120.0,135.0,113.0,540,23.1,2.8,84.0,32.9,191.6,2,17,8,1.2,1.0
20210817,18,137.0,148.0,154.0,158.0,149.0,1575,23.2,4.4,81.0,32.9,191.6,2,17,8,2.638190955,1.5
20210817,19,143.0,141.0,139.0,127.0,138.0,3586,22.6,2.7,86.0,32.9,191.6,2,17,8,6.52,1.5
20210817,20,116.0,120.0,128.0,116.0,120.0,116,21.9,2.8,91.0,32.9,191.6,2,17,8,0.241666667,1.5
20210817,21,120.0,118.0,121.0,112.0,118.0,154,21.6,3.3,89.0,32.9,191.6,2,17,8,0.326963907,1.5
20210817,22,90.0,114.0,118.0,117.0,110.0,58,21.5,2.5,95.0,32.9,191.6,2,17,8,0.132118451,1.5
20210817,23,118.0,111.0,99.0,87.0,104.0,127,21.6,2.5,93.0,32.9,191.6,2,17,8,0.306024096,1.5
20210818,0,66.0,64.0,65.0,65.0,65.0,4,21.4,2.7,95.0,0.0,191.6,3,18,8,0.015384615,1.5
20210818,1,84.0,95.0,97.0,105.0,95.0,270,21.4,3.7,96.0,0.0,191.6,3,18,8,0.708661417,1.5
20210818,2,101.0,102.0,105.0,102.0,103.0,344,21.5,2.2,94.0,0.0,191.6,3,18,8,0.83902439,1.5
20210818,3,78.0,87.0,98.0,101.0,91.0,247,21.8,2.1,91.0,0.0,191.6,3,18,8,0.678571429,1.5
20210818,4,93.0,95.0,99.0,93.0,95.0,455,21.7,0.9,91.0,0.0,191.6,3,18,8,1.197368421,1.5
20210818,5,78.0,70.0,84.0,98.0,83.0,105,21.5,2.8,94.0,0.0,191.6,3,18,8,0.318181818,1.5
20210818,6,96.0,97.0,103.0,107.0,101.0,127,22.2,2.5,92.0,0.0,191.6,3,18,8,0.315136476,1.5
20210818,7,105.0,116.0,146.0,131.0,125.0,1144,22.8,2.2,90.0,0.0,191.6,3,18,8,2.297188755,1.5
20210818,8,146.0,162.0,174.0,171.0,163.0,1358,23.7,2.4,87.0,0.0,191.6,3,18,8,2.079632466,1.5
20210818,9,171.0,172.0,163.0,170.0,169.0,835,24.0,2.1,86.0,0.0,191.6,3,18,8,1.235207101,1.0
20210818,10,134.0,160.0,166.0,176.0,159.0,1429,23.2,1.7,92.0,0.5,191.6,3,18,8,2.246855346,1.0
20210818,11,173.0,172.0,183.0,163.0,173.0,2090,23.3,2.9,90.0,0.6,191.6,3,18,8,3.024602026,1.0
20210818,12,109.0,90.0,88.0,120.0,102.0,1015,24.2,3.4,84.0,0.6,191.6,3,18,8,2.493857494,1.0
20210818,13,166.0,171.0,171.0,177.0,171.0,565,24.3,3.1,82.0,0.6,191.6,3,18,8,0.824817518,1.0
20210818,14,175.0,176.0,181.0,185.0,179.0,1872,24.9,3.9,75.0,0.6,191.6,3,18,8,2.610878661,1.0
20210818,15,141.0,176.0,184.0,178.0,170.0,1482,24.4,3.8,80.0,0.6,191.6,3,18,8,2.182621502,1.0
20210818,16,188.0,174.0,148.0,152.0,166.0,1933,23.5,2.4,90.0,0.7,191.6,3,18,8,2.919939577,1.0
20210818,17,118.0,99.0,160.0,186.0,141.0,558,23.2,2.4,83.0,0.7,191.6,3,18,8,0.991119005,1.0
20210818,18,168.0,165.0,174.0,147.0,164.0,1633,23.4,3.0,80.0,0.7,191.6,3,18,8,2.496941896,1.5
20210818,19,150.0,158.0,142.0,123.0,143.0,2203,22.4,2.1,89.0,0.7,191.6,3,18,8,3.844677138,1.5
20210818,20,116.0,124.0,120.0,118.0,120.0,100,22.4,2.6,91.0,0.7,191.6,3,18,8,0.209205021,1.5
20210818,21,109.0,111.0,115.0,123.0,115.0,56,23.1,3.4,86.0,0.7,191.6,3,18,8,0.122270742,1.5
20210818,22,102.0,125.0,117.0,103.0,112.0,102,22.2,2.9,95.0,1.6,191.6,3,18,8,0.228187919,1.5
20210818,23,103.0,112.0,107.0,96.0,105.0,136,22.7,2.8,91.0,1.6,191.6,3,18,8,0.325358852,1.5
20210819,0,77.0,73.0,68.0,65.0,71.0,53,22.7,2.7,88.0,0.0,191.6,4,19,8,0.187279152,1.5
20210819,1,84.0,101.0,110.0,114.0,102.0,85,22.6,3.2,82.0,0.0,191.6,4,19,8,0.207823961,1.5
20210819,2,116.0,106.0,101.0,113.0,109.0,173,22.7,3.5,82.0,0.0,191.6,4,19,8,0.396788991,1.5
20210819,3,93.0,111.0,119.0,112.0,109.0,60,22.7,2.9,82.0,0.0,191.6,4,19,8,0.137931034,1.5
20210819,4,108.0,108.0,101.0,98.0,104.0,114,22.2,2.7,87.0,0.0,191.6,4,19,8,0.274698795,1.5
20210819,5,78.0,70.0,96.0,106.0,88.0,399,22.2,1.9,88.0,0.0,191.6,4,19,8,1.14,1.5
20210819,6,110.0,119.0,110.0,97.0,109.0,459,22.4,2.7,85.0,0.0,191.6,4,19,8,1.052752294,1.5
20210819,7,91.0,116.0,142.0,143.0,123.0,745,23.3,3.3,82.0,0.0,191.6,4,19,8,1.514227642,1.5
20210819,8,174.0,185.0,177.0,159.0,174.0,670,23.9,2.9,84.0,0.0,191.6,4,19,8,0.964028777,1.5
20210819,9,162.0,173.0,182.0,179.0,174.0,942,24.6,3.3,80.0,0.0,191.6,4,19,8,1.353448276,1.0
20210819,10,142.0,166.0,165.0,177.0,163.0,1599,24.3,3.5,82.0,0.0,191.6,4,19,8,2.46,1.0
20210819,11,176.0,188.0,175.0,168.0,177.0,2542,25.2,4.1,79.0,0.0,191.6,4,19,8,3.595473833,1.0
20210819,12,114.0,96.0,89.0,120.0,105.0,380,25.3,3.0,78.0,0.0,191.6,4,19,8,0.906921241,1.0
20210819,13,168.0,168.0,163.0,172.0,168.0,2129,25.4,2.7,77.0,0.0,191.6,4,19,8,3.172876304,1.0
20210819,14,178.0,167.0,171.0,184.0,175.0,2843,25.7,2.1,79.0,0.0,191.6,4,19,8,4.061428571,1.0
20210819,15,145.0,179.0,185.0,172.0,170.0,349,25.5,2.4,79.0,0.0,191.6,4,19,8,0.512481645,1.0
20210819,16,166.0,171.0,167.0,159.0,166.0,3020,25.8,2.3,77.0,0.0,191.6,4,19,8,4.55505279,1.0
20210819,17,122.0,101.0,140.0,155.0,130.0,510,24.1,1.4,85.0,0.0,191.6,4,19,8,0.984555985,1.0
20210819,18,161.0,140.0,153.0,155.0,152.0,3195,23.3,1.8,84.0,0.0,191.6,4,19,8,5.246305419,1.5
20210819,19,153.0,151.0,149.0,134.0,147.0,5336,22.4,0.6,91.0,0.0,191.6,4,19,8,9.090289608,1.5
20210819,20,121.0,130.0,134.0,128.0,128.0,8,22.0,0.9,95.0,0.0,191.6,4,19,8,0.015594542,1.5
20210819,21,121.0,118.0,123.0,123.0,121.0,132,21.8,0.7,95.0,0.0,191.6,4,19,8,0.272164948,1.5
20210819,22,105.0,125.0,119.0,114.0,116.0,28,21.5,1.2,96.0,0.0,191.6,4,19,8,0.060475162,1.5
20210819,23,117.0,110.0,111.0,101.0,110.0,205,21.6,0.2,96.0,0.0,191.6,4,19,8,0.466970387,1.5
20210820,0,80.0,74.0,70.0,68.0,73.0,338,21.7,1.3,97.0,0.0,191.6,5,20,8,1.157534247,1.5
20210820,1,89.0,105.0,109.0,100.0,101.0,47,21.0,1.5,98.0,0.0,191.6,5,20,8,0.11662531,1.5
20210820,2,104.0,110.0,107.0,107.0,107.0,40,20.8,1.7,98.0,0.0,191.6,5,20,8,0.093457944,1.5
20210820,3,92.0,107.0,106.0,104.0,102.0,537,20.4,0.2,98.0,0.0,191.6,5,20,8,1.312958435,1.5
20210820,4,106.0,101.0,88.0,101.0,99.0,216,20.0,0.4,98.0,0.0,191.6,5,20,8,0.545454545,1.5
20210820,5,78.0,70.0,98.0,104.0,88.0,304,20.2,1.5,98.0,0.0,191.6,5,20,8,0.868571429,1.5
20210820,6,112.0,115.0,109.0,106.0,111.0,14,21.7,0.9,98.0,0.0,191.6,5,20,8,0.031674208,1.5
20210820,7,109.0,121.0,146.0,132.0,127.0,793,24.1,0.7,88.0,0.0,191.6,5,20,8,1.561023622,1.5
20210820,8,160.0,179.0,172.0,172.0,171.0,650,25.1,1.1,83.0,0.0,191.6,5,20,8,0.951683748,1.5
20210820,9,154.0,161.0,171.0,175.0,165.0,881,25.0,0.8,79.0,0.0,191.6,5,20,8,1.332829047,1.0
20210820,10,142.0,157.0,162.0,168.0,157.0,1450,24.5,0.6,88.0,0.7,191.6,5,20,8,2.305246423,1.0
20210820,11,183.0,193.0,189.0,183.0,187.0,3707,24.9,0.9,85.0,0.9,191.6,5,20,8,4.955882353,1.0
20210820,12,118.0,96.0,95.0,134.0,111.0,5245,24.3,1.1,93.0,2.3,191.6,5,20,8,11.83972912,1.0
20210820,13,175.0,180.0,177.0,177.0,177.0,1382,25.6,1.2,87.0,2.3,191.6,5,20,8,1.94922426,1.0
20210820,14,177.0,160.0,184.0,177.0,175.0,3002,26.7,1.8,74.0,2.3,191.6,5,20,8,4.300859599,1.0
20210820,15,124.0,176.0,169.0,167.0,159.0,1383,27.0,2.6,71.0,2.3,191.6,5,20,8,2.174528302,1.0
20210820,16,176.0,177.0,168.0,161.0,171.0,1774,27.2,1.4,74.0,2.3,191.6,5,20,8,2.601173021,1.0
20210820,17,105.0,107.0,160.0,164.0,134.0,282,26.2,1.5,79.0,2.3,191.6,5,20,8,0.526119403,1.0
20210820,18,148.0,156.0,158.0,157.0,155.0,909,25.2,1.4,86.0,2.3,191.6,5,20,8,1.468497577,1.5
20210820,19,146.0,116.0,134.0,105.0,125.0,1199,25.1,0.5,89.0,2.3,191.6,5,20,8,2.393213573,1.5
20210820,20,99.0,115.0,125.0,117.0,114.0,465,24.6,1.0,90.0,2.3,191.6,5,20,8,1.019736842,1.5
20210820,21,120.0,121.0,117.0,115.0,118.0,100,24.3,1.5,93.0,2.3,191.6,5,20,8,0.21141649,1.5
20210820,22,91.0,107.0,112.0,113.0,106.0,64,23.8,0.4,97.0,2.3,191.6,5,20,8,0.151300236,1.5
20210820,23,102.0,106.0,101.0,84.0,98.0,431,23.7,0.6,98.0,2.3,191.6,5,20,8,1.096692112,1.5
20210821,0,64.0,62.0,63.0,63.0,63.0,524,23.9,1.9,98.0,0.0,191.6,6,21,8,2.079365079,1.5
20210821,1,92.0,97.0,91.0,99.0,95.0,106,23.5,0.4,98.0,0.0,191.6,6,21,8,0.279683377,1.5
20210821,2,99.0,103.0,106.0,109.0,104.0,38,23.9,1.3,97.0,0.8,191.6,6,21,8,0.091127098,1.5
20210821,3,86.0,92.0,94.0,102.0,94.0,1064,23.9,2.1,98.0,1.8,191.6,6,21,8,2.844919786,1.5
20210821,4,105.0,101.0,107.0,104.0,104.0,156,24.6,1.3,98.0,2.0,191.6,6,21,8,0.374100719,1.5
20210821,5,90.0,81.0,97.0,110.0,95.0,30,24.7,2.1,98.0,2.1,191.6,6,21,8,0.079365079,1.5
20210821,6,100.0,103.0,100.0,91.0,99.0,522,24.6,2.1,98.0,3.2,191.6,6,21,8,1.324873096,1.5
20210821,7,94.0,88.0,59.0,33.0,69.0,1354,24.5,2.8,98.0,4.2,191.6,6,21,8,4.941605839,1.5
20210821,8,26.0,21.0,21.0,23.0,23.0,0,23.3,2.1,98.0,6.1,191.6,6,21,8,0.0,1.5
20210821,9,21.0,20.0,21.0,21.0,21.0,0,23.9,2.6,98.0,9.8,191.6,6,21,8,0.0,1.0
20210821,10,21.0,21.0,22.0,21.0,21.0,0,24.1,3.4,98.0,21.6,191.6,6,21,8,0.0,1.0
20210821,11,21.0,24.0,26.0,22.0,23.0,0,24.2,4.1,98.0,25.5,191.6,6,21,8,0.0,1.0
20210821,12,22.0,22.0,22.0,22.0,22.0,0,24.1,3.2,98.0,42.6,191.6,6,21,8,0.0,1.0
20210821,13,21.0,21.0,21.0,21.0,21.0,0,22.9,2.4,98.0,68.4,191.6,6,21,8,0.0,1.0
20210821,14,21.0,22.0,22.0,26.0,23.0,0,22.7,2.6,98.0,91.9,191.6,6,21,8,0.0,1.0
20210821,15,23.0,21.0,21.0,22.0,22.0,0,21.2,1.3,98.0,116.1,191.6,6,21,8,0.0,1.0
20210821,16,22.0,21.0,21.0,22.0,22.0,0,22.1,3.0,98.0,119.2,191.6,6,21,8,0.0,1.0
20210821,17,22.0,22.0,22.0,22.0,22.0,0,21.8,2.9,98.0,122.2,191.6,6,21,8,0.0,1.0
20210821,18,26.0,27.0,24.0,23.0,25.0,0,22.2,1.7,98.0,122.2,191.6,6,21,8,0.0,1.5
20210821,19,21.0,20.0,21.0,21.0,21.0,0,22.2,1.5,98.0,122.2,191.6,6,21,8,0.0,1.5
20210821,20,21.0,22.0,21.0,22.0,22.0,0,23.0,2.2,98.0,122.2,191.6,6,21,8,0.0,1.5
20210821,21,23.0,23.0,23.0,23.0,23.0,0,23.5,3.8,98.0,122.4,191.6,6,21,8,0.0,1.5
20210821,22,24.0,27.0,24.0,23.0,25.0,0,23.9,2.9,96.0,122.4,191.6,6,21,8,0.0,1.5
20210821,23,22.0,22.0,22.0,23.0,22.0,0,24.1,2.8,98.0,122.4,191.6,6,21,8,0.0,1.5
20210822,0,22.0,22.0,22.0,23.0,22.0,0,23.9,2.1,98.0,0.2,191.6,7,22,8,0.0,1.5
20210822,1,23.0,22.0,22.0,26.0,23.0,0,24.7,3.6,98.0,0.3,191.6,7,22,8,0.0,1.5
20210822,2,27.0,23.0,22.0,23.0,24.0,0,24.8,2.3,98.0,0.5,191.6,7,22,8,0.0,1.5
20210822,3,23.0,24.0,22.0,21.0,23.0,0,25.0,2.7,95.0,0.5,191.6,7,22,8,0.0,1.5
20210822,4,22.0,21.0,22.0,22.0,22.0,0,23.6,2.0,98.0,0.5,191.6,7,22,8,0.0,1.5
20210822,5,22.0,21.0,25.0,26.0,24.0,0,22.9,1.3,97.0,0.5,191.6,7,22,8,0.0,1.5
20210822,6,22.0,22.0,22.0,22.0,22.0,0,24.9,0.3,98.0,0.5,191.6,7,22,8,0.0,1.5
20210822,7,21.0,22.0,22.0,22.0,22.0,0,25.4,0.9,94.0,0.5,191.6,7,22,8,0.0,1.5
20210822,8,22.0,21.0,21.0,22.0,22.0,0,26.2,0.6,87.0,0.5,191.6,7,22,8,0.0,1.5
20210822,9,25.0,27.0,22.0,22.0,24.0,0,27.6,1.6,72.0,0.5,191.6,7,22,8,0.0,1.0
20210822,10,22.0,22.0,22.0,22.0,22.0,0,28.2,2.4,70.0,0.5,191.6,7,22,8,0.0,1.0
20210822,11,23.0,22.0,22.0,21.0,22.0,0,28.3,3.0,64.0,0.5,191.6,7,22,8,0.0,1.0
20210822,12,22.0,22.0,23.0,24.0,23.0,0,29.1,2.5,62.0,0.5,191.6,7,22,8,0.0,1.0
20210822,13,26.0,24.0,22.0,22.0,24.0,0,30.4,2.1,58.0,0.5,191.6,7,22,8,0.0,1.0
20210822,14,23.0,22.0,23.0,23.0,23.0,0,30.2,1.7,58.0,0.5,191.6,7,22,8,0.0,1.0
20210822,15,23.0,23.0,22.0,23.0,23.0,0,30.1,1.8,61.0,0.5,191.6,7,22,8,0.0,1.0
20210822,16,23.0,24.0,27.0,24.0,25.0,0,29.6,3.4,56.0,0.5,191.6,7,22,8,0.0,1.0
20210822,17,22.0,22.0,22.0,22.0,22.0,0,28.9,3.4,62.0,0.5,191.6,7,22,8,0.0,1.0
20210822,18,22.0,22.0,22.0,22.0,22.0,0,27.7,3.1,74.0,0.5,191.6,7,22,8,0.0,1.5
20210822,19,22.0,21.0,22.0,22.0,22.0,0,26.6,2.4,80.0,0.5,191.6,7,22,8,0.0,1.5
20210822,20,25.0,26.0,23.0,23.0,24.0,0,26.0,2.6,82.0,0.5,191.6,7,22,8,0.0,1.5
20210822,21,22.0,22.0,22.0,23.0,22.0,0,25.2,0.8,85.0,0.5,191.6,7,22,8,0.0,1.5
20210822,22,23.0,22.0,24.0,22.0,23.0,0,25.1,1.3,86.0,0.5,191.6,7,22,8,0.0,1.5
20210822,23,22.0,21.0,21.0,26.0,23.0,0,24.2,0.6,92.0,0.5,191.6,7,22,8,0.0,1.5
20210823,0,25.0,22.0,23.0,22.0,23.0,0,23.8,0.0,93.0,0.0,191.6,1,23,8,0.0,1.5
20210823,1,22.0,23.0,23.0,23.0,23.0,0,24.3,2.1,92.0,0.0,191.6,1,23,8,0.0,1.5
20210823,2,23.0,22.0,23.0,23.0,23.0,0,24.2,1.4,93.0,0.0,191.6,1,23,8,0.0,1.5
20210823,3,22.0,27.0,25.0,22.0,24.0,0,24.0,2.3,93.0,0.0,191.6,1,23,8,0.0,1.5
20210823,4,22.0,22.0,22.0,22.0,22.0,0,23.3,0.2,96.0,0.0,191.6,1,23,8,0.0,1.5
20210823,5,22.0,22.0,22.0,22.0,22.0,0,23.4,1.5,98.0,0.1,191.6,1,23,8,0.0,1.5
20210823,6,22.0,21.0,21.0,21.0,21.0,0,23.6,0.8,96.0,0.1,191.6,1,23,8,0.0,1.5
20210823,7,28.0,44.0,66.0,92.0,58.0,0,23.8,0.4,98.0,0.1,191.6,1,23,8,0.0,1.5
20210823,8,152.0,163.0,172.0,181.0,167.0,759,24.9,0.3,94.0,0.2,191.6,1,23,8,1.136227545,1.5
20210823,9,187.0,165.0,182.0,185.0,180.0,1105,25.6,0.5,90.0,0.2,191.6,1,23,8,1.536856745,1.0
20210823,10,144.0,181.0,182.0,172.0,170.0,884,26.0,0.9,89.0,0.2,191.6,1,23,8,1.30191458,1.0
20210823,11,172.0,186.0,191.0,188.0,184.0,1300,26.3,0.7,90.0,0.5,191.6,1,23,8,1.763907734,1.0
20210823,12,124.0,99.0,103.0,136.0,116.0,333,24.7,1.8,98.0,1.8,191.6,1,23,8,0.720779221,1.0
20210823,13,184.0,181.0,176.0,193.0,184.0,1758,23.4,1.0,98.0,4.5,191.6,1,23,8,2.395095368,1.0
20210823,14,181.0,184.0,182.0,190.0,184.0,4563,22.1,0.5,96.0,7.7,191.6,1,23,8,6.191316147,1.0
20210823,15,151.0,187.0,184.0,196.0,180.0,674,22.1,1.1,98.0,10.9,191.6,1,23,8,0.938718663,1.0
20210823,16,173.0,172.0,177.0,164.0,172.0,2742,22.0,1.1,98.0,11.1,191.6,1,23,8,3.997084548,1.0
20210823,17,124.0,114.0,154.0,177.0,142.0,362,22.3,1.0,98.0,11.1,191.6,1,23,8,0.636203866,1.0
20210823,18,179.0,165.0,148.0,131.0,156.0,651,21.9,1.0,98.0,12.4,191.6,1,23,8,1.04494382,1.5
20210823,19,137.0,132.0,136.0,109.0,129.0,1052,21.6,1.2,98.0,12.4,191.6,1,23,8,2.046692607,1.5
20210823,20,100.0,118.0,116.0,114.0,112.0,8,21.8,1.6,94.0,12.4,191.6,1,23,8,0.017857143,1.5
20210823,21,111.0,117.0,109.0,107.0,111.0,222,21.8,1.6,96.0,14.7,191.6,1,23,8,0.5,1.5
20210823,22,101.0,111.0,111.0,113.0,109.0,14,21.9,2.4,98.0,20.9,191.6,1,23,8,0.032110092,1.5
20210823,23,107.0,101.0,100.0,75.0,96.0,153,23.4,3.7,98.0,35.1,191.6,1,23,8,0.399477807,1.5
20210824,0,67.0,64.0,65.0,64.0,65.0,0,23.8,5.7,98.0,43.3,191.6,2,24,8,0.0,1.5
20210824,1,90.0,108.0,111.0,110.0,105.0,109,24.8,3.6,98.0,91.4,191.6,2,24,8,0.260143198,1.5
20210824,2,115.0,109.0,107.0,108.0,110.0,127,24.4,3.2,98.0,93.0,191.6,2,24,8,0.28929385,1.5
20210824,3,95.0,103.0,115.0,105.0,105.0,12,25.1,4.2,93.0,93.0,191.6,2,24,8,0.028708134,1.5
20210824,4,109.0,113.0,107.0,103.0,108.0,4,24.8,4.6,88.0,93.0,191.6,2,24,8,0.009259259,1.5
20210824,5,81.0,72.0,93.0,106.0,88.0,38,24.4,1.9,90.0,93.0,191.6,2,24,8,0.107954545,1.5
20210824,6,112.0,107.0,102.0,115.0,109.0,86,25.8,3.5,84.0,93.0,191.6,2,24,8,0.197247706,1.5
20210824,7,116.0,119.0,144.0,145.0,131.0,583,24.9,2.2,92.0,93.0,191.6,2,24,8,1.11259542,1.5
20210824,8,167.0,192.0,196.0,191.0,187.0,2623,25.0,2.3,96.0,93.6,191.6,2,24,8,3.516085791,1.5
20210824,9,182.0,190.0,170.0,181.0,181.0,516,24.5,0.0,98.0,95.5,191.6,2,24,8,0.713692946,1.0
20210824,10,151.0,181.0,177.0,174.0,171.0,1007,25.0,0.6,98.0,99.5,191.6,2,24,8,1.474377745,1.0
20210824,11,179.0,183.0,188.0,180.0,183.0,901,25.7,2.7,98.0,103.3,191.6,2,24,8,1.234246575,1.0
20210824,12,125.0,105.0,99.0,130.0,115.0,164,26.6,2.1,98.0,105.2,191.6,2,24,8,0.357298475,1.0
20210824,13,165.0,171.0,180.0,180.0,174.0,2240,27.1,3.4,95.0,105.7,191.6,2,24,8,3.218390805,1.0
20210824,14,190.0,185.0,180.0,188.0,186.0,510,27.9,2.7,98.0,108.0,191.6,2,24,8,0.68640646,1.0
20210824,15,139.0,175.0,183.0,201.0,175.0,1537,28.4,3.7,87.0,108.0,191.6,2,24,8,2.202005731,1.0
20210824,16,191.0,188.0,181.0,175.0,184.0,2281,28.1,2.7,88.0,108.0,191.6,2,24,8,3.103401361,1.0
20210824,17,131.0,115.0,153.0,157.0,139.0,797,27.8,2.8,90.0,108.3,191.6,2,24,8,1.433453237,1.0
20210824,18,148.0,151.0,151.0,156.0,152.0,1411,27.6,1.9,89.0,108.3,191.6,2,24,8,2.328382838,1.5
20210824,19,164.0,146.0,148.0,142.0,150.0,1762,27.0,2.7,93.0,108.3,191.6,2,24,8,2.936666667,1.5
20210824,20,117.0,122.0,125.0,120.0,121.0,0,26.8,2.6,89.0,108.3,191.6,2,24,8,0.0,1.5
20210824,21,122.0,123.0,121.0,119.0,121.0,135,26.9,2.5,87.0,108.3,191.6,2,24,8,0.278350515,1.5
20210824,22,112.0,120.0,109.0,109.0,113.0,14,26.9,2.5,85.0,108.3,191.6,2,24,8,0.031111111,1.5
20210824,23,102.0,104.0,107.0,84.0,99.0,98,26.0,1.0,87.0,108.3,191.6,2,24,8,0.246851385,1.5
20210825,0,81.0,80.0,77.0,69.0,77.0,0,25.4,0.4,92.0,0.0,191.6,3,25,8,0.0,1.5
20210825,1,90.0,111.0,108.0,108.0,104.0,56,25.4,0.9,90.0,0.0,191.6,3,25,8,0.134292566,1.5
20210825,2,115.0,107.0,105.0,110.0,109.0,227,25.9,1.9,88.0,0.0,191.6,3,25,8,0.519450801,1.5
20210825,3,90.0,100.0,98.0,106.0,99.0,28,24.8,0.6,93.0,0.0,191.6,3,25,8,0.07106599,1.5
20210825,4,109.0,109.0,110.0,107.0,109.0,63,24.3,0.4,96.0,0.0,191.6,3,25,8,0.144827586,1.5
20210825,5,90.0,79.0,89.0,107.0,91.0,46,24.2,0.6,98.0,0.0,191.6,3,25,8,0.126027397,1.5
20210825,6,101.0,99.0,108.0,108.0,104.0,323,24.2,0.9,98.0,0.1,191.6,3,25,8,0.776442308,1.5
20210825,7,109.0,134.0,162.0,150.0,139.0,506,25.2,0.6,98.0,0.1,191.6,3,25,8,0.911711712,1.5
20210825,8,156.0,177.0,182.0,179.0,174.0,470,25.6,0.2,95.0,0.1,191.6,3,25,8,0.677233429,1.5
20210825,9,161.0,167.0,175.0,181.0,171.0,2173,25.6,0.3,95.0,0.3,191.6,3,25,8,3.176900585,1.0
20210825,10,153.0,179.0,187.0,189.0,177.0,1134,25.8,0.8,97.0,1.5,191.6,3,25,8,1.601694915,1.0
20210825,11,172.0,158.0,184.0,178.0,173.0,1409,26.3,1.8,93.0,1.5,191.6,3,25,8,2.036127168,1.0
20210825,12,121.0,96.0,102.0,120.0,110.0,162,25.3,1.0,97.0,5.4,191.6,3,25,8,0.369020501,1.0
20210825,13,170.0,180.0,168.0,177.0,174.0,1825,26.0,1.3,97.0,5.4,191.6,3,25,8,2.625899281,1.0
20210825,14,179.0,165.0,180.0,184.0,177.0,2166,26.0,1.0,94.0,5.4,191.6,3,25,8,3.059322034,1.0
20210825,15,142.0,178.0,174.0,180.0,169.0,1786,25.8,1.8,93.0,5.4,191.6,3,25,8,2.649851632,1.0
20210825,16,172.0,169.0,146.0,160.0,162.0,1158,25.4,2.7,94.0,5.4,191.6,3,25,8,1.789799073,1.0
20210825,17,131.0,117.0,158.0,176.0,146.0,5718,25.0,0.9,98.0,5.4,191.6,3,25,8,9.824742268,1.0
20210825,18,172.0,166.0,165.0,165.0,167.0,1184,25.8,2.7,91.0,5.4,191.6,3,25,8,1.77245509,1.5
20210825,19,150.0,152.0,139.0,115.0,139.0,1345,24.5,1.4,94.0,5.4,191.6,3,25,8,2.419064748,1.5
20210825,20,101.0,107.0,112.0,124.0,111.0,67,24.7,0.8,97.0,5.4,191.6,3,25,8,0.150900901,1.5
20210825,21,114.0,131.0,123.0,117.0,121.0,112,25.0,1.2,96.0,5.4,191.6,3,25,8,0.230927835,1.5
20210825,22,114.0,109.0,103.0,114.0,110.0,102,24.7,0.7,98.0,5.5,191.6,3,25,8,0.231818182,1.5
20210825,23,119.0,112.0,108.0,80.0,105.0,16,23.9,0.4,98.0,5.5,191.6,3,25,8,0.038186158,1.5
20210826,0,72.0,72.0,73.0,69.0,72.0,415,23.8,0.1,98.0,0.0,191.6,4,26,8,1.451048951,1.5
20210826,1,92.0,106.0,110.0,105.0,103.0,24,23.9,0.1,98.0,0.0,191.6,4,26,8,0.05811138,1.5
20210826,2,113.0,116.0,112.0,118.0,115.0,277,24.0,0.8,98.0,0.0,191.6,4,26,8,0.603485839,1.5
20210826,3,90.0,100.0,104.0,103.0,99.0,30,23.6,1.1,98.0,0.0,191.6,4,26,8,0.075566751,1.5
20210826,4,108.0,115.0,111.0,104.0,110.0,96,23.9,1.8,98.0,0.0,191.6,4,26,8,0.219178082,1.5
20210826,5,83.0,77.0,98.0,108.0,92.0,139,24.2,1.7,98.0,0.0,191.6,4,26,8,0.379781421,1.5
20210826,6,105.0,104.0,98.0,111.0,105.0,393,25.3,0.7,98.0,0.0,191.6,4,26,8,0.940191388,1.5
20210826,7,114.0,129.0,147.0,145.0,134.0,1981,26.3,1.3,90.0,0.0,191.6,4,26,8,3.702803738,1.5
20210826,8,166.0,187.0,182.0,196.0,183.0,592,28.1,1.0,74.0,0.0,191.6,4,26,8,0.809849521,1.5
20210826,9,197.0,199.0,191.0,192.0,195.0,1269,27.8,1.7,71.0,0.0,191.6,4,26,8,1.629011553,1.0
20210826,10,158.0,187.0,182.0,193.0,180.0,286,29.4,0.7,66.0,0.0,191.6,4,26,8,0.397222222,1.0
20210826,11,192.0,194.0,180.0,187.0,188.0,1425,30.2,1.8,56.0,0.0,191.6,4,26,8,1.892430279,1.0
20210826,12,117.0,100.0,98.0,127.0,111.0,37,30.6,1.3,56.0,0.0,191.6,4,26,8,0.083710407,1.0
20210826,13,168.0,172.0,194.0,199.0,183.0,1792,31.8,1.5,44.0,0.0,191.6,4,26,8,2.444747613,1.0
20210826,14,183.0,177.0,189.0,190.0,185.0,746,31.6,1.1,56.0,0.0,191.6,4,26,8,1.00947226,1.0
20210826,15,163.0,192.0,202.0,193.0,188.0,2034,30.3,2.3,60.0,0.0,191.6,4,26,8,2.712,1.0
20210826,16,186.0,172.0,175.0,158.0,173.0,645,29.8,0.9,67.0,0.0,191.6,4,26,8,0.933429812,1.0
20210826,17,119.0,105.0,142.0,161.0,132.0,301,30.3,1.7,55.0,0.0,191.6,4,26,8,0.571157495,1.0
20210826,18,161.0,155.0,163.0,167.0,162.0,2864,28.3,1.2,66.0,0.0,191.6,4,26,8,4.433436533,1.5
20210826,19,168.0,158.0,170.0,129.0,156.0,4012,26.3,0.3,80.0,0.0,191.6,4,26,8,6.4192,1.5
20210826,20,116.0,115.0,112.0,121.0,116.0,203,26.4,1.9,81.0,0.0,191.6,4,26,8,0.4375,1.5
20210826,21,122.0,127.0,128.0,121.0,125.0,10,25.3,0.8,82.0,0.0,191.6,4,26,8,0.020080321,1.5
20210826,22,113.0,116.0,106.0,109.0,111.0,123,25.3,0.8,79.0,0.0,191.6,4,26,8,0.277027027,1.5
20210826,23,104.0,112.0,113.0,89.0,105.0,370,24.7,1.2,81.0,0.0,191.6,4,26,8,0.885167464,1.5
20210827,0,77.0,72.0,70.0,67.0,72.0,0,23.2,1.2,96.0,0.0,191.6,5,27,8,0.0,1.5
20210827,1,90.0,102.0,111.0,106.0,102.0,43,22.9,0.9,91.0,0.0,191.6,5,27,8,0.105134474,1.5
20210827,2,107.0,115.0,112.0,111.0,111.0,1024,22.6,1.6,94.0,0.0,191.6,5,27,8,2.301123596,1.5
20210827,3,92.0,98.0,105.0,114.0,102.0,334,22.3,1.3,93.0,0.0,191.6,5,27,8,0.816625917,1.5
20210827,4,107.0,111.0,112.0,100.0,108.0,293,22.2,0.9,92.0,0.0,191.6,5,27,8,0.681395349,1.5
20210827,5,77.0,74.0,87.0,104.0,86.0,73,21.8,0.4,98.0,0.0,191.6,5,27,8,0.213450292,1.5
20210827,6,101.0,99.0,99.0,103.0,101.0,189,23.2,0.5,94.0,0.0,191.6,5,27,8,0.470149254,1.5
20210827,7,106.0,123.0,135.0,135.0,125.0,698,25.5,0.8,86.0,0.0,191.6,5,27,8,1.398797595,1.5
20210827,8,166.0,183.0,190.0,185.0,181.0,263,25.0,0.6,85.0,0.0,191.6,5,27,8,0.363259669,1.5
20210827,9,179.0,185.0,169.0,170.0,176.0,1321,26.0,0.7,81.0,0.0,191.6,5,27,8,1.879089616,1.0
20210827,10,147.0,176.0,177.0,176.0,169.0,1056,27.8,1.2,71.0,0.0,191.6,5,27,8,1.562130178,1.0
20210827,11,179.0,182.0,169.0,168.0,175.0,2214,28.0,1.7,76.0,0.0,191.6,5,27,8,3.171919771,1.0
20210827,12,112.0,95.0,93.0,125.0,106.0,326,30.0,3.2,72.0,0.0,191.6,5,27,8,0.767058824,1.0
20210827,13,179.0,176.0,169.0,167.0,173.0,1925,31.2,3.1,66.0,0.0,191.6,5,27,8,2.785817656,1.0
20210827,14,169.0,168.0,163.0,161.0,165.0,3481,30.4,3.7,64.0,0.0,191.6,5,27,8,5.266263238,1.0
20210827,15,137.0,175.0,173.0,161.0,162.0,4309,30.4,5.2,61.0,0.0,191.6,5,27,8,6.670278638,1.0
20210827,16,158.0,150.0,156.0,161.0,156.0,3764,30.0,5.2,63.0,0.0,191.6,5,27,8,6.0224,1.0
20210827,17,127.0,116.0,161.0,163.0,142.0,1054,29.1,4.6,68.0,0.0,191.6,5,27,8,1.858906526,1.0
20210827,18,157.0,142.0,137.0,136.0,143.0,672,28.1,4.1,72.0,0.0,191.6,5,27,8,1.174825175,1.5
20210827,19,138.0,135.0,127.0,109.0,127.0,1643,27.7,1.5,76.0,0.0,191.6,5,27,8,3.227897839,1.5
20210827,20,104.0,111.0,108.0,109.0,108.0,518,23.9,2.8,90.0,0.0,191.6,5,27,8,1.199074074,1.5
20210827,21,104.0,115.0,111.0,97.0,107.0,238,22.6,1.7,97.0,0.0,191.6,5,27,8,0.557377049,1.5
20210827,22,79.0,94.0,105.0,105.0,96.0,61,22.5,0.4,98.0,0.3,191.6,5,27,8,0.15926893,1.5
20210827,23,105.0,109.0,113.0,82.0,102.0,270,22.8,0.5,98.0,0.3,191.6,5,27,8,0.660146699,1.5
20210828,0,75.0,73.0,71.0,69.0,72.0,174,22.7,1.9,98.0,0.2,191.6,6,28,8,0.604166667,1.5
20210828,1,91.0,108.0,111.0,107.0,104.0,160,22.4,1.0,98.0,0.2,191.6,6,28,8,0.383693046,1.5
20210828,2,111.0,119.0,110.0,102.0,111.0,68,22.1,2.3,98.0,0.2,191.6,6,28,8,0.153846154,1.5
20210828,3,100.0,109.0,97.0,103.0,102.0,54,21.9,1.3,98.0,0.2,191.6,6,28,8,0.13202934,1.5
20210828,4,105.0,107.0,105.0,93.0,103.0,440,22.4,1.9,95.0,0.2,191.6,6,28,8,1.073170732,1.5
20210828,5,73.0,74.0,93.0,107.0,87.0,29,22.2,1.0,96.0,0.2,191.6,6,28,8,0.083573487,1.5
20210828,6,103.0,101.0,93.0,95.0,98.0,332,22.5,1.8,92.0,0.2,191.6,6,28,8,0.846938776,1.5
20210828,7,94.0,86.0,48.0,37.0,66.0,542,23.0,2.1,87.0,0.2,191.6,6,28,8,2.045283019,1.5
20210828,8,35.0,35.0,35.0,36.0,35.0,0,24.7,1.4,75.0,0.2,191.6,6,28,8,0.0,1.5
20210828,9,36.0,36.0,36.0,36.0,36.0,0,26.9,1.0,72.0,0.2,191.6,6,28,8,0.0,1.0
20210828,10,37.0,36.0,41.0,39.0,38.0,0,27.8,1.9,61.0,0.2,191.6,6,28,8,0.0,1.0
20210828,11,36.0,36.0,39.0,37.0,37.0,0,28.6,2.4,54.0,0.2,191.6,6,28,8,0.0,1.0
20210828,12,38.0,38.0,38.0,38.0,38.0,0,29.2,2.1,49.0,0.2,191.6,6,28,8,0.0,1.0
20210828,13,38.0,37.0,37.0,41.0,38.0,0,30.3,1.6,51.0,0.2,191.6,6,28,8,0.0,1.0
20210828,14,41.0,37.0,37.0,37.0,38.0,0,29.4,1.8,49.0,0.2,191.6,6,28,8,0.0,1.0
20210828,15,37.0,37.0,38.0,38.0,38.0,0,29.2,1.5,50.0,0.2,191.6,6,28,8,0.0,1.0
20210828,16,38.0,47.0,52.0,46.0,46.0,0,28.2,1.5,64.0,0.2,191.6,6,28,8,0.0,1.0
20210828,17,47.0,41.0,0.0,0.0,22.0,0,26.7,1.5,77.0,0.2,191.6,6,28,8,0.0,1.0
20210828,18,0.0,0.0,0.0,0.0,0.0,0,25.9,0.7,81.0,0.2,191.6,6,28,8,0.0,1.5
20210828,19,0.0,0.0,0.0,0.0,0.0,0,25.4,0.3,88.0,0.2,191.6,6,28,8,0.0,1.5
20210828,20,0.0,0.0,0.0,0.0,0.0,0,24.8,1.2,90.0,0.2,191.6,6,28,8,0.0,1.5
20210828,21,0.0,0.0,0.0,0.0,0.0,0,24.3,1.2,91.0,0.2,191.6,6,28,8,0.0,1.5
20210828,22,0.0,0.0,0.0,0.0,0.0,0,24.4,1.5,89.0,0.2,191.6,6,28,8,0.0,1.5
20210828,23,0.0,0.0,0.0,0.0,0.0,0,24.3,1.1,83.0,0.2,191.6,6,28,8,0.0,1.5
20210829,0,0.0,0.0,0.0,0.0,0.0,0,23.9,0.8,83.0,0.0,191.6,7,29,8,0.0,1.5
20210829,1,0.0,0.0,0.0,0.0,0.0,0,23.7,0.6,84.0,0.0,191.6,7,29,8,0.0,1.5
20210829,2,0.0,0.0,0.0,0.0,0.0,0,22.8,1.1,88.0,0.0,191.6,7,29,8,0.0,1.5
20210829,3,0.0,0.0,0.0,0.0,0.0,0,23.0,1.3,88.0,0.0,191.6,7,29,8,0.0,1.5
20210829,4,0.0,0.0,0.0,0.0,0.0,0,23.0,0.3,90.0,0.0,191.6,7,29,8,0.0,1.5
20210829,5,0.0,0.0,0.0,0.0,0.0,0,23.1,1.2,87.0,0.0,191.6,7,29,8,0.0,1.5
20210829,6,0.0,0.0,0.0,0.0,0.0,0,23.2,0.4,89.0,0.0,191.6,7,29,8,0.0,1.5
20210829,7,0.0,0.0,0.0,0.0,0.0,0,24.6,1.2,83.0,0.0,191.6,7,29,8,0.0,1.5
20210829,8,0.0,0.0,0.0,0.0,0.0,0,25.1,0.8,83.0,0.0,191.6,7,29,8,0.0,1.5
20210829,9,0.0,0.0,0.0,0.0,0.0,0,26.3,0.9,78.0,0.0,191.6,7,29,8,0.0,1.0
20210829,10,0.0,0.0,0.0,0.0,0.0,0,27.4,1.3,77.0,0.0,191.6,7,29,8,0.0,1.0
20210829,11,0.0,0.0,41.0,25.0,17.0,0,27.0,1.5,79.0,0.0,191.6,7,29,8,0.0,1.0
20210829,12,23.0,23.0,21.0,19.0,22.0,0,24.8,1.6,80.0,0.0,191.6,7,29,8,0.0,1.0
20210829,13,19.0,19.0,19.0,19.0,19.0,0,26.5,1.5,79.0,0.0,191.6,7,29,8,0.0,1.0
20210829,14,21.0,22.0,22.0,21.0,22.0,0,26.3,0.9,81.0,0.0,191.6,7,29,8,0.0,1.0
20210829,15,21.0,21.0,21.0,21.0,21.0,0,25.2,1.1,91.0,0.2,191.6,7,29,8,0.0,1.0
20210829,16,21.0,21.0,21.0,23.0,22.0,0,25.3,1.3,91.0,0.2,191.6,7,29,8,0.0,1.0
20210829,17,26.0,25.0,26.0,26.0,26.0,0,25.8,0.9,86.0,0.2,191.6,7,29,8,0.0,1.0
20210829,18,25.0,25.0,24.0,21.0,24.0,0,24.6,0.7,93.0,0.2,191.6,7,29,8,0.0,1.5
20210829,19,20.0,21.0,21.0,20.0,21.0,0,23.9,1.1,95.0,0.2,191.6,7,29,8,0.0,1.5
20210829,20,20.0,20.0,20.0,20.0,20.0,0,23.8,0.7,97.0,0.2,191.6,7,29,8,0.0,1.5
20210829,21,20.0,20.0,20.0,21.0,20.0,0,24.1,2.1,96.0,0.2,191.6,7,29,8,0.0,1.5
20210829,22,20.0,24.0,23.0,20.0,22.0,0,24.0,1.1,94.0,0.2,191.6,7,29,8,0.0,1.5
20210829,23,19.0,19.0,21.0,20.0,20.0,0,23.7,0.6,95.0,0.2,191.6,7,29,8,0.0,1.5
20210830,0,20.0,20.0,20.0,20.0,20.0,0,23.9,1.0,93.0,0.0,191.6,1,30,8,0.0,1.5
20210830,1,20.0,20.0,20.0,23.0,21.0,0,23.8,1.6,91.0,0.0,191.6,1,30,8,0.0,1.5
20210830,2,24.0,21.0,20.0,20.0,21.0,0,23.6,1.6,88.0,0.0,191.6,1,30,8,0.0,1.5
20210830,3,20.0,21.0,19.0,19.0,20.0,0,23.1,0.3,90.0,0.0,191.6,1,30,8,0.0,1.5
20210830,4,19.0,19.0,20.0,20.0,20.0,0,23.1,1.4,88.0,0.0,191.6,1,30,8,0.0,1.5
20210830,5,20.0,19.0,19.0,20.0,20.0,0,22.8,1.0,89.0,0.0,191.6,1,30,8,0.0,1.5
20210830,6,24.0,21.0,20.0,19.0,21.0,0,23.0,0.5,90.0,0.0,191.6,1,30,8,0.0,1.5
20210830,7,29.0,38.0,59.0,80.0,52.0,0,24.8,1.7,81.0,0.0,191.6,1,30,8,0.0,1.5
20210830,8,133.0,175.0,177.0,183.0,167.0,879,25.5,1.5,77.0,0.0,191.6,1,30,8,1.315868263,1.5
20210830,9,167.0,158.0,180.0,174.0,170.0,1343,26.4,1.9,69.0,0.0,191.6,1,30,8,1.977908689,1.0
20210830,10,154.0,180.0,186.0,165.0,171.0,844,27.1,2.7,64.0,0.0,191.6,1,30,8,1.232116788,1.0
20210830,11,166.0,178.0,161.0,180.0,171.0,766,27.3,2.3,60.0,0.0,191.6,1,30,8,1.118248175,1.0
20210830,12,124.0,103.0,96.0,134.0,114.0,448,28.4,1.5,50.0,0.0,191.6,1,30,8,0.980306346,1.0
20210830,13,169.0,177.0,169.0,171.0,172.0,383,28.5,2.4,58.0,0.0,191.6,1,30,8,0.558309038,1.0
20210830,14,164.0,173.0,174.0,172.0,171.0,1151,28.1,3.5,54.0,0.0,191.6,1,30,8,1.685212299,1.0
20210830,15,141.0,145.0,175.0,177.0,160.0,1585,27.5,2.1,62.0,0.0,191.6,1,30,8,2.484326019,1.0
20210830,16,171.0,174.0,166.0,169.0,170.0,1095,26.5,1.2,66.0,0.0,191.6,1,30,8,1.610294118,1.0
20210830,17,127.0,115.0,145.0,172.0,140.0,140,26.0,0.2,72.0,0.0,191.6,1,30,8,0.250447227,1.0
20210830,18,172.0,165.0,164.0,169.0,168.0,579,25.0,1.0,81.0,0.0,191.6,1,30,8,0.864179104,1.5
20210830,19,162.0,150.0,134.0,128.0,144.0,827,24.7,1.1,79.0,0.0,191.6,1,30,8,1.440766551,1.5
20210830,20,117.0,130.0,132.0,131.0,128.0,13,23.8,0.5,84.0,0.0,191.6,1,30,8,0.025490196,1.5
20210830,21,133.0,135.0,123.0,125.0,129.0,54,23.9,0.7,85.0,0.0,191.6,1,30,8,0.104651163,1.5
20210830,22,102.0,116.0,123.0,121.0,116.0,461,23.6,0.6,85.0,0.0,191.6,1,30,8,0.997835498,1.5
20210830,23,115.0,107.0,110.0,89.0,105.0,151,23.3,0.8,89.0,0.0,191.6,1,30,8,0.358669834,1.5
20210831,0,76.0,73.0,71.0,71.0,73.0,204,23.4,0.8,88.0,0.0,191.6,2,31,8,0.701030928,1.5
20210831,1,98.0,106.0,111.0,110.0,106.0,353,22.9,0.6,94.0,0.0,191.6,2,31,8,0.830588235,1.5
20210831,2,114.0,110.0,107.0,102.0,108.0,306,22.9,0.2,93.0,0.0,191.6,2,31,8,0.70669746,1.5
20210831,3,90.0,101.0,104.0,107.0,101.0,378,22.7,1.3,93.0,0.0,191.6,2,31,8,0.940298507,1.5
20210831,4,114.0,114.0,108.0,105.0,110.0,248,22.9,1.1,92.0,0.0,191.6,2,31,8,0.562358277,1.5
20210831,5,84.0,79.0,95.0,114.0,93.0,200,22.5,1.2,95.0,0.0,191.6,2,31,8,0.537634409,1.5
20210831,6,114.0,114.0,112.0,111.0,113.0,266,22.9,1.4,94.0,0.0,191.6,2,31,8,0.589800443,1.5
20210831,7,101.0,105.0,144.0,143.0,123.0,919,23.5,0.9,92.0,0.0,191.6,2,31,8,1.864097363,1.5
20210831,8,159.0,177.0,175.0,157.0,167.0,653,24.1,1.3,89.0,0.0,191.6,2,31,8,0.97754491,1.5
20210831,9,153.0,162.0,175.0,185.0,169.0,942,22.5,2.4,98.0,0.8,191.6,2,31,8,1.395555556,1.0
20210831,10,157.0,187.0,183.0,177.0,176.0,1026,23.8,1.8,96.0,1.0,191.6,2,31,8,1.457386364,1.0
20210831,11,182.0,159.0,159.0,159.0,165.0,1255,25.6,1.1,81.0,1.0,191.6,2,31,8,1.904400607,1.0
20210831,12,108.0,97.0,108.0,135.0,112.0,194,27.7,1.2,68.0,1.0,191.6,2,31,8,0.433035714,1.0
20210831,13,163.0,184.0,175.0,173.0,174.0,710,26.1,1.9,69.0,1.0,191.6,2,31,8,1.021582734,1.0
20210831,14,187.0,176.0,186.0,179.0,182.0,1198,25.3,1.5,78.0,1.0,191.6,2,31,8,1.645604396,1.0
20210831,15,131.0,161.0,170.0,167.0,157.0,1803,25.1,1.3,79.0,1.0,191.6,2,31,8,2.86645469,1.0
20210831,16,172.0,180.0,162.0,152.0,167.0,2164,24.7,1.3,80.0,1.0,191.6,2,31,8,3.249249249,1.0
20210831,17,122.0,106.0,134.0,139.0,125.0,350,24.5,1.0,84.0,1.0,191.6,2,31,8,0.698602794,1.0
20210831,18,162.0,154.0,161.0,145.0,156.0,1029,24.4,1.1,85.0,1.0,191.6,2,31,8,1.654340836,1.5
20210831,19,146.0,137.0,153.0,154.0,148.0,1381,24.3,0.5,87.0,1.0,191.6,2,31,8,2.340677966,1.5
20210831,20,147.0,152.0,152.0,138.0,147.0,179,24.1,1.6,86.0,1.0,191.6,2,31,8,0.303904924,1.5
20210831,21,132.0,129.0,132.0,129.0,131.0,133,23.7,1.3,91.0,1.0,191.6,2,31,8,0.254789272,1.5
20210831,22,109.0,127.0,127.0,112.0,119.0,366,23.2,1.3,93.0,1.0,191.6,2,31,8,0.770526316,1.5
20210831,23,103.0,128.0,118.0,100.0,112.0,186,21.8,2.7,94.0,1.0,191.6,2,31,8,0.414253898,1.5
20210901,0,83.0,74.0,69.0,68.0,74.0,178,21.8,1.7,94.0,0.0,167.2,3,1,9,0.605442177,1.5
20210901,1,98.0,107.0,117.0,114.0,109.0,1160,21.5,1.5,95.0,0.0,167.2,3,1,9,2.660550459,1.5
20210901,2,121.0,118.0,111.0,105.0,114.0,414,21.4,1.1,95.0,0.0,167.2,3,1,9,0.90989011,1.5
20210901,3,90.0,103.0,103.0,99.0,99.0,507,21.3,0.6,97.0,0.0,167.2,3,1,9,1.283544304,1.5
20210901,4,114.0,119.0,114.0,114.0,115.0,154,20.9,0.6,98.0,0.0,167.2,3,1,9,0.334056399,1.5
20210901,5,84.0,74.0,97.0,112.0,92.0,248,20.9,0.7,98.0,0.0,167.2,3,1,9,0.675749319,1.5
20210901,6,112.0,115.0,119.0,116.0,116.0,88,21.1,0.5,98.0,0.0,167.2,3,1,9,0.19047619,1.5
20210901,7,106.0,114.0,139.0,135.0,124.0,1747,21.3,0.7,98.0,0.1,167.2,3,1,9,3.536437247,1.5
20210901,8,148.0,182.0,193.0,198.0,180.0,829,21.7,0.0,98.0,1.4,167.2,3,1,9,1.149791956,1.5
20210901,9,172.0,182.0,189.0,183.0,182.0,1338,22.6,0.3,98.0,3.6,167.2,3,1,9,1.842975207,1.0
20210901,10,156.0,193.0,196.0,195.0,185.0,806,23.8,2.2,98.0,3.8,167.2,3,1,9,1.089189189,1.0
20210901,11,179.0,176.0,180.0,160.0,174.0,1677,25.0,2.4,98.0,5.1,167.2,3,1,9,2.41294964,1.0
20210901,12,115.0,105.0,109.0,138.0,117.0,36,26.6,3.6,89.0,5.1,167.2,3,1,9,0.077087794,1.0
20210901,13,172.0,184.0,182.0,190.0,182.0,1498,27.9,1.8,82.0,5.1,167.2,3,1,9,2.057692308,1.0
20210901,14,186.0,192.0,178.0,180.0,184.0,2107,24.7,2.9,91.0,5.1,167.2,3,1,9,2.862771739,1.0
20210901,15,159.0,175.0,176.0,182.0,173.0,1155,23.7,1.9,92.0,5.1,167.2,3,1,9,1.669075145,1.0
20210901,16,165.0,187.0,185.0,165.0,176.0,1460,22.6,2.2,93.0,5.1,167.2,3,1,9,2.07977208,1.0
20210901,17,113.0,105.0,159.0,180.0,139.0,437,21.8,2.8,96.0,5.5,167.2,3,1,9,0.784560144,1.0
20210901,18,167.0,161.0,158.0,167.0,163.0,1288,20.7,2.1,98.0,14.9,167.2,3,1,9,1.972434916,1.5
20210901,19,163.0,154.0,157.0,133.0,152.0,1332,20.6,2.1,98.0,35.8,167.2,3,1,9,2.194398682,1.5
20210901,20,117.0,130.0,130.0,139.0,129.0,379,20.8,1.5,98.0,36.2,167.2,3,1,9,0.734496124,1.5
20210901,21,133.0,133.0,132.0,126.0,131.0,386,21.1,2.1,98.0,36.2,167.2,3,1,9,0.736641221,1.5
20210901,22,108.0,128.0,119.0,122.0,119.0,120,21.2,1.7,98.0,36.2,167.2,3,1,9,0.251572327,1.5
20210901,23,119.0,121.0,111.0,103.0,114.0,294,21.2,1.4,97.0,36.2,167.2,3,1,9,0.647577093,1.5
20210902,0,87.0,79.0,75.0,74.0,79.0,190,21.1,1.9,98.0,0.0,167.2,4,2,9,0.603174603,1.5
20210902,1,102.0,110.0,119.0,116.0,112.0,216,21.0,1.7,98.0,0.3,167.2,4,2,9,0.483221477,1.5
20210902,2,119.0,118.0,109.0,109.0,114.0,367,21.2,2.1,98.0,2.5,167.2,4,2,9,0.806593407,1.5
20210902,3,87.0,107.0,112.0,118.0,106.0,64,21.3,1.8,98.0,2.8,167.2,4,2,9,0.150943396,1.5
20210902,4,120.0,113.0,112.0,111.0,114.0,310,21.2,1.1,98.0,3.1,167.2,4,2,9,0.679824561,1.5
20210902,5,91.0,73.0,101.0,108.0,93.0,320,20.9,1.5,98.0,3.4,167.2,4,2,9,0.857908847,1.5
20210902,6,113.0,114.0,114.0,117.0,115.0,654,20.6,1.9,98.0,3.5,167.2,4,2,9,1.427947598,1.5
20210902,7,128.0,126.0,160.0,151.0,141.0,598,20.9,2.5,96.0,3.5,167.2,4,2,9,1.05840708,1.5
20210902,8,152.0,171.0,170.0,171.0,166.0,811,20.6,1.3,97.0,3.5,167.2,4,2,9,1.221385542,1.5
20210902,9,175.0,163.0,198.0,198.0,184.0,990,21.2,2.0,92.0,3.5,167.2,4,2,9,1.348773842,1.0
20210902,10,163.0,188.0,176.0,188.0,179.0,770,21.0,1.3,96.0,3.6,167.2,4,2,9,1.076923077,1.0
20210902,11,171.0,187.0,182.0,188.0,182.0,661,22.2,1.5,93.0,4.0,167.2,4,2,9,0.907967033,1.0
20210902,12,130.0,99.0,94.0,124.0,112.0,73,22.7,1.7,81.0,4.0,167.2,4,2,9,0.163310962,1.0
20210902,13,168.0,168.0,175.0,183.0,174.0,1379,23.3,2.2,73.0,4.0,167.2,4,2,9,1.9870317,1.0
20210902,14,195.0,195.0,188.0,190.0,192.0,1151,23.0,1.8,74.0,4.0,167.2,4,2,9,1.498697917,1.0
20210902,15,154.0,174.0,177.0,176.0,170.0,929,22.4,1.4,80.0,4.0,167.2,4,2,9,1.364170338,1.0
20210902,16,181.0,176.0,171.0,169.0,174.0,1385,22.0,1.3,83.0,4.0,167.2,4,2,9,1.987087518,1.0
20210902,17,131.0,105.0,140.0,153.0,132.0,1297,20.9,1.8,88.0,4.2,167.2,4,2,9,2.451795841,1.0
20210902,18,148.0,153.0,167.0,167.0,159.0,4490,20.2,1.2,93.0,5.2,167.2,4,2,9,7.070866142,1.5
20210902,19,173.0,148.0,173.0,149.0,161.0,1893,20.2,1.1,91.0,5.2,167.2,4,2,9,2.944012442,1.5
20210902,20,122.0,132.0,143.0,131.0,132.0,82,20.1,1.9,93.0,5.2,167.2,4,2,9,0.15530303,1.5
20210902,21,138.0,130.0,126.0,130.0,131.0,446,19.8,1.9,98.0,5.3,167.2,4,2,9,0.851145038,1.5
20210902,22,103.0,117.0,107.0,129.0,114.0,145,19.7,1.6,98.0,5.3,167.2,4,2,9,0.317982456,1.5
20210902,23,127.0,129.0,123.0,98.0,119.0,130,19.7,1.7,98.0,5.3,167.2,4,2,9,0.272536688,1.5
20210903,0,71.0,69.0,67.0,68.0,69.0,26,19.7,0.7,98.0,0.0,167.2,5,3,9,0.094545455,1.5
20210903,1,97.0,106.0,115.0,119.0,109.0,188,19.5,1.5,98.0,0.0,167.2,5,3,9,0.43020595,1.5
20210903,2,117.0,116.0,111.0,104.0,112.0,402,19.6,1.6,98.0,0.0,167.2,5,3,9,0.897321429,1.5
20210903,3,100.0,111.0,113.0,114.0,110.0,512,19.8,1.9,97.0,0.0,167.2,5,3,9,1.168949772,1.5
20210903,4,111.0,101.0,113.0,103.0,107.0,290,19.4,1.9,98.0,0.1,167.2,5,3,9,0.677570093,1.5
20210903,5,84.0,73.0,105.0,111.0,93.0,122,19.7,2.3,98.0,0.1,167.2,5,3,9,0.327077748,1.5
20210903,6,114.0,112.0,101.0,102.0,107.0,280,19.4,1.6,98.0,0.5,167.2,5,3,9,0.652680653,1.5
20210903,7,119.0,125.0,147.0,144.0,134.0,800,19.7,1.5,98.0,1.0,167.2,5,3,9,1.495327103,1.5
20210903,8,153.0,169.0,179.0,177.0,170.0,706,20.4,2.3,98.0,1.2,167.2,5,3,9,1.041297935,1.5
20210903,9,172.0,169.0,166.0,178.0,171.0,1005,21.0,1.7,98.0,1.2,167.2,5,3,9,1.467153285,1.0
20210903,10,148.0,167.0,166.0,169.0,163.0,517,21.3,2.1,98.0,1.3,167.2,5,3,9,0.795384615,1.0
20210903,11,187.0,186.0,184.0,190.0,187.0,337,21.0,2.6,98.0,1.7,167.2,5,3,9,0.451137885,1.0
20210903,12,122.0,96.0,92.0,122.0,108.0,372,21.5,3.1,93.0,1.7,167.2,5,3,9,0.861111111,1.0
20210903,13,155.0,170.0,175.0,176.0,169.0,1240,22.2,2.4,88.0,1.7,167.2,5,3,9,1.834319527,1.0
20210903,14,178.0,176.0,181.0,178.0,178.0,280,22.2,2.2,89.0,1.7,167.2,5,3,9,0.392706872,1.0
20210903,15,140.0,160.0,162.0,152.0,154.0,2229,21.4,3.1,91.0,1.7,167.2,5,3,9,3.63029316,1.0
20210903,16,165.0,156.0,159.0,165.0,161.0,348,21.0,3.0,89.0,1.7,167.2,5,3,9,0.539534884,1.0
20210903,17,143.0,117.0,156.0,170.0,147.0,51,20.4,2.7,92.0,1.7,167.2,5,3,9,0.087030717,1.0
20210903,18,158.0,155.0,153.0,148.0,154.0,473,20.2,2.4,91.0,1.7,167.2,5,3,9,0.770358306,1.5
20210903,19,156.0,145.0,151.0,119.0,143.0,1928,20.7,1.9,91.0,1.7,167.2,5,3,9,3.376532399,1.5
20210903,20,114.0,118.0,115.0,114.0,115.0,75,21.0,1.9,89.0,1.7,167.2,5,3,9,0.162689805,1.5
20210903,21,112.0,111.0,113.0,104.0,110.0,42,20.4,2.0,93.0,1.7,167.2,5,3,9,0.095454545,1.5
20210903,22,87.0,102.0,112.0,119.0,105.0,505,20.4,1.4,95.0,1.7,167.2,5,3,9,1.202380952,1.5
20210903,23,112.0,105.0,100.0,87.0,101.0,117,20.6,2.4,91.0,1.7,167.2,5,3,9,0.28960396,1.5
20210904,0,69.0,64.0,61.0,60.0,64.0,156,20.0,0.1,96.0,0.0,167.2,6,4,9,0.614173228,1.5
20210904,1,90.0,114.0,112.0,108.0,106.0,740,19.8,1.5,97.0,0.0,167.2,6,4,9,1.745283019,1.5
20210904,2,101.0,103.0,103.0,107.0,104.0,287,19.7,0.5,98.0,0.0,167.2,6,4,9,0.693236715,1.5
20210904,3,93.0,103.0,98.0,97.0,98.0,509,19.5,1.0,98.0,0.0,167.2,6,4,9,1.301790281,1.5
20210904,4,105.0,112.0,109.0,108.0,109.0,183,19.4,1.4,98.0,0.0,167.2,6,4,9,0.421658986,1.5
20210904,5,83.0,73.0,92.0,105.0,88.0,745,19.1,1.7,98.0,0.0,167.2,6,4,9,2.110481586,1.5
20210904,6,107.0,116.0,111.0,108.0,111.0,118,19.9,1.9,94.0,0.0,167.2,6,4,9,0.266968326,1.5
20210904,7,97.0,84.0,58.0,40.0,70.0,693,21.1,2.5,88.0,0.0,167.2,6,4,9,2.483870968,1.5
20210904,8,37.0,31.0,31.0,31.0,33.0,0,22.2,2.7,82.0,0.0,167.2,6,4,9,0.0,1.5
20210904,9,32.0,31.0,31.0,32.0,32.0,0,23.1,2.3,81.0,0.0,167.2,6,4,9,0.0,1.0
20210904,10,32.0,32.0,36.0,34.0,34.0,0,24.0,1.9,76.0,0.0,167.2,6,4,9,0.0,1.0
20210904,11,32.0,32.0,32.0,32.0,32.0,0,24.2,2.4,71.0,0.0,167.2,6,4,9,0.0,1.0
20210904,12,33.0,34.0,33.0,32.0,33.0,0,24.2,2.8,71.0,0.0,167.2,6,4,9,0.0,1.0
20210904,13,32.0,32.0,33.0,37.0,34.0,0,23.6,2.9,69.0,0.0,167.2,6,4,9,0.0,1.0
20210904,14,35.0,34.0,33.0,33.0,34.0,0,24.5,2.1,68.0,0.0,167.2,6,4,9,0.0,1.0
20210904,15,33.0,33.0,33.0,33.0,33.0,0,23.5,2.5,74.0,0.0,167.2,6,4,9,0.0,1.0
20210904,16,33.0,33.0,35.0,43.0,36.0,0,23.3,2.9,74.0,0.0,167.2,6,4,9,0.0,1.0
20210904,17,40.0,35.0,33.0,31.0,35.0,0,22.7,2.5,75.0,0.0,167.2,6,4,9,0.0,1.0
20210904,18,29.0,25.0,24.0,24.0,26.0,0,21.9,2.7,80.0,0.0,167.2,6,4,9,0.0,1.5
20210904,19,25.0,23.0,22.0,23.0,23.0,0,22.0,3.2,77.0,0.0,167.2,6,4,9,0.0,1.5
20210904,20,22.0,25.0,27.0,25.0,25.0,0,22.0,2.7,77.0,0.0,167.2,6,4,9,0.0,1.5
20210904,21,22.0,23.0,23.0,22.0,23.0,0,21.4,1.6,82.0,0.0,167.2,6,4,9,0.0,1.5
20210904,22,22.0,23.0,23.0,23.0,23.0,0,20.8,2.3,83.0,0.0,167.2,6,4,9,0.0,1.5
20210904,23,22.0,22.0,23.0,23.0,23.0,0,20.6,3.0,79.0,0.0,167.2,6,4,9,0.0,1.5
20210905,0,22.0,24.0,26.0,24.0,24.0,0,20.6,1.4,82.0,0.0,167.2,7,5,9,0.0,1.5
20210905,1,22.0,22.0,22.0,22.0,22.0,0,20.6,2.3,83.0,0.0,167.2,7,5,9,0.0,1.5
20210905,2,22.0,22.0,22.0,22.0,22.0,0,20.5,2.3,85.0,0.0,167.2,7,5,9,0.0,1.5
20210905,3,22.0,22.0,22.0,22.0,22.0,0,20.6,1.6,86.0,0.0,167.2,7,5,9,0.0,1.5
20210905,4,23.0,27.0,25.0,22.0,24.0,0,20.7,2.1,88.0,0.0,167.2,7,5,9,0.0,1.5
20210905,5,22.0,22.0,22.0,22.0,22.0,0,20.6,2.5,89.0,0.0,167.2,7,5,9,0.0,1.5
20210905,6,22.0,22.0,22.0,22.0,22.0,0,21.6,2.3,86.0,0.0,167.2,7,5,9,0.0,1.5
20210905,7,22.0,22.0,22.0,22.0,22.0,0,22.9,2.7,79.0,0.0,167.2,7,5,9,0.0,1.5
20210905,8,25.0,27.0,23.0,23.0,25.0,0,22.8,1.8,79.0,0.0,167.2,7,5,9,0.0,1.5
20210905,9,22.0,22.0,22.0,23.0,22.0,0,23.3,3.0,70.0,0.0,167.2,7,5,9,0.0,1.0
20210905,10,22.0,22.0,22.0,22.0,22.0,0,24.1,2.9,64.0,0.0,167.2,7,5,9,0.0,1.0
20210905,11,22.0,22.0,22.0,22.0,22.0,0,24.6,2.7,68.0,0.0,167.2,7,5,9,0.0,1.0
20210905,12,26.0,26.0,22.0,22.0,24.0,0,23.5,2.1,69.0,0.0,167.2,7,5,9,0.0,1.0
20210905,13,23.0,22.0,22.0,22.0,22.0,0,23.7,1.4,69.0,0.0,167.2,7,5,9,0.0,1.0
20210905,14,23.0,23.0,23.0,23.0,23.0,0,24.1,1.7,69.0,0.0,167.2,7,5,9,0.0,1.0
20210905,15,23.0,23.0,23.0,28.0,24.0,0,23.6,2.5,76.0,0.0,167.2,7,5,9,0.0,1.0
20210905,16,25.0,23.0,23.0,22.0,23.0,0,23.1,2.3,77.0,0.0,167.2,7,5,9,0.0,1.0
20210905,17,22.0,23.0,22.0,23.0,23.0,0,22.6,1.7,81.0,0.0,167.2,7,5,9,0.0,1.0
20210905,18,22.0,22.0,22.0,22.0,22.0,0,22.1,1.6,82.0,0.0,167.2,7,5,9,0.0,1.5
20210905,19,23.0,24.0,27.0,23.0,24.0,0,21.9,1.8,83.0,0.0,167.2,7,5,9,0.0,1.5
20210905,20,23.0,23.0,23.0,23.0,23.0,0,21.6,1.7,84.0,0.0,167.2,7,5,9,0.0,1.5
20210905,21,22.0,23.0,23.0,22.0,23.0,0,21.5,2.1,84.0,0.0,167.2,7,5,9,0.0,1.5
20210905,22,23.0,22.0,23.0,27.0,24.0,0,21.3,2.4,88.0,0.0,167.2,7,5,9,0.0,1.5
20210905,23,24.0,23.0,23.0,22.0,23.0,0,21.4,1.8,88.0,0.0,167.2,7,5,9,0.0,1.5
20210906,0,21.0,22.0,22.0,22.0,22.0,0,20.6,1.9,96.0,0.1,167.2,1,6,9,0.0,1.5
20210906,1,22.0,22.0,22.0,22.0,22.0,0,20.7,1.3,98.0,0.2,167.2,1,6,9,0.0,1.5
20210906,2,22.0,27.0,25.0,22.0,24.0,0,20.6,1.5,98.0,0.4,167.2,1,6,9,0.0,1.5
20210906,3,22.0,22.0,22.0,22.0,22.0,0,20.8,2.6,98.0,0.5,167.2,1,6,9,0.0,1.5
20210906,4,22.0,22.0,22.0,22.0,22.0,0,20.9,2.9,98.0,0.8,167.2,1,6,9,0.0,1.5
20210906,5,22.0,22.0,22.0,24.0,23.0,0,21.7,2.9,93.0,0.8,167.2,1,6,9,0.0,1.5
20210906,6,26.0,23.0,22.0,24.0,24.0,0,22.4,2.0,89.0,0.8,167.2,1,6,9,0.0,1.5
20210906,7,29.0,38.0,61.0,81.0,52.0,0,22.3,2.0,89.0,0.8,167.2,1,6,9,0.0,1.5
20210906,8,157.0,170.0,180.0,176.0,171.0,158,23.3,3.0,84.0,0.8,167.2,1,6,9,0.231332357,1.5
20210906,9,165.0,148.0,151.0,165.0,157.0,976,23.6,3.2,80.0,0.8,167.2,1,6,9,1.551669316,1.0
20210906,10,144.0,190.0,175.0,174.0,171.0,615,24.6,3.1,76.0,0.8,167.2,1,6,9,0.900439239,1.0
20210906,11,176.0,180.0,175.0,172.0,176.0,2362,23.9,3.2,75.0,0.8,167.2,1,6,9,3.359886202,1.0
20210906,12,119.0,98.0,93.0,124.0,109.0,800,24.7,3.8,73.0,0.8,167.2,1,6,9,1.843317972,1.0
20210906,13,150.0,163.0,164.0,161.0,160.0,1112,24.4,3.5,74.0,0.8,167.2,1,6,9,1.742946708,1.0
20210906,14,159.0,163.0,156.0,161.0,160.0,3967,23.6,3.0,76.0,0.8,167.2,1,6,9,6.208137715,1.0
20210906,15,134.0,158.0,171.0,168.0,158.0,1044,23.5,2.7,75.0,0.8,167.2,1,6,9,1.65451664,1.0
20210906,16,152.0,143.0,145.0,144.0,146.0,2139,23.2,2.8,75.0,0.8,167.2,1,6,9,3.662671233,1.0
20210906,17,115.0,102.0,148.0,147.0,128.0,499,22.7,1.9,78.0,0.8,167.2,1,6,9,0.974609375,1.0
20210906,18,153.0,154.0,150.0,152.0,152.0,963,22.5,1.4,79.0,0.8,167.2,1,6,9,1.581280788,1.5
20210906,19,145.0,136.0,137.0,121.0,135.0,1591,22.3,1.6,79.0,0.8,167.2,1,6,9,2.951762523,1.5
20210906,20,121.0,128.0,117.0,116.0,121.0,120,22.4,1.2,80.0,0.8,167.2,1,6,9,0.248962656,1.5
20210906,21,133.0,123.0,114.0,121.0,123.0,26,22.4,1.2,82.0,0.8,167.2,1,6,9,0.052953157,1.5
20210906,22,105.0,114.0,108.0,112.0,110.0,39,22.5,0.6,79.0,0.8,167.2,1,6,9,0.088838269,1.5
20210906,23,108.0,118.0,109.0,79.0,104.0,217,22.2,1.5,81.0,0.8,167.2,1,6,9,0.524154589,1.5
20210907,0,74.0,71.0,70.0,71.0,72.0,0,22.2,1.2,84.0,0.0,167.2,2,7,9,0.0,1.5
20210907,1,93.0,106.0,116.0,121.0,109.0,54,21.8,1.6,89.0,0.0,167.2,2,7,9,0.123853211,1.5
20210907,2,118.0,107.0,108.0,112.0,111.0,258,21.4,1.2,93.0,0.0,167.2,2,7,9,0.579775281,1.5
20210907,3,100.0,123.0,112.0,102.0,109.0,304,21.0,2.3,98.0,0.1,167.2,2,7,9,0.695652174,1.5
20210907,4,97.0,98.0,119.0,120.0,109.0,0,20.7,1.8,98.0,0.5,167.2,2,7,9,0.0,1.5
20210907,5,83.0,80.0,103.0,116.0,96.0,150,20.6,1.6,98.0,1.8,167.2,2,7,9,0.392670157,1.5
20210907,6,107.0,108.0,119.0,124.0,115.0,205,20.7,2.5,98.0,1.8,167.2,2,7,9,0.447598253,1.5
20210907,7,121.0,137.0,160.0,143.0,140.0,548,21.1,2.2,98.0,1.8,167.2,2,7,9,0.976827094,1.5
20210907,8,153.0,171.0,177.0,192.0,173.0,1236,21.7,0.8,98.0,1.8,167.2,2,7,9,1.783549784,1.5
20210907,9,168.0,174.0,169.0,168.0,170.0,1727,22.1,0.6,98.0,1.8,167.2,2,7,9,2.543446244,1.0
20210907,10,142.0,164.0,173.0,178.0,164.0,1118,23.3,0.6,98.0,1.8,167.2,2,7,9,1.701674277,1.0
20210907,11,168.0,171.0,174.0,183.0,174.0,1540,24.5,1.3,87.0,1.8,167.2,2,7,9,2.212643678,1.0
20210907,12,120.0,102.0,101.0,140.0,116.0,1184,26.9,2.2,77.0,1.8,167.2,2,7,9,2.557235421,1.0
20210907,13,188.0,189.0,184.0,162.0,181.0,1548,27.3,3.4,73.0,1.8,167.2,2,7,9,2.141078838,1.0
20210907,14,178.0,171.0,191.0,188.0,182.0,1395,26.5,2.9,78.0,1.8,167.2,2,7,9,1.916208791,1.0
20210907,15,148.0,172.0,174.0,170.0,166.0,751,26.1,3.1,84.0,1.8,167.2,2,7,9,1.131024096,1.0
20210907,16,161.0,167.0,160.0,152.0,160.0,1375,26.3,1.7,88.0,1.8,167.2,2,7,9,2.1484375,1.0
20210907,17,124.0,109.0,145.0,161.0,135.0,606,26.3,2.7,88.0,1.8,167.2,2,7,9,1.124304267,1.0
20210907,18,165.0,160.0,147.0,150.0,156.0,685,25.8,1.4,91.0,1.8,167.2,2,7,9,1.101286174,1.5
20210907,19,158.0,148.0,157.0,146.0,152.0,1376,25.4,0.8,93.0,1.8,167.2,2,7,9,2.259441708,1.5
20210907,20,124.0,134.0,136.0,141.0,134.0,201,25.6,2.5,90.0,1.8,167.2,2,7,9,0.375700935,1.5
20210907,21,133.0,134.0,127.0,130.0,131.0,78,25.5,2.2,85.0,1.8,167.2,2,7,9,0.148854962,1.5
20210907,22,104.0,122.0,122.0,113.0,115.0,12,24.9,1.6,85.0,1.8,167.2,2,7,9,0.026030369,1.5
20210907,23,117.0,126.0,110.0,90.0,111.0,73,25.2,1.5,79.0,1.8,167.2,2,7,9,0.164785553,1.5
20210908,0,78.0,72.0,69.0,70.0,72.0,0,24.4,1.8,83.0,0.0,167.2,3,8,9,0.0,1.5
20210908,1,100.0,112.0,115.0,114.0,110.0,687,23.2,0.9,93.0,0.0,167.2,3,8,9,1.557823129,1.5
20210908,2,115.0,115.0,126.0,117.0,118.0,109,22.8,0.8,93.0,0.0,167.2,3,8,9,0.230443975,1.5
20210908,3,96.0,110.0,120.0,122.0,112.0,177,22.7,1.0,96.0,0.0,167.2,3,8,9,0.395089286,1.5
20210908,4,113.0,113.0,116.0,111.0,113.0,110,22.3,1.0,94.0,0.0,167.2,3,8,9,0.242825607,1.5
20210908,5,89.0,82.0,106.0,109.0,97.0,120,22.2,1.6,90.0,0.0,167.2,3,8,9,0.310880829,1.5
20210908,6,110.0,118.0,123.0,119.0,118.0,233,22.3,1.5,86.0,0.0,167.2,3,8,9,0.495744681,1.5
20210908,7,115.0,139.0,154.0,133.0,135.0,2206,22.3,1.9,90.0,0.0,167.2,3,8,9,4.077634011,1.5
20210908,8,150.0,181.0,178.0,173.0,171.0,476,23.3,1.6,83.0,0.0,167.2,3,8,9,0.697947214,1.5
20210908,9,160.0,163.0,160.0,158.0,160.0,1154,23.4,1.5,82.0,0.0,167.2,3,8,9,1.800312012,1.0
20210908,10,134.0,160.0,156.0,159.0,152.0,1369,25.5,2.2,69.0,0.0,167.2,3,8,9,2.247947455,1.0
20210908,11,158.0,167.0,168.0,132.0,156.0,857,26.5,2.6,65.0,0.0,167.2,3,8,9,1.3712,1.0
20210908,12,0.0,0.0,36.0,63.0,25.0,3,25.1,2.2,78.0,0.0,167.2,3,8,9,0.03030303,1.0
20210908,13,140.0,144.0,160.0,165.0,152.0,1160,25.6,2.2,74.0,0.0,167.2,3,8,9,1.904761905,1.0
20210908,14,178.0,166.0,161.0,155.0,165.0,6214,25.7,2.6,74.0,0.0,167.2,3,8,9,9.415151515,1.0
20210908,15,131.0,171.0,174.0,183.0,165.0,1042,24.7,2.8,77.0,0.0,167.2,3,8,9,1.581183612,1.0
20210908,16,170.0,163.0,164.0,165.0,166.0,513,23.9,2.1,84.0,0.0,167.2,3,8,9,0.774924471,1.0
20210908,17,124.0,109.0,162.0,182.0,144.0,616,23.4,1.7,86.0,0.0,167.2,3,8,9,1.067590988,1.0
20210908,18,168.0,170.0,153.0,163.0,164.0,737,22.9,1.7,89.0,0.0,167.2,3,8,9,1.126911315,1.5
20210908,19,162.0,163.0,156.0,120.0,150.0,2621,22.7,1.0,90.0,0.0,167.2,3,8,9,4.361064892,1.5
20210908,20,97.0,98.0,111.0,107.0,103.0,175,22.0,0.3,92.0,0.0,167.2,3,8,9,0.423728814,1.5
20210908,21,114.0,123.0,127.0,123.0,122.0,17,21.3,0.7,96.0,0.0,167.2,3,8,9,0.034907598,1.5
20210908,22,92.0,110.0,116.0,104.0,106.0,144,21.9,0.8,94.0,0.0,167.2,3,8,9,0.341232227,1.5
20210908,23,99.0,110.0,111.0,83.0,101.0,91,21.3,1.7,96.0,0.0,167.2,3,8,9,0.225806452,1.5
20210909,0,79.0,71.0,68.0,68.0,72.0,0,20.7,1.7,98.0,0.0,167.2,4,9,9,0.0,1.5
20210909,1,95.0,99.0,94.0,98.0,97.0,222,19.6,0.1,98.0,0.0,167.2,4,9,9,0.575129534,1.5
20210909,2,104.0,114.0,111.0,112.0,110.0,72,19.7,0.7,98.0,0.0,167.2,4,9,9,0.163265306,1.5
20210909,3,103.0,106.0,112.0,116.0,109.0,2,19.3,0.5,98.0,0.0,167.2,4,9,9,0.004576659,1.5
20210909,4,113.0,114.0,105.0,97.0,107.0,69,19.3,1.9,98.0,0.0,167.2,4,9,9,0.160839161,1.5
20210909,5,81.0,78.0,99.0,109.0,92.0,26,19.2,1.1,98.0,0.0,167.2,4,9,9,0.070844687,1.5
20210909,6,117.0,119.0,121.0,119.0,119.0,346,20.1,2.1,98.0,0.0,167.2,4,9,9,0.726890756,1.5
20210909,7,117.0,139.0,152.0,147.0,139.0,2056,20.9,1.6,98.0,0.0,167.2,4,9,9,3.704504505,1.5
20210909,8,155.0,168.0,178.0,187.0,172.0,434,22.4,1.0,90.0,0.0,167.2,4,9,9,0.630813953,1.5
20210909,9,173.0,176.0,165.0,165.0,170.0,1125,23.5,1.4,81.0,0.0,167.2,4,9,9,1.656848306,1.0
20210909,10,134.0,159.0,159.0,169.0,155.0,1248,24.8,1.2,72.0,0.0,167.2,4,9,9,2.009661836,1.0
20210909,11,159.0,172.0,190.0,176.0,174.0,688,26.3,0.8,66.0,0.0,167.2,4,9,9,0.987087518,1.0
20210909,12,124.0,97.0,93.0,129.0,111.0,194,26.7,1.7,64.0,0.0,167.2,4,9,9,0.437923251,1.0
20210909,13,168.0,176.0,172.0,167.0,171.0,1542,26.4,1.4,66.0,0.0,167.2,4,9,9,2.257686676,1.0
20210909,14,166.0,163.0,168.0,164.0,165.0,2666,26.8,1.5,58.0,0.0,167.2,4,9,9,4.033282905,1.0
20210909,15,143.0,179.0,183.0,185.0,173.0,888,26.7,2.2,65.0,0.0,167.2,4,9,9,1.286956522,1.0
20210909,16,168.0,155.0,150.0,168.0,160.0,950,25.2,2.1,72.0,0.0,167.2,4,9,9,1.482059282,1.0
20210909,17,126.0,114.0,153.0,168.0,140.0,494,24.4,1.6,79.0,0.0,167.2,4,9,9,0.88057041,1.0
20210909,18,172.0,155.0,153.0,169.0,162.0,1136,23.4,1.2,87.0,0.0,167.2,4,9,9,1.750385208,1.5
20210909,19,158.0,140.0,145.0,126.0,142.0,2702,23.1,1.5,88.0,0.0,167.2,4,9,9,4.748681898,1.5
20210909,20,118.0,134.0,129.0,132.0,128.0,2,22.9,0.7,91.0,0.0,167.2,4,9,9,0.003898635,1.5
20210909,21,127.0,120.0,129.0,134.0,128.0,84,22.5,1.0,92.0,0.0,167.2,4,9,9,0.164705882,1.5
20210909,22,112.0,118.0,106.0,101.0,109.0,30,22.8,1.7,92.0,0.0,167.2,4,9,9,0.068649886,1.5
20210909,23,115.0,114.0,116.0,91.0,109.0,186,22.0,0.3,96.0,0.0,167.2,4,9,9,0.426605505,1.5
20210910,0,83.0,78.0,74.0,73.0,77.0,0,21.6,1.3,97.0,0.0,167.2,5,10,9,0.0,1.5
20210910,1,94.0,102.0,103.0,109.0,102.0,270,20.9,0.3,98.0,0.0,167.2,5,10,9,0.661764706,1.5
20210910,2,116.0,118.0,116.0,97.0,112.0,143,21.1,1.8,98.0,0.0,167.2,5,10,9,0.319910515,1.5
20210910,3,87.0,109.0,116.0,113.0,106.0,144,20.5,1.4,98.0,0.0,167.2,5,10,9,0.338823529,1.5
20210910,4,117.0,112.0,106.0,96.0,108.0,125,20.4,0.0,98.0,0.0,167.2,5,10,9,0.290023202,1.5
20210910,5,85.0,80.0,95.0,107.0,92.0,13,20.3,0.8,98.0,0.0,167.2,5,10,9,0.035422343,1.5
20210910,6,118.0,110.0,107.0,109.0,111.0,54,20.7,0.3,98.0,0.0,167.2,5,10,9,0.121621622,1.5
20210910,7,111.0,117.0,150.0,149.0,132.0,1777,21.0,1.1,98.0,0.1,167.2,5,10,9,3.371916509,1.5
20210910,8,172.0,187.0,169.0,192.0,180.0,196,21.9,0.9,91.0,0.1,167.2,5,10,9,0.272222222,1.5
20210910,9,182.0,171.0,179.0,204.0,184.0,1038,21.8,1.5,95.0,0.2,167.2,5,10,9,1.410326087,1.0
20210910,10,155.0,181.0,166.0,168.0,168.0,1409,21.9,0.6,92.0,0.2,167.2,5,10,9,2.102985075,1.0
20210910,11,177.0,179.0,180.0,188.0,181.0,1647,23.2,1.3,86.0,0.2,167.2,5,10,9,2.274861878,1.0
20210910,12,128.0,107.0,104.0,126.0,116.0,480,24.2,1.6,77.0,0.2,167.2,5,10,9,1.032258065,1.0
20210910,13,164.0,179.0,187.0,191.0,180.0,838,24.9,3.0,69.0,0.2,167.2,5,10,9,1.162274619,1.0
20210910,14,190.0,174.0,180.0,168.0,178.0,968,25.5,2.2,68.0,0.2,167.2,5,10,9,1.359550562,1.0
20210910,15,143.0,172.0,191.0,176.0,171.0,1214,25.3,2.6,67.0,0.2,167.2,5,10,9,1.780058651,1.0
20210910,16,171.0,166.0,153.0,166.0,164.0,5858,24.7,0.7,71.0,0.2,167.2,5,10,9,8.929878049,1.0
20210910,17,129.0,118.0,148.0,157.0,138.0,261,24.0,3.1,77.0,0.2,167.2,5,10,9,0.472826087,1.0
20210910,18,151.0,151.0,154.0,162.0,155.0,774,23.4,2.9,77.0,0.2,167.2,5,10,9,1.252427184,1.5
20210910,19,145.0,143.0,148.0,131.0,142.0,1387,22.2,1.0,86.0,0.2,167.2,5,10,9,2.446208113,1.5
20210910,20,114.0,121.0,110.0,119.0,116.0,3,22.1,1.1,86.0,0.2,167.2,5,10,9,0.006465517,1.5
20210910,21,122.0,126.0,111.0,107.0,117.0,9,22.0,0.8,84.0,0.2,167.2,5,10,9,0.019313305,1.5
20210910,22,92.0,102.0,109.0,106.0,102.0,157,21.6,0.7,85.0,0.2,167.2,5,10,9,0.383863081,1.5
20210910,23,105.0,91.0,83.0,72.0,88.0,24,21.5,0.5,85.0,0.2,167.2,5,10,9,0.068376068,1.5
20210911,0,69.0,62.0,58.0,55.0,61.0,0,21.2,2.0,86.0,0.0,167.2,6,11,9,0.0,1.5
20210911,1,76.0,100.0,105.0,105.0,97.0,4,20.3,1.1,89.0,0.0,167.2,6,11,9,0.010362694,1.5
20210911,2,99.0,96.0,92.0,93.0,95.0,155,20.5,1.5,91.0,0.0,167.2,6,11,9,0.407894737,1.5
20210911,3,74.0,96.0,107.0,100.0,94.0,0,19.3,0.3,97.0,0.0,167.2,6,11,9,0.0,1.5
20210911,4,93.0,92.0,87.0,85.0,89.0,144,20.1,1.5,93.0,0.0,167.2,6,11,9,0.403361345,1.5
20210911,5,74.0,67.0,90.0,98.0,82.0,48,20.1,1.4,93.0,0.0,167.2,6,11,9,0.145896657,1.5
20210911,6,97.0,82.0,85.0,79.0,86.0,104,21.3,1.7,89.0,0.0,167.2,6,11,9,0.303206997,1.5
20210911,7,73.0,61.0,43.0,27.0,51.0,1718,23.7,1.2,83.0,0.0,167.2,6,11,9,8.421568627,1.5
20210911,8,23.0,23.0,23.0,22.0,23.0,0,24.3,1.9,76.0,0.0,167.2,6,11,9,0.0,1.5
20210911,9,23.0,22.0,23.0,23.0,23.0,0,25.6,3.1,72.0,0.0,167.2,6,11,9,0.0,1.0
20210911,10,22.0,22.0,23.0,22.0,22.0,0,26.7,2.2,67.0,0.0,167.2,6,11,9,0.0,1.0
20210911,11,22.0,23.0,23.0,23.0,23.0,0,28.3,1.5,60.0,0.0,167.2,6,11,9,0.0,1.0
20210911,12,23.0,24.0,28.0,24.0,25.0,0,27.9,1.7,63.0,0.0,167.2,6,11,9,0.0,1.0
20210911,13,22.0,25.0,23.0,23.0,23.0,0,28.7,2.0,62.0,0.0,167.2,6,11,9,0.0,1.0
20210911,14,22.0,23.0,24.0,23.0,23.0,0,27.9,2.3,65.0,0.0,167.2,6,11,9,0.0,1.0
20210911,15,23.0,24.0,24.0,24.0,24.0,0,27.5,2.0,64.0,0.0,167.2,6,11,9,0.0,1.0
20210911,16,23.0,24.0,24.0,23.0,24.0,0,26.5,1.3,68.0,0.0,167.2,6,11,9,0.0,1.0
20210911,17,24.0,23.0,23.0,23.0,23.0,0,25.7,1.2,69.0,0.0,167.2,6,11,9,0.0,1.0
20210911,18,24.0,23.0,24.0,22.0,23.0,0,23.9,1.0,80.0,0.0,167.2,6,11,9,0.0,1.5
20210911,19,24.0,28.0,25.0,24.0,25.0,0,23.5,0.8,85.0,0.0,167.2,6,11,9,0.0,1.5
20210911,20,23.0,24.0,22.0,24.0,23.0,0,22.4,0.9,92.0,0.0,167.2,6,11,9,0.0,1.5
20210911,21,24.0,23.0,23.0,23.0,23.0,0,22.1,1.3,94.0,0.0,167.2,6,11,9,0.0,1.5
20210911,22,23.0,23.0,24.0,23.0,23.0,0,21.0,0.0,96.0,0.0,167.2,6,11,9,0.0,1.5
20210911,23,23.0,23.0,22.0,23.0,23.0,0,21.0,2.0,98.0,0.0,167.2,6,11,9,0.0,1.5
20210912,0,23.0,23.0,23.0,22.0,23.0,0,20.9,1.5,98.0,0.0,167.2,7,12,9,0.0,1.5
20210912,1,22.0,22.0,23.0,24.0,23.0,0,20.2,0.6,98.0,0.0,167.2,7,12,9,0.0,1.5
20210912,2,27.0,23.0,22.0,23.0,24.0,0,19.8,0.2,98.0,0.0,167.2,7,12,9,0.0,1.5
20210912,3,22.0,23.0,23.0,22.0,23.0,0,19.5,1.1,98.0,0.0,167.2,7,12,9,0.0,1.5
20210912,4,23.0,23.0,23.0,23.0,23.0,0,19.5,1.0,98.0,0.0,167.2,7,12,9,0.0,1.5
20210912,5,23.0,23.0,23.0,23.0,23.0,0,20.2,1.9,98.0,0.0,167.2,7,12,9,0.0,1.5
20210912,6,22.0,23.0,23.0,23.0,23.0,0,20.7,2.0,96.0,0.0,167.2,7,12,9,0.0,1.5
20210912,7,23.0,22.0,23.0,23.0,23.0,0,22.9,1.3,88.0,0.0,167.2,7,12,9,0.0,1.5
20210912,8,28.0,25.0,23.0,23.0,25.0,0,24.3,2.0,79.0,0.0,167.2,7,12,9,0.0,1.5
20210912,9,24.0,23.0,23.0,22.0,23.0,0,25.9,1.9,66.0,0.0,167.2,7,12,9,0.0,1.0
20210912,10,23.0,22.0,24.0,23.0,23.0,0,27.3,3.3,60.0,0.0,167.2,7,12,9,0.0,1.0
20210912,11,23.0,23.0,22.0,22.0,23.0,0,28.1,2.2,57.0,0.0,167.2,7,12,9,0.0,1.0
20210912,12,23.0,23.0,23.0,22.0,23.0,0,27.5,3.5,46.0,0.0,167.2,7,12,9,0.0,1.0
20210912,13,23.0,23.0,23.0,23.0,23.0,0,27.3,2.9,51.0,0.0,167.2,7,12,9,0.0,1.0
20210912,14,22.0,23.0,27.0,28.0,25.0,0,26.8,2.6,57.0,0.0,167.2,7,12,9,0.0,1.0
20210912,15,23.0,24.0,23.0,23.0,23.0,0,25.9,2.0,74.0,0.0,167.2,7,12,9,0.0,1.0
20210912,16,23.0,24.0,24.0,23.0,24.0,0,25.1,1.7,76.0,0.0,167.2,7,12,9,0.0,1.0
20210912,17,23.0,23.0,23.0,23.0,23.0,0,24.1,2.3,81.0,0.0,167.2,7,12,9,0.0,1.0
20210912,18,23.0,22.0,24.0,23.0,23.0,0,23.7,2.3,81.0,0.0,167.2,7,12,9,0.0,1.5
20210912,19,22.0,23.0,23.0,24.0,23.0,0,23.2,1.3,78.0,0.0,167.2,7,12,9,0.0,1.5
20210912,20,23.0,23.0,24.0,23.0,23.0,0,22.6,1.1,81.0,0.0,167.2,7,12,9,0.0,1.5
20210912,21,23.0,24.0,25.0,28.0,25.0,0,22.5,1.3,84.0,0.0,167.2,7,12,9,0.0,1.5
20210912,22,22.0,24.0,23.0,23.0,23.0,0,22.3,1.8,85.0,0.0,167.2,7,12,9,0.0,1.5
20210912,23,24.0,22.0,22.0,23.0,23.0,0,22.3,1.4,85.0,0.0,167.2,7,12,9,0.0,1.5
20210913,0,23.0,23.0,22.0,23.0,23.0,0,22.2,1.2,86.0,0.0,167.2,1,13,9,0.0,1.5
20210913,1,22.0,22.0,23.0,23.0,23.0,0,22.3,1.3,89.0,0.0,167.2,1,13,9,0.0,1.5
20210913,2,23.0,23.0,22.0,23.0,23.0,0,22.2,1.4,90.0,0.0,167.2,1,13,9,0.0,1.5
20210913,3,23.0,23.0,23.0,25.0,24.0,0,22.4,1.7,89.0,0.0,167.2,1,13,9,0.0,1.5
20210913,4,28.0,23.0,23.0,23.0,24.0,0,22.6,2.5,86.0,0.0,167.2,1,13,9,0.0,1.5
20210913,5,23.0,23.0,23.0,22.0,23.0,0,22.5,1.6,86.0,0.0,167.2,1,13,9,0.0,1.5
20210913,6,23.0,23.0,22.0,24.0,23.0,0,22.6,1.8,84.0,0.0,167.2,1,13,9,0.0,1.5
20210913,7,24.0,40.0,78.0,111.0,63.0,196,23.3,2.2,80.0,0.0,167.2,1,13,9,0.774703557,1.5
20210913,8,166.0,186.0,191.0,196.0,185.0,630,23.6,2.7,78.0,0.0,167.2,1,13,9,0.852503383,1.5
20210913,9,187.0,188.0,182.0,173.0,183.0,1043,24.4,2.9,75.0,0.0,167.2,1,13,9,1.428767123,1.0
20210913,10,156.0,186.0,189.0,177.0,177.0,1924,23.9,3.2,75.0,0.0,167.2,1,13,9,2.717514124,1.0
20210913,11,178.0,177.0,181.0,191.0,182.0,946,24.3,3.7,72.0,0.0,167.2,1,13,9,1.301237964,1.0
20210913,12,130.0,106.0,103.0,129.0,117.0,20,24.3,2.8,72.0,0.0,167.2,1,13,9,0.042735043,1.0
20210913,13,173.0,183.0,191.0,188.0,184.0,1996,24.6,2.2,72.0,0.0,167.2,1,13,9,2.715646259,1.0
20210913,14,177.0,182.0,178.0,182.0,180.0,1018,24.2,2.6,71.0,0.0,167.2,1,13,9,1.415855355,1.0
20210913,15,158.0,177.0,169.0,166.0,168.0,1138,23.7,3.1,74.0,0.0,167.2,1,13,9,1.698507463,1.0
20210913,16,167.0,167.0,182.0,182.0,175.0,982,23.4,1.7,74.0,0.0,167.2,1,13,9,1.406876791,1.0
20210913,17,122.0,98.0,149.0,160.0,132.0,435,22.7,2.2,76.0,0.0,167.2,1,13,9,0.822306238,1.0
20210913,18,162.0,146.0,135.0,136.0,145.0,584,22.4,1.6,78.0,0.0,167.2,1,13,9,1.008635579,1.5
20210913,19,162.0,160.0,148.0,122.0,148.0,2820,22.3,2.1,78.0,0.0,167.2,1,13,9,4.763513514,1.5
20210913,20,113.0,122.0,122.0,126.0,121.0,14,22.2,1.3,78.0,0.0,167.2,1,13,9,0.028985507,1.5
20210913,21,122.0,131.0,122.0,115.0,123.0,72,21.9,1.9,77.0,0.0,167.2,1,13,9,0.146938776,1.5
20210913,22,97.0,108.0,122.0,113.0,110.0,11,21.7,1.4,77.0,0.0,167.2,1,13,9,0.025,1.5
20210913,23,111.0,123.0,110.0,87.0,108.0,345,21.4,1.4,80.0,0.0,167.2,1,13,9,0.800464037,1.5
20210914,0,72.0,70.0,70.0,67.0,70.0,128,21.9,1.6,80.0,0.0,167.2,2,14,9,0.458781362,1.5
20210914,1,98.0,116.0,113.0,113.0,110.0,45,21.8,1.5,81.0,0.0,167.2,2,14,9,0.102272727,1.5
20210914,2,115.0,111.0,110.0,110.0,112.0,479,22.2,2.0,80.0,0.0,167.2,2,14,9,1.073991031,1.5
20210914,3,97.0,105.0,103.0,114.0,105.0,93,22.5,2.6,81.0,0.0,167.2,2,14,9,0.221957041,1.5
20210914,4,114.0,115.0,110.0,105.0,111.0,255,21.1,1.9,94.0,0.0,167.2,2,14,9,0.574324324,1.5
20210914,5,84.0,74.0,100.0,115.0,93.0,76,21.5,3.1,85.0,0.0,167.2,2,14,9,0.203753351,1.5
20210914,6,111.0,109.0,100.0,112.0,108.0,1228,21.3,2.8,85.0,0.0,167.2,2,14,9,2.842592593,1.5
20210914,7,115.0,134.0,155.0,156.0,140.0,1110,21.7,3.3,83.0,0.0,167.2,2,14,9,1.982142857,1.5
20210914,8,162.0,176.0,184.0,172.0,174.0,432,21.8,2.9,81.0,0.0,167.2,2,14,9,0.622478386,1.5
20210914,9,162.0,160.0,163.0,178.0,166.0,1672,21.3,2.9,95.0,0.0,167.2,2,14,9,2.521870287,1.0
20210914,10,143.0,155.0,161.0,150.0,152.0,840,21.2,2.9,98.0,2.1,167.2,2,14,9,1.379310345,1.0
20210914,11,155.0,164.0,180.0,180.0,170.0,2099,21.5,3.3,98.0,4.0,167.2,2,14,9,3.091310751,1.0
20210914,12,135.0,111.0,103.0,123.0,118.0,2791,21.0,2.8,98.0,6.2,167.2,2,14,9,5.913135593,1.0
20210914,13,149.0,165.0,165.0,173.0,163.0,1109,21.3,2.5,97.0,7.1,167.2,2,14,9,1.700920245,1.0
20210914,14,161.0,162.0,154.0,156.0,158.0,1023,21.5,2.9,92.0,7.2,167.2,2,14,9,1.616113744,1.0
20210914,15,132.0,169.0,175.0,168.0,161.0,1178,20.6,1.5,98.0,8.6,167.2,2,14,9,1.829192547,1.0
20210914,16,164.0,165.0,156.0,153.0,160.0,1395,21.7,2.5,95.0,9.1,167.2,2,14,9,2.186520376,1.0
20210914,17,117.0,94.0,133.0,146.0,123.0,230,21.8,2.8,91.0,9.1,167.2,2,14,9,0.469387755,1.0
20210914,18,158.0,164.0,147.0,163.0,158.0,973,20.9,3.5,94.0,9.1,167.2,2,14,9,1.539556962,1.5
20210914,19,152.0,151.0,171.0,139.0,153.0,1497,21.7,3.6,85.0,9.4,167.2,2,14,9,2.442088091,1.5
20210914,20,124.0,130.0,128.0,130.0,128.0,45,22.2,4.2,78.0,9.4,167.2,2,14,9,0.087890625,1.5
20210914,21,134.0,130.0,125.0,124.0,128.0,149,22.2,4.3,76.0,9.4,167.2,2,14,9,0.290448343,1.5
20210914,22,100.0,109.0,120.0,114.0,111.0,66,22.0,2.5,79.0,9.4,167.2,2,14,9,0.148984199,1.5
20210914,23,117.0,119.0,112.0,91.0,110.0,405,22.0,2.5,79.0,9.4,167.2,2,14,9,0.922551253,1.5
20210915,0,22.6,22.8,22.7,22.0,22.5,0,22.3,3.9,79.0,0.0,167.2,3,15,9,0.0,1.5
20210915,1,18.3,18.9,17.4,17.9,18.1,1304,22.3,4.5,70.0,0.0,167.2,3,15,9,3.59,1.5
20210915,2,138.0,131.3,146.2,137.5,138.2,1085,22.2,4.3,72.0,0.0,167.2,3,15,9,1.44,1.5
20210915,3,87.0,83.6,91.1,82.0,85.9,340,22.0,3.4,74.0,0.0,167.2,3,15,9,1.0,1.5
20210915,4,22.3,21.0,21.0,23.1,21.8,0,21.6,3.9,73.0,0.0,167.2,3,15,9,0.0,1.5
20210915,5,24.8,25.1,25.9,24.3,25.0,0,21.3,3.2,70.0,0.0,167.2,3,15,9,0.0,1.5
20210915,6,22.8,23.9,23.9,23.8,23.6,0,21.3,3.9,72.0,0.0,167.2,3,15,9,0.0,1.5
20210915,7,50.0,51.0,49.1,51.8,50.5,0,21.4,3.4,74.0,0.0,167.2,3,15,9,0.0,1.5
20210915,8,87.0,92.0,89.3,88.7,89.2,153,22.4,3.7,73.0,0.0,167.2,3,15,9,0.49,1.5
20210915,9,87.0,82.4,86.4,85.2,85.2,516,22.7,3.6,73.0,0.0,167.2,3,15,9,0.25,1.0
20210915,10,138.0,144.7,140.6,138.3,140.4,2229,23.4,4.4,69.0,0.0,167.2,3,15,9,0.81,1.0
20210915,11,52.0,54.0,51.0,51.7,52.2,380,23.6,3.9,70.0,0.0,167.2,3,15,9,0.0,1.0
20210915,12,87.0,85.1,85.1,85.3,85.6,248,23.6,3.7,68.0,0.0,167.2,3,15,9,0.73,1.0
20210915,13,138.0,145.8,136.7,143.8,141.1,2007,24.3,3.7,66.0,0.0,167.2,3,15,9,1.57,1.0
20210915,14,138.0,134.5,132.1,137.7,135.6,896,24.3,4.6,61.0,0.0,167.2,3,15,9,1.45,1.0
20210915,15,138.0,144.4,143.5,143.5,142.4,381,24.1,3.6,64.0,0.0,167.2,3,15,9,1.04,1.0
20210915,16,138.0,144.3,135.5,131.5,137.3,1032,23.6,4.1,66.0,0.0,167.2,3,15,9,1.88,1.0
20210915,17,138.0,142.3,136.3,132.1,137.2,1586,23.6,3.8,70.0,0.0,167.2,3,15,9,0.99,1.0
20210915,18,138.0,139.1,144.5,145.9,141.9,2027,22.3,3.0,71.0,0.0,167.2,3,15,9,1.76,1.0
20210915,19,22.1,21.1,22.1,22.3,21.9,0,21.6,2.8,72.0,0.0,167.2,3,15,9,0.0,1.5
20210915,20,87.0,87.3,87.5,87.1,87.2,543,21.6,2.9,71.0,0.0,167.2,3,15,9,0.44,1.5
20210915,21,23.6,23.2,24.9,23.7,23.8,0,21.3,2.5,72.0,0.0,167.2,3,15,9,0.0,1.5
20210915,22,21.3,22.0,22.3,20.6,21.5,0,21.5,2.2,73.0,0.0,167.2,3,15,9,0.0,1.5
20210915,23,24.3,25.1,23.3,24.9,24.4,0,21.6,2.5,72.0,0.0,167.2,3,15,9,0.0,1.5
20210916,0,87.0,91.3,86.7,82.7,86.9,482,21.2,2.0,72.0,0.0,167.2,4,16,9,0.18,1.5
20210916,1,138.0,130.0,145.8,139.2,138.2,0,20.9,2.4,75.0,0.0,167.2,4,16,9,0.0,1.5
20210916,2,23.9,24.8,23.5,24.1,24.1,0,21.0,2.7,76.0,0.0,167.2,4,16,9,0.0,1.5
20210916,3,87.0,91.6,85.7,91.3,88.9,1048,20.8,1.6,79.0,0.0,167.2,4,16,9,0.74,1.5
20210916,4,87.0,90.0,83.8,87.3,87.0,824,20.4,1.7,82.0,0.0,167.2,4,16,9,0.65,1.5
20210916,5,25.6,24.5,24.4,24.5,24.8,0,20.6,1.8,82.0,0.0,167.2,4,16,9,0.0,1.5
20210916,6,87.0,82.6,89.5,87.8,86.7,396,20.7,1.8,82.0,0.0,167.2,4,16,9,0.6,1.5
20210916,7,19.9,18.8,20.5,18.9,19.5,0,21.3,1.9,81.0,0.0,167.2,4,16,9,0.0,1.5
20210916,8,22.6,22.9,23.9,21.8,22.8,0,22.3,2.0,79.0,0.0,167.2,4,16,9,0.0,1.5
20210916,9,50.0,50.8,51.6,47.2,49.9,465,23.4,3.7,74.0,0.0,167.2,4,16,9,0.88,1.0
20210916,10,50.0,52.9,48.5,50.1,50.4,114,23.1,2.7,77.0,0.0,167.2,4,16,9,0.72,1.0
20210916,11,87.0,85.9,82.2,82.7,84.4,775,23.8,2.8,73.0,0.0,167.2,4,16,9,1.51,1.0
20210916,12,138.0,135.2,146.0,137.5,139.2,1285,24.4,3.4,71.0,0.0,167.2,4,16,9,1.8,1.0
20210916,13,138.0,140.1,135.4,145.2,139.7,1389,23.8,3.3,74.0,0.0,167.2,4,16,9,1.58,1.0
20210916,14,87.0,90.4,85.0,89.3,87.9,0,23.0,2.3,80.0,0.0,167.2,4,16,9,0.0,1.0
20210916,15,138.0,145.2,144.7,131.0,139.7,976,23.4,2.5,76.0,0.0,167.2,4,16,9,1.23,1.0
20210916,16,138.0,143.0,139.4,133.4,138.4,1008,23.3,2.4,76.0,0.0,167.2,4,16,9,1.68,1.0
20210916,17,138.0,136.8,133.3,140.9,137.2,1049,23.0,1.6,73.0,0.0,167.2,4,16,9,1.44,1.0
20210916,18,138.0,140.2,144.4,144.5,141.8,1634,22.9,1.7,76.0,0.0,167.2,4,16,9,1.26,1.0
20210916,19,50.0,52.1,53.0,47.2,50.6,509,22.7,1.5,76.0,0.0,167.2,4,16,9,0.64,1.5
20210916,20,94.0,93.9,89.3,97.5,93.7,0,22.6,1.4,78.0,0.0,167.2,4,16,9,0.0,1.5
20210916,21,87.0,84.0,90.8,87.6,87.4,0,22.9,1.4,78.0,0.0,167.2,4,16,9,0.0,1.5
20210916,22,23.4,22.5,23.1,23.5,23.1,0,23.0,1.9,79.0,0.0,167.2,4,16,9,0.0,1.5
20210916,23,87.0,81.8,87.3,91.8,87.0,316,22.8,1.4,82.0,0.0,167.2,4,16,9,0.41,1.5
20210917,0,87.0,89.3,91.3,89.6,89.3,0,22.1,2.2,88.0,0.0,167.2,5,17,9,0.0,1.5
20210917,1,23.9,22.8,25.3,24.9,24.2,0,21.1,1.6,96.0,0.7,167.2,5,17,9,0.0,1.5
20210917,2,16.4,15.9,15.9,16.1,16.1,0,20.9,2.7,90.0,0.0,167.2,5,17,9,0.0,1.5
20210917,3,138.0,134.7,133.2,138.9,136.2,1075,20.2,2.9,92.0,0.0,167.2,5,17,9,0.0,1.5
20210917,4,56.3,56.7,53.5,57.1,55.9,0,19.7,2.6,98.0,0.6,167.2,5,17,9,0.0,1.5
20210917,5,50.0,49.4,50.4,48.9,49.7,6,20.0,2.8,98.0,0.0,167.2,5,17,9,0.85,1.5
20210917,6,87.0,88.8,81.9,87.7,86.4,0,20.0,3.5,98.0,0.2,167.2,5,17,9,0.0,1.5
20210917,7,56.8,53.8,56.2,55.0,55.4,1087,19.9,2.9,98.0,0.8,167.2,5,17,9,0.66,1.5
20210917,8,21.3,20.3,20.2,20.4,20.5,0,19.9,3.0,98.0,5.2,167.2,5,17,9,0.0,1.5
20210917,9,138.0,138.0,136.4,135.9,137.1,1867,19.9,3.4,98.0,8.8,167.2,5,17,9,2.07,1.0
20210917,10,138.0,135.3,130.4,142.0,136.4,1841,20.0,2.6,97.0,0.5,167.2,5,17,9,1.27,1.0
20210917,11,138.0,134.6,143.6,144.9,140.3,1267,20.0,3.9,98.0,0.4,167.2,5,17,9,0.61,1.0
20210917,12,138.0,130.8,133.2,137.3,134.8,638,19.9,4.3,98.0,1.6,167.2,5,17,9,1.11,1.0
20210917,13,138.0,144.6,135.2,140.4,139.6,1004,19.6,3.4,97.0,1.9,167.2,5,17,9,0.65,1.0
20210917,14,87.0,89.0,90.9,82.9,87.4,0,20.3,4.4,97.0,2.6,167.2,5,17,9,0.0,1.0
20210917,15,138.0,131.7,142.1,144.7,139.1,1246,19.8,4.3,97.0,2.5,167.2,5,17,9,1.44,1.0
20210917,16,138.0,130.8,133.3,139.1,135.3,1977,18.7,4.8,93.0,0.4,167.2,5,17,9,1.43,1.0
20210917,17,138.0,145.9,130.9,142.6,139.4,1192,19.4,4.6,89.0,0.0,167.2,5,17,9,1.68,1.0
20210917,18,138.0,141.0,141.6,142.9,140.9,1799,20.0,4.2,87.0,0.0,167.2,5,17,9,0.86,1.0
20210917,19,138.0,136.6,136.2,134.0,136.2,1549,20.3,3.9,86.0,0.0,167.2,5,17,9,1.25,1.5
20210917,20,25.5,26.1,26.3,25.6,25.9,0,20.9,4.2,82.0,0.0,167.2,5,17,9,0.0,1.5
20210917,21,16.9,17.4,16.8,17.8,17.2,1070,21.1,4.0,80.0,0.0,167.2,5,17,9,0.19,1.5
20210917,22,138.0,142.6,135.4,131.2,136.8,1115,20.1,2.9,87.0,0.0,167.2,5,17,9,1.54,1.5
20210917,23,26.7,26.6,26.5,27.3,26.8,0,20.0,3.0,83.0,0.0,167.2,5,17,9,0.0,1.5
20210918,0,22.1,21.9,22.8,23.3,22.5,0,19.9,2.9,80.0,0.0,167.2,6,18,9,0.0,1.5
20210918,1,87.0,81.9,91.2,84.9,86.2,681,19.9,2.8,83.0,0.0,167.2,6,18,9,0.69,1.5
20210918,2,90.0,94.6,85.1,93.9,90.9,0,20.0,2.9,83.0,0.0,167.2,6,18,9,0.0,1.5
20210918,3,87.0,88.1,87.3,91.5,88.5,180,19.9,1.7,82.0,0.0,167.2,6,18,9,0.65,1.5
20210918,4,87.0,83.9,82.1,89.6,85.6,402,19.8,2.8,81.0,0.0,167.2,6,18,9,0.45,1.5
20210918,5,22.8,23.9,22.7,22.1,22.9,0,19.7,2.4,81.0,0.0,167.2,6,18,9,0.0,1.5
20210918,6,24.2,25.4,25.3,23.7,24.6,0,19.3,2.1,82.0,0.0,167.2,6,18,9,0.0,1.5
20210918,7,93.7,99.2,92.1,88.5,93.4,0,19.5,0.3,85.0,0.0,167.2,6,18,9,0.0,1.5
20210918,8,56.1,58.6,59.0,58.3,58.0,1046,20.5,1.7,81.0,0.0,167.2,6,18,9,1.23,1.5
20210918,9,26.1,27.7,26.5,27.2,26.9,0,22.2,2.7,75.0,0.0,167.2,6,18,9,0.0,1.0
20210918,10,23.1,22.4,24.3,23.5,23.3,0,23.3,2.4,72.0,0.0,167.2,6,18,9,0.0,1.0
20210918,11,22.7,23.6,23.4,22.3,23.0,0,24.4,2.3,66.0,0.0,167.2,6,18,9,0.0,1.0
20210918,12,23.5,24.4,22.4,22.3,23.2,0,24.0,2.4,70.0,0.0,167.2,6,18,9,0.0,1.0
20210918,13,21.7,21.0,21.0,22.4,21.5,0,23.8,2.2,70.0,0.0,167.2,6,18,9,0.0,1.0
20210918,14,87.0,82.8,85.9,89.4,86.3,0,25.5,2.9,63.0,0.0,167.2,6,18,9,0.0,1.0
20210918,15,64.3,68.0,61.8,67.5,65.4,0,25.1,2.2,67.0,0.0,167.2,6,18,9,0.0,1.0
20210918,16,50.0,48.8,50.0,51.4,50.1,451,23.5,2.4,75.0,0.0,167.2,6,18,9,1.84,1.0
20210918,17,37.7,39.4,37.6,39.2,38.5,0,24.2,1.6,71.0,0.0,167.2,6,18,9,0.0,1.0
20210918,18,23.6,22.2,24.9,24.3,23.7,0,22.5,2.0,78.0,0.0,167.2,6,18,9,0.0,1.0
20210918,19,24.4,23.0,24.2,24.8,24.1,0,21.7,2.3,82.0,0.0,167.2,6,18,9,0.0,1.5
20210918,20,87.0,86.6,90.0,86.2,87.4,437,21.7,2.6,84.0,0.0,167.2,6,18,9,0.32,1.5
20210918,21,26.9,26.1,28.3,28.2,27.4,0,21.6,2.5,84.0,0.0,167.2,6,18,9,0.0,1.5
20210918,22,87.0,89.0,90.9,88.6,88.9,244,21.3,2.2,86.0,0.0,167.2,6,18,9,0.5,1.5
20210918,23,27.0,27.2,26.1,26.7,26.8,0,20.7,1.6,87.0,0.0,167.2,6,18,9,0.0,1.5
20210919,0,27.6,26.2,27.6,26.2,26.9,0,20.3,2.0,89.0,0.0,167.2,7,19,9,0.0,1.5
20210919,1,24.0,23.0,23.6,23.4,23.5,0,20.2,1.6,89.0,0.0,167.2,7,19,9,0.0,1.5
20210919,2,62.0,61.2,61.3,62.3,61.7,0,20.1,1.5,89.0,0.0,167.2,7,19,9,0.0,1.5
20210919,3,22.1,21.3,21.7,21.5,21.7,0,19.7,1.7,91.0,0.0,167.2,7,19,9,0.0,1.5
20210919,4,18.4,19.0,19.1,17.8,18.6,0,19.8,1.9,90.0,0.0,167.2,7,19,9,0.0,1.5
20210919,5,36.7,36.3,36.5,36.8,36.6,0,19.7,1.3,89.0,0.0,167.2,7,19,9,0.0,1.5
20210919,6,42.8,40.7,42.9,41.1,41.9,0,19.6,2.0,89.0,0.0,167.2,7,19,9,0.0,1.5
20210919,7,46.6,46.5,49.3,48.3,47.7,0,19.7,1.7,88.0,0.0,167.2,7,19,9,0.0,1.5
20210919,8,57.4,54.6,54.4,57.3,55.9,1021,21.7,2.3,80.0,0.0,167.2,7,19,9,0.27,1.5
20210919,9,23.7,22.6,23.7,23.9,23.5,0,22.5,2.4,74.0,0.0,167.2,7,19,9,0.0,1.0
20210919,10,25.1,24.3,25.9,24.0,24.8,0,22.6,3.4,72.0,0.0,167.2,7,19,9,0.0,1.0
20210919,11,87.0,90.8,83.4,85.2,86.6,0,23.2,2.2,73.0,0.0,167.2,7,19,9,0.0,1.0
20210919,12,19.6,20.6,19.9,19.4,19.9,0,24.4,3.1,65.0,0.0,167.2,7,19,9,0.0,1.0
20210919,13,23.3,24.2,22.6,24.2,23.6,0,24.8,3.5,65.0,0.0,167.2,7,19,9,0.0,1.0
20210919,14,65.3,64.0,68.2,67.4,66.2,0,24.7,2.9,65.0,0.0,167.2,7,19,9,0.0,1.0
20210919,15,21.4,20.8,21.0,20.7,21.0,0,24.4,3.4,65.0,0.0,167.2,7,19,9,0.0,1.0
20210919,16,50.0,50.3,49.0,50.7,50.0,335,23.9,3.0,64.0,0.0,167.2,7,19,9,0.24,1.0
20210919,17,87.0,89.3,88.0,84.3,87.2,333,23.5,1.6,69.0,0.0,167.2,7,19,9,0.48,1.0
20210919,18,22.3,23.6,21.5,23.6,22.8,0,22.2,1.8,76.0,0.0,167.2,7,19,9,0.0,1.0
20210919,19,54.7,52.3,53.3,57.7,54.5,1095,21.1,1.5,80.0,0.0,167.2,7,19,9,1.68,1.5
20210919,20,87.0,82.3,86.1,87.7,85.8,465,20.6,1.5,83.0,0.0,167.2,7,19,9,0.34,1.5
20210919,21,24.6,25.2,24.2,25.2,24.8,0,20.1,1.6,85.0,0.0,167.2,7,19,9,0.0,1.5
20210919,22,50.0,52.0,50.1,51.8,51.0,0,20.0,1.6,87.0,0.0,167.2,7,19,9,0.0,1.5
20210919,23,20.1,20.9,20.3,20.6,20.5,0,19.7,1.8,88.0,0.0,167.2,7,19,9,0.0,1.5
20210920,0,87.0,88.9,87.7,89.1,88.2,169,19.7,1.5,89.0,0.0,167.2,1,20,9,0.33,1.5
20210920,1,50.0,52.7,50.9,52.8,51.6,243,19.3,1.8,91.0,0.0,167.2,1,20,9,0.51,1.5
20210920,2,24.2,24.2,23.6,24.5,24.1,0,19.3,1.2,92.0,0.0,167.2,1,20,9,0.0,1.5
20210920,3,20.5,21.5,19.6,20.8,20.6,0,19.2,1.2,93.0,0.0,167.2,1,20,9,0.0,1.5
20210920,4,56.8,60.0,58.6,59.2,58.6,0,19.2,1.7,92.0,0.0,167.2,1,20,9,0.0,1.5
20210920,5,25.6,26.7,26.7,26.1,26.3,0,19.7,1.3,90.0,0.0,167.2,1,20,9,0.0,1.5
20210920,6,87.0,85.0,84.5,89.4,86.5,625,19.4,1.6,89.0,0.0,167.2,1,20,9,0.22,1.5
20210920,7,50.0,48.2,49.4,48.4,49.0,0,19.6,1.6,88.0,0.0,167.2,1,20,9,0.0,1.5
20210920,8,25.9,26.0,25.9,25.5,25.8,0,21.5,1.1,85.0,0.0,167.2,1,20,9,0.0,1.5
20210920,9,23.3,23.2,23.4,22.3,23.0,0,21.0,1.0,87.0,0.0,167.2,1,20,9,0.0,1.0
20210920,10,20.5,21.4,20.9,20.5,20.8,0,22.8,1.7,77.0,0.0,167.2,1,20,9,0.0,1.0
20210920,11,21.7,20.7,20.5,21.6,21.1,0,23.5,1.7,70.0,0.0,167.2,1,20,9,0.0,1.0
20210920,12,20.0,19.4,20.5,21.2,20.3,0,23.4,2.9,73.0,0.0,167.2,1,20,9,0.0,1.0
20210920,13,25.5,26.3,24.2,25.8,25.4,0,24.2,2.5,70.0,0.0,167.2,1,20,9,0.0,1.0
20210920,14,54.9,52.2,54.7,56.8,54.6,486,25.1,2.9,72.0,0.0,167.2,1,20,9,1.02,1.0
20210920,15,45.5,44.5,47.3,44.6,45.5,0,24.1,2.8,75.0,0.0,167.2,1,20,9,0.0,1.0
20210920,16,21.3,21.0,21.2,22.1,21.4,0,23.5,2.4,77.0,0.0,167.2,1,20,9,0.0,1.0
20210920,17,23.0,23.3,22.0,23.3,22.9,0,23.5,2.0,80.0,0.0,167.2,1,20,9,0.0,1.0
20210920,18,25.0,24.0,26.5,25.6,25.3,0,22.8,2.6,86.0,0.0,167.2,1,20,9,0.0,1.0
20210920,19,17.4,18.2,18.2,17.0,17.7,923,22.5,0.9,89.0,0.0,167.2,1,20,9,0.0,1.5
20210920,20,18.3,18.2,18.9,18.4,18.4,1358,21.6,0.0,93.0,0.0,167.2,1,20,9,7.72,1.5
20210920,21,28.7,30.1,28.4,29.2,29.1,0,21.2,0.2,97.0,0.0,167.2,1,20,9,0.0,1.5
20210920,22,21.1,21.0,20.3,21.3,20.9,0,21.0,0.6,98.0,0.0,167.2,1,20,9,0.0,1.5
20210920,23,20.7,20.1,21.8,21.7,21.1,0,21.6,0.3,98.0,0.0,167.2,1,20,9,0.0,1.5
20210921,0,20.4,19.5,20.5,21.4,20.4,0,21.0,0.4,98.0,0.0,167.2,2,21,9,0.0,1.5
20210921,1,25.2,23.7,26.3,26.6,25.5,0,21.1,1.2,98.0,0.0,167.2,2,21,9,0.0,1.5
20210921,2,24.3,24.4,23.8,24.8,24.3,0,21.4,0.5,98.0,0.0,167.2,2,21,9,0.0,1.5
20210921,3,22.5,21.4,22.1,23.8,22.4,0,21.2,0.4,98.0,0.0,167.2,2,21,9,0.0,1.5
20210921,4,20.2,19.9,21.4,21.0,20.6,0,22.6,2.7,98.0,0.0,167.2,2,21,9,0.0,1.5
20210921,5,23.4,23.7,23.5,22.8,23.3,0,23.0,2.8,96.0,0.0,167.2,2,21,9,0.0,1.5
20210921,6,60.0,58.4,57.4,59.5,58.8,1060,23.3,3.0,94.0,0.0,167.2,2,21,9,0.54,1.5
20210921,7,19.1,18.4,18.5,18.5,18.6,0,24.0,4.4,91.0,0.0,167.2,2,21,9,0.0,1.5
20210921,8,20.2,20.9,20.2,19.0,20.1,0,24.5,3.3,89.0,0.0,167.2,2,21,9,0.0,1.5
20210921,9,25.1,26.4,23.7,24.2,24.8,0,25.6,4.1,85.0,0.0,167.2,2,21,9,0.0,1.0
20210921,10,15.0,14.3,14.9,14.1,14.6,0,24.8,4.0,88.0,0.0,167.2,2,21,9,0.0,1.0
20210921,11,21.9,21.0,21.7,22.5,21.8,0,24.6,3.7,89.0,0.0,167.2,2,21,9,0.0,1.0
20210921,12,19.0,20.0,19.6,18.8,19.4,0,23.6,3.8,98.0,3.1,167.2,2,21,9,0.0,1.0
20210921,13,87.0,82.2,85.5,85.0,84.9,0,24.0,2.5,96.0,0.3,167.2,2,21,9,0.0,1.0
20210921,14,21.1,22.3,22.3,21.8,21.9,0,24.7,2.8,91.0,0.0,167.2,2,21,9,0.0,1.0
20210921,15,87.0,81.8,83.7,90.5,85.8,691,25.5,3.0,84.0,0.0,167.2,2,21,9,0.78,1.0
20210921,16,22.1,23.1,22.3,23.4,22.7,0,25.2,2.8,82.0,0.0,167.2,2,21,9,0.0,1.0
20210921,17,22.8,22.3,21.7,23.2,22.5,0,24.9,2.9,85.0,0.0,167.2,2,21,9,0.0,1.0
20210921,18,96.9,102.0,99.6,96.5,98.8,0,23.9,1.2,91.0,0.0,167.2,2,21,9,0.0,1.0
20210921,19,89.6,87.6,94.9,87.5,89.9,0,23.8,2.4,93.0,0.0,167.2,2,21,9,0.0,1.5
20210921,20,20.8,21.2,21.6,20.1,20.9,0,23.6,2.8,88.0,0.0,167.2,2,21,9,0.0,1.5
20210921,21,87.0,82.6,87.6,84.0,85.3,316,22.4,0.7,91.0,0.0,167.2,2,21,9,0.0,1.5
20210921,22,25.0,24.2,25.0,24.7,24.7,0,21.1,1.3,98.0,0.0,167.2,2,21,9,0.0,1.5
20210921,23,17.6,18.2,18.3,18.6,18.2,0,21.0,1.1,98.0,0.0,167.2,2,21,9,0.0,1.5
20210922,0,18.3,18.4,19.3,17.2,18.3,0,22.1,1.9,91.0,0.0,167.2,3,22,9,0.0,1.5
20210922,1,18.6,19.6,19.7,17.9,19.0,0,20.9,2.1,93.0,0.0,167.2,3,22,9,0.0,1.5
20210922,2,35.8,35.5,35.4,34.5,35.3,0,19.6,0.6,97.0,0.0,167.2,3,22,9,0.0,1.5
20210922,3,26.1,27.3,27.6,26.8,27.0,0,19.4,0.2,98.0,0.0,167.2,3,22,9,0.0,1.5
20210922,4,23.3,23.2,22.3,22.9,22.9,0,19.6,0.8,93.0,0.0,167.2,3,22,9,0.0,1.5
20210922,5,25.9,27.4,25.1,25.8,26.0,0,18.6,0.1,96.0,0.0,167.2,3,22,9,0.0,1.5
20210922,6,23.6,24.9,22.4,22.6,23.4,0,18.8,1.1,97.0,0.0,167.2,3,22,9,0.0,1.5
20210922,7,19.4,19.0,18.9,19.2,19.1,0,19.3,0.1,98.0,0.0,167.2,3,22,9,0.0,1.5
20210922,8,29.5,30.9,30.4,28.1,29.7,0,21.2,0.7,92.0,0.0,167.2,3,22,9,0.0,1.5
20210922,9,33.1,34.5,34.5,33.2,33.8,0,23.4,2.8,75.0,0.0,167.2,3,22,9,0.0,1.0
20210922,10,50.0,48.3,51.7,47.6,49.4,242,25.3,3.6,66.0,0.0,167.2,3,22,9,1.2,1.0
20210922,11,72.6,73.7,73.7,75.1,73.8,0,26.9,3.4,62.0,0.0,167.2,3,22,9,0.0,1.0
20210922,12,20.3,19.3,20.3,20.5,20.1,0,27.3,4.5,56.0,0.0,167.2,3,22,9,0.0,1.0
20210922,13,18.1,18.8,18.6,18.6,18.5,0,27.6,4.9,54.0,0.0,167.2,3,22,9,0.0,1.0
20210922,14,56.0,53.8,55.3,55.5,55.2,445,25.0,3.9,64.0,0.0,167.2,3,22,9,1.25,1.0
20210922,15,50.0,47.4,52.0,49.3,49.7,20,27.4,3.9,50.0,0.0,167.2,3,22,9,0.96,1.0
20210922,16,26.6,26.3,27.2,25.3,26.4,0,27.0,3.3,49.0,0.0,167.2,3,22,9,0.0,1.0
20210922,17,22.0,22.2,22.5,22.1,22.2,0,26.2,4.0,50.0,0.0,167.2,3,22,9,0.0,1.0
20210922,18,87.0,90.7,87.4,87.2,88.1,0,25.1,3.8,54.0,0.0,167.2,3,22,9,0.0,1.0
20210922,19,47.3,50.0,49.5,47.1,48.5,0,24.0,3.4,65.0,0.0,167.2,3,22,9,0.0,1.5
20210922,20,22.8,22.6,22.1,23.5,22.8,0,23.5,3.4,72.0,0.0,167.2,3,22,9,0.0,1.5
20210922,21,21.6,20.5,21.3,22.5,21.5,0,23.6,3.4,75.0,0.0,167.2,3,22,9,0.0,1.5
20210922,22,26.9,27.7,27.8,27.7,27.5,0,23.3,3.7,78.0,0.0,167.2,3,22,9,0.0,1.5
20210922,23,50.0,50.4,50.0,47.9,49.6,459,23.0,3.4,82.0,0.0,167.2,3,22,9,0.19,1.5
20210923,0,62.4,62.0,65.3,63.3,63.2,1251,21.1,2.0,80.0,0.0,167.2,4,23,9,1.17,1.5
20210923,1,87.0,85.0,85.4,82.6,85.0,260,20.4,1.2,75.0,0.0,167.2,4,23,9,0.0,1.5
20210923,2,23.2,23.2,22.8,23.7,23.2,0,20.0,1.5,74.0,0.0,167.2,4,23,9,0.0,1.5
20210923,3,20.7,20.3,21.7,20.4,20.8,0,19.8,2.1,71.0,0.0,167.2,4,23,9,0.0,1.5
20210923,4,138.0,142.3,137.4,131.9,137.4,718,19.6,2.1,70.0,0.0,167.2,4,23,9,1.02,1.5
20210923,5,54.0,54.3,54.1,56.3,54.7,970,18.4,1.9,76.0,0.0,167.2,4,23,9,1.6,1.5
20210923,6,50.0,52.3,49.0,50.7,50.5,0,18.2,2.6,76.0,0.0,167.2,4,23,9,0.0,1.5
20210923,7,138.0,138.7,134.3,135.6,136.6,0,18.6,2.0,75.0,0.0,167.2,4,23,9,0.0,1.5
20210923,8,87.0,84.3,88.6,82.1,85.5,143,20.6,2.5,65.0,0.0,167.2,4,23,9,0.78,1.5
20210923,9,138.0,143.8,131.7,138.6,138.0,192,22.2,3.4,54.0,0.0,167.2,4,23,9,1.09,1.0
20210923,10,138.0,138.9,144.3,145.0,141.6,2906,23.8,3.0,42.0,0.0,167.2,4,23,9,0.89,1.0
20210923,11,106.2,102.5,109.8,107.4,106.5,0,24.3,2.9,43.0,0.0,167.2,4,23,9,0.0,1.0
20210923,12,138.0,140.0,132.9,145.8,139.2,1531,25.2,2.9,47.0,0.0,167.2,4,23,9,1.56,1.0
20210923,13,138.0,135.6,141.2,132.0,136.7,1708,25.4,2.4,45.0,0.0,167.2,4,23,9,1.26,1.0
20210923,14,138.0,143.7,139.7,139.1,140.1,908,25.5,1.9,45.0,0.0,167.2,4,23,9,0.0,1.0
20210923,15,87.0,86.5,83.7,90.1,86.8,1438,26.2,2.7,44.0,0.0,167.2,4,23,9,0.85,1.0
20210923,16,138.0,141.7,134.2,138.4,138.1,1928,25.6,2.6,49.0,0.0,167.2,4,23,9,1.26,1.0
20210923,17,138.0,131.3,136.5,131.2,134.2,672,24.5,2.2,52.0,0.0,167.2,4,23,9,1.74,1.0
20210923,18,138.0,136.3,141.3,139.4,138.8,2501,23.0,1.5,58.0,0.0,167.2,4,23,9,0.79,1.0
20210923,19,87.0,92.0,88.4,88.2,88.9,200,21.7,2.0,64.0,0.0,167.2,4,23,9,0.0,1.5
20210923,20,87.0,90.2,87.3,89.4,88.5,0,21.2,1.7,67.0,0.0,167.2,4,23,9,0.0,1.5
20210923,21,34.9,33.5,36.0,36.0,35.1,0,20.7,1.2,67.0,0.0,167.2,4,23,9,0.0,1.5
20210923,22,87.0,84.7,89.7,89.8,87.8,784,19.9,1.5,71.0,0.0,167.2,4,23,9,0.59,1.5
20210923,23,24.0,23.5,24.3,24.5,24.1,0,19.1,1.4,77.0,0.0,167.2,4,23,9,0.0,1.5
20210924,0,21.0,21.4,21.7,20.3,21.1,0,17.9,0.5,81.0,0.0,167.2,5,24,9,0.0,1.5
20210924,1,138.0,142.3,135.3,136.4,138.0,532,17.9,0.5,82.0,0.0,167.2,5,24,9,1.27,1.5
20210924,2,87.0,89.6,91.0,89.9,89.4,139,17.6,0.8,82.0,0.0,167.2,5,24,9,0.0,1.5
20210924,3,50.0,50.1,50.7,52.7,50.9,351,16.8,1.7,90.0,0.0,167.2,5,24,9,0.18,1.5
20210924,4,87.0,90.2,90.4,82.6,87.6,232,17.0,0.9,91.0,0.0,167.2,5,24,9,1.64,1.5
20210924,5,87.0,86.3,87.5,87.4,87.1,36,17.7,0.5,87.0,0.0,167.2,5,24,9,0.29,1.5
20210924,6,23.0,22.0,22.2,22.5,22.4,0,16.9,0.6,90.0,0.0,167.2,5,24,9,0.0,1.5
20210924,7,69.0,69.5,69.4,66.7,68.6,0,17.0,0.2,93.0,0.0,167.2,5,24,9,0.0,1.5
20210924,8,21.9,23.1,21.6,21.9,22.1,0,19.9,1.0,85.0,0.0,167.2,5,24,9,0.0,1.5
20210924,9,138.0,142.9,141.3,139.8,140.5,1253,21.8,2.2,76.0,0.0,167.2,5,24,9,1.57,1.0
20210924,10,16.0,16.2,16.0,15.1,15.8,145,22.9,2.2,68.0,0.0,167.2,5,24,9,1.48,1.0
20210924,11,138.0,140.4,143.6,142.6,141.2,2453,23.9,2.7,65.0,0.0,167.2,5,24,9,0.28,1.0
20210924,12,22.8,24.0,23.3,23.7,23.4,0,21.2,2.0,87.0,0.0,167.2,5,24,9,0.0,1.0
20210924,13,138.0,136.8,141.1,145.7,140.4,0,22.7,3.7,73.0,0.0,167.2,5,24,9,0.0,1.0
20210924,14,87.0,85.2,84.0,83.7,85.0,49,21.6,2.3,76.0,0.0,167.2,5,24,9,0.35,1.0
20210924,15,138.0,145.9,146.0,139.6,142.4,0,22.5,1.3,74.0,0.0,167.2,5,24,9,0.0,1.0
20210924,16,138.0,144.0,143.7,136.8,140.6,481,22.4,2.1,74.0,0.0,167.2,5,24,9,0.98,1.0
20210924,17,138.0,135.1,142.8,135.3,137.8,1400,22.1,2.5,75.0,0.0,167.2,5,24,9,1.02,1.0
20210924,18,138.0,137.4,135.2,139.1,137.4,1084,21.8,2.9,76.0,0.0,167.2,5,24,9,1.13,1.0
20210924,19,138.0,136.6,138.6,142.7,139.0,901,20.7,2.1,80.0,0.0,167.2,5,24,9,1.3,1.5
20210924,20,21.4,20.5,20.5,20.2,20.6,0,20.4,2.7,82.0,0.0,167.2,5,24,9,0.0,1.5
20210924,21,21.4,22.6,21.5,22.6,22.0,0,20.3,2.6,85.0,0.0,167.2,5,24,9,0.0,1.5
20210924,22,87.0,86.0,83.3,90.2,86.6,1318,19.9,2.7,89.0,0.0,167.2,5,24,9,0.43,1.5
20210924,23,107.0,111.8,107.7,110.2,109.2,0,20.0,2.5,93.0,0.0,167.2,5,24,9,0.0,1.5
20210925,0,50.0,48.1,50.9,51.6,50.2,0,20.1,1.9,92.0,0.0,167.2,6,25,9,0.0,1.5
20210925,1,62.7,63.1,61.9,61.9,62.4,1076,20.0,1.4,93.0,0.0,167.2,6,25,9,0.17,1.5
20210925,2,50.0,47.1,50.0,51.5,49.6,425,20.6,2.2,90.0,0.0,167.2,6,25,9,1.12,1.5
20210925,3,99.3,102.4,103.8,98.0,100.9,0,20.7,1.5,90.0,0.0,167.2,6,25,9,0.0,1.5
20210925,4,20.2,20.4,19.3,21.2,20.3,0,21.0,1.4,88.0,0.0,167.2,6,25,9,0.0,1.5
20210925,5,50.0,50.8,51.8,48.1,50.2,0,21.0,1.6,91.0,0.0,167.2,6,25,9,0.0,1.5
20210925,6,20.4,19.3,19.6,19.9,19.8,0,20.7,1.2,94.0,0.8,167.2,6,25,9,0.0,1.5
20210925,7,15.4,14.9,14.5,15.5,15.1,0,21.2,2.5,94.0,0.2,167.2,6,25,9,0.0,1.5
20210925,8,17.0,16.1,16.4,16.6,16.5,457,22.1,3.6,90.0,0.0,167.2,6,25,9,0.0,1.5
20210925,9,87.0,84.8,89.8,86.2,87.0,360,21.7,2.9,91.0,1.2,167.2,6,25,9,0.0,1.0
20210925,10,25.9,26.3,25.6,25.9,25.9,0,22.1,4.2,86.0,0.0,167.2,6,25,9,0.0,1.0
20210925,11,26.4,26.6,27.6,27.5,27.0,0,22.4,3.8,86.0,1.6,167.2,6,25,9,0.0,1.0
20210925,12,87.0,88.2,87.3,87.2,87.4,0,23.2,4.5,77.0,0.0,167.2,6,25,9,0.0,1.0
20210925,13,25.3,25.4,23.8,24.9,24.8,0,23.4,3.3,76.0,0.0,167.2,6,25,9,0.0,1.0
20210925,14,75.4,73.3,77.4,73.1,74.8,0,23.4,3.6,75.0,0.0,167.2,6,25,9,0.0,1.0
20210925,15,24.1,23.4,23.0,23.8,23.6,0,23.1,3.1,73.0,0.0,167.2,6,25,9,0.0,1.0
20210925,16,50.0,47.8,51.7,50.1,49.9,375,22.9,2.4,76.0,0.0,167.2,6,25,9,1.27,1.0
20210925,17,26.3,27.4,25.3,27.1,26.5,0,21.6,1.8,89.0,0.2,167.2,6,25,9,0.0,1.0
20210925,18,25.1,25.5,24.6,24.0,24.8,0,21.9,2.2,82.0,0.0,167.2,6,25,9,0.0,1.0
20210925,19,23.0,22.1,23.7,22.2,22.8,0,21.6,2.3,80.0,0.0,167.2,6,25,9,0.0,1.5
20210925,20,22.7,21.8,23.9,22.4,22.7,0,21.6,2.1,78.0,0.0,167.2,6,25,9,0.0,1.5
20210925,21,16.5,17.2,16.2,16.2,16.5,0,21.4,1.8,77.0,0.0,167.2,6,25,9,0.0,1.5
20210925,22,24.4,25.1,25.4,24.1,24.8,0,21.2,2.1,78.0,0.0,167.2,6,25,9,0.0,1.5
20210925,23,26.6,27.1,25.6,27.5,26.7,0,21.2,1.5,80.0,0.0,167.2,6,25,9,0.0,1.5
20210926,0,50.0,49.4,51.8,48.9,50.0,536,20.8,1.5,83.0,0.0,167.2,7,26,9,1.16,1.5
20210926,1,87.0,84.5,88.6,87.0,86.8,147,20.7,2.0,84.0,0.0,167.2,7,26,9,0.41,1.5
20210926,2,81.2,85.9,78.2,82.4,81.9,0,21.0,1.8,82.0,0.0,167.2,7,26,9,0.0,1.5
20210926,3,20.5,21.2,20.0,19.8,20.4,0,20.9,1.9,84.0,0.0,167.2,7,26,9,0.0,1.5
20210926,4,23.5,22.9,22.5,24.1,23.2,0,20.5,1.6,86.0,0.0,167.2,7,26,9,0.0,1.5
20210926,5,22.3,23.2,22.0,22.4,22.5,0,20.7,2.7,83.0,0.0,167.2,7,26,9,0.0,1.5
20210926,6,87.0,89.7,83.9,86.4,86.8,450,20.0,1.8,88.0,0.0,167.2,7,26,9,0.0,1.5
20210926,7,87.0,84.9,88.5,90.2,87.6,550,20.1,2.9,85.0,0.0,167.2,7,26,9,0.14,1.5
20210926,8,55.0,54.5,58.3,53.3,55.3,912,20.9,2.3,78.0,0.0,167.2,7,26,9,0.76,1.5
20210926,9,50.0,48.1,47.1,52.3,49.4,0,21.3,2.3,76.0,0.0,167.2,7,26,9,0.0,1.0
20210926,10,38.0,36.2,38.2,38.3,37.7,0,22.1,2.3,72.0,0.0,167.2,7,26,9,0.0,1.0
20210926,11,21.7,22.3,21.9,22.0,22.0,0,23.0,3.2,63.0,0.0,167.2,7,26,9,0.0,1.0
20210926,12,87.0,84.6,91.3,90.9,88.4,1097,23.8,3.4,56.0,0.0,167.2,7,26,9,0.0,1.0
20210926,13,22.6,23.5,22.6,23.5,23.0,0,23.6,2.9,60.0,0.0,167.2,7,26,9,0.0,1.0
20210926,14,50.8,53.8,51.1,51.4,51.8,0,23.3,2.8,62.0,0.0,167.2,7,26,9,0.0,1.0
20210926,15,87.0,82.6,86.7,89.6,86.5,609,22.6,3.3,61.0,0.0,167.2,7,26,9,0.13,1.0
20210926,16,50.0,49.8,48.6,49.6,49.5,163,21.9,3.1,63.0,0.0,167.2,7,26,9,1.17,1.0
20210926,17,26.8,27.8,25.4,27.0,26.8,0,21.5,2.5,66.0,0.0,167.2,7,26,9,0.0,1.0
20210926,18,31.3,32.4,31.0,29.7,31.1,0,20.7,2.9,69.0,0.0,167.2,7,26,9,0.0,1.0
20210926,19,21.0,21.7,19.9,20.0,20.6,0,20.2,2.2,74.0,0.0,167.2,7,26,9,0.0,1.5
20210926,20,16.8,16.5,16.9,17.5,16.9,0,19.9,1.7,74.0,0.0,167.2,7,26,9,0.0,1.5
20210926,21,22.3,22.2,21.8,21.1,21.8,0,20.0,2.4,72.0,0.0,167.2,7,26,9,0.0,1.5
20210926,22,17.1,17.3,17.2,16.4,17.0,0,19.9,2.2,74.0,0.0,167.2,7,26,9,0.0,1.5
20210926,23,20.5,21.7,19.6,21.2,20.8,0,20.2,2.6,75.0,0.0,167.2,7,26,9,0.0,1.5
20210927,0,21.5,21.1,22.6,20.2,21.4,0,20.3,2.6,76.0,0.0,167.2,1,27,9,0.0,1.5
20210927,1,87.0,91.4,91.1,84.7,88.6,522,20.2,1.3,76.0,0.0,167.2,1,27,9,1.08,1.5
20210927,2,20.2,19.6,19.4,20.4,19.9,0,20.1,1.6,78.0,0.0,167.2,1,27,9,0.0,1.5
20210927,3,26.5,28.1,26.0,26.8,26.8,0,20.1,2.9,79.0,0.0,167.2,1,27,9,0.0,1.5
20210927,4,138.0,140.8,139.9,142.6,140.3,399,19.9,2.7,80.0,0.0,167.2,1,27,9,0.9,1.5
20210927,5,21.7,21.6,20.6,21.7,21.4,0,19.9,3.2,81.0,0.0,167.2,1,27,9,0.0,1.5
20210927,6,26.4,26.8,25.9,26.4,26.4,0,18.4,2.6,94.0,0.1,167.2,1,27,9,0.0,1.5
20210927,7,87.0,84.6,84.4,89.4,86.4,0,18.7,2.9,92.0,0.0,167.2,1,27,9,0.0,1.5
20210927,8,138.0,134.3,144.9,138.0,138.8,1270,19.3,2.5,91.0,0.0,167.2,1,27,9,1.58,1.5
20210927,9,138.0,131.6,143.8,139.8,138.3,1888,19.7,2.8,89.0,0.0,167.2,1,27,9,0.31,1.0
20210927,10,138.0,131.6,139.3,144.6,138.4,96,20.5,1.8,91.0,0.0,167.2,1,27,9,1.41,1.0
20210927,11,138.0,135.5,138.3,136.4,137.0,2284,21.3,2.6,83.0,0.0,167.2,1,27,9,0.91,1.0
20210927,12,138.0,142.4,145.1,136.1,140.4,1041,22.4,2.4,76.0,0.0,167.2,1,27,9,1.33,1.0
20210927,13,138.0,139.8,145.2,129.8,138.2,1976,22.2,2.2,72.0,0.0,167.2,1,27,9,1.15,1.0
20210927,14,138.0,131.4,145.8,139.9,138.8,941,23.2,3.4,64.0,0.0,167.2,1,27,9,1.83,1.0
20210927,15,138.0,143.8,131.8,130.2,136.0,2692,22.8,3.1,65.0,0.0,167.2,1,27,9,0.92,1.0
20210927,16,87.0,88.1,83.5,87.0,86.4,479,22.5,3.6,68.0,0.0,167.2,1,27,9,0.72,1.0
20210927,17,16.0,16.9,16.3,16.6,16.5,37,22.0,2.0,69.0,0.0,167.2,1,27,9,2.42,1.0
20210927,18,138.0,140.8,138.7,138.8,139.1,1781,20.7,2.0,74.0,0.0,167.2,1,27,9,1.18,1.0
20210927,19,26.8,25.8,25.3,26.1,26.0,0,20.2,2.0,76.0,0.0,167.2,1,27,9,0.0,1.5
20210927,20,138.0,137.6,130.7,142.7,137.2,1734,20.1,1.9,77.0,0.0,167.2,1,27,9,1.16,1.5
20210927,21,90.0,91.6,94.2,87.5,90.8,0,20.2,1.6,76.0,0.0,167.2,1,27,9,0.0,1.5
20210927,22,87.0,82.1,90.9,89.4,87.4,0,19.3,1.9,82.0,0.0,167.2,1,27,9,0.0,1.5
20210927,23,18.2,17.1,17.9,18.4,17.9,0,19.4,1.7,82.0,0.0,167.2,1,27,9,0.0,1.5
20210928,0,21.3,20.4,22.3,20.5,21.1,0,18.9,0.5,85.0,0.0,167.2,2,28,9,0.0,1.5
20210928,1,15.4,14.9,15.6,16.1,15.5,1298,18.7,1.0,87.0,0.0,167.2,2,28,9,1.8,1.5
20210928,2,138.0,136.8,143.1,133.0,137.7,587,19.1,1.1,84.0,0.0,167.2,2,28,9,1.12,1.5
20210928,3,87.0,86.9,86.2,92.1,88.1,1327,18.5,1.6,91.0,0.0,167.2,2,28,9,0.47,1.5
20210928,4,22.3,21.3,21.3,21.0,21.5,0,18.6,1.5,89.0,0.0,167.2,2,28,9,0.0,1.5
20210928,5,19.1,19.5,18.9,18.6,19.0,0,18.6,0.2,90.0,0.0,167.2,2,28,9,0.0,1.5
20210928,6,25.8,26.1,25.7,24.9,25.6,0,18.9,1.2,90.0,0.0,167.2,2,28,9,0.0,1.5
20210928,7,25.2,24.6,25.4,23.7,24.7,0,19.3,1.2,91.0,0.0,167.2,2,28,9,0.0,1.5
20210928,8,87.0,81.9,82.9,89.4,85.3,649,20.0,1.9,88.0,0.0,167.2,2,28,9,0.57,1.5
20210928,9,87.0,82.6,92.1,89.0,87.7,729,21.2,1.8,83.0,0.0,167.2,2,28,9,0.5,1.0
20210928,10,87.0,85.9,84.3,90.1,86.8,252,22.3,1.2,80.0,0.0,167.2,2,28,9,0.79,1.0
20210928,11,138.0,132.3,133.0,134.0,134.3,1561,23.2,2.6,76.0,0.0,167.2,2,28,9,1.7,1.0
20210928,12,50.0,49.3,50.2,49.7,49.8,594,23.8,1.6,71.0,0.0,167.2,2,28,9,0.19,1.0
20210928,13,87.0,88.3,87.4,88.7,87.9,666,24.4,2.0,70.0,0.0,167.2,2,28,9,0.84,1.0
20210928,14,138.0,138.8,137.0,137.0,137.7,926,24.0,1.7,73.0,0.0,167.2,2,28,9,0.57,1.0
20210928,15,138.0,133.5,142.5,141.3,138.8,565,24.1,2.2,76.0,0.0,167.2,2,28,9,1.42,1.0
20210928,16,138.0,135.4,138.3,140.2,138.0,1973,23.6,2.9,78.0,0.0,167.2,2,28,9,1.59,1.0
20210928,17,138.0,139.9,139.8,131.6,137.3,2644,22.7,1.8,83.0,0.0,167.2,2,28,9,0.39,1.0
20210928,18,138.0,144.0,141.7,142.7,141.6,1890,22.1,1.5,86.0,0.0,167.2,2,28,9,1.32,1.0
20210928,19,138.0,142.2,130.1,141.7,138.0,585,21.8,1.0,87.0,0.0,167.2,2,28,9,0.89,1.5
20210928,20,27.1,27.3,27.3,27.6,27.3,0,21.4,0.2,89.0,0.0,167.2,2,28,9,0.0,1.5
20210928,21,30.7,30.2,32.1,29.4,30.6,0,21.3,0.9,90.0,0.0,167.2,2,28,9,0.0,1.5
20210928,22,22.3,21.9,21.0,21.7,21.7,0,21.1,1.2,91.0,0.0,167.2,2,28,9,0.0,1.5
20210928,23,24.6,25.7,24.3,24.3,24.7,0,21.0,0.1,91.0,0.0,167.2,2,28,9,0.0,1.5
20210929,0,57.9,54.7,60.9,56.4,57.5,679,20.9,0.4,91.0,0.0,167.2,3,29,9,0.39,1.5
20210929,1,87.0,92.1,85.5,84.2,87.2,209,20.1,1.5,97.0,0.1,167.2,3,29,9,1.03,1.5
20210929,2,87.0,88.7,86.6,90.2,88.1,0,19.9,0.7,98.0,0.1,167.2,3,29,9,0.0,1.5
20210929,3,22.5,23.0,23.8,22.9,23.0,0,19.9,0.9,98.0,0.0,167.2,3,29,9,0.0,1.5
20210929,4,87.0,82.2,83.9,87.7,85.2,787,19.9,1.0,98.0,0.0,167.2,3,29,9,0.18,1.5
20210929,5,87.0,88.1,82.5,84.1,85.4,597,19.8,1.0,98.0,1.3,167.2,3,29,9,0.1,1.5
20210929,6,117.8,117.6,122.9,123.7,120.5,0,20.0,0.6,98.0,0.0,167.2,3,29,9,0.0,1.5
20210929,7,87.0,82.9,90.8,83.8,86.1,356,20.5,0.3,98.0,0.0,167.2,3,29,9,0.48,1.5
20210929,8,20.0,19.5,19.9,20.7,20.0,0,21.2,0.3,98.0,0.0,167.2,3,29,9,0.0,1.5
20210929,9,138.0,144.5,138.2,145.7,141.6,1913,22.5,0.6,98.0,0.0,167.2,3,29,9,1.62,1.0
20210929,10,138.0,138.8,143.6,141.8,140.6,1758,24.2,0.7,93.0,0.0,167.2,3,29,9,1.18,1.0
20210929,11,138.0,136.6,142.0,146.2,140.7,0,26.2,2.3,82.0,0.0,167.2,3,29,9,0.0,1.0
20210929,12,138.0,130.9,134.1,140.5,135.9,1030,28.1,3.3,70.0,0.0,167.2,3,29,9,1.76,1.0
20210929,13,138.0,141.5,130.0,133.3,135.7,1909,27.3,3.3,71.0,0.0,167.2,3,29,9,1.54,1.0
20210929,14,138.0,141.4,137.7,133.1,137.5,2183,25.8,3.1,78.0,0.0,167.2,3,29,9,0.21,1.0
20210929,15,108.2,109.7,112.9,105.9,109.2,0,25.8,2.5,84.0,0.5,167.2,3,29,9,0.0,1.0
20210929,16,87.0,87.1,91.1,81.9,86.8,813,26.6,0.7,80.0,0.0,167.2,3,29,9,0.24,1.0
20210929,17,138.0,136.9,145.6,141.0,140.4,2297,26.1,2.1,80.0,0.0,167.2,3,29,9,1.03,1.0
20210929,18,138.0,139.5,144.3,134.2,139.0,1112,25.5,1.9,85.0,0.0,167.2,3,29,9,1.43,1.0
20210929,19,87.0,84.2,87.8,90.3,87.3,0,24.2,1.2,90.0,0.5,167.2,3,29,9,0.0,1.5
20210929,20,21.7,22.8,21.6,21.3,21.8,0,23.5,1.8,98.0,1.4,167.2,3,29,9,0.0,1.5
20210929,21,87.0,87.9,89.9,86.8,87.9,0,23.3,1.8,98.0,2.1,167.2,3,29,9,0.0,1.5
20210929,22,16.1,15.7,16.6,17.0,16.4,0,22.9,2.1,98.0,2.8,167.2,3,29,9,0.0,1.5
20210929,23,87.0,86.5,87.4,84.3,86.3,896,22.8,1.3,98.0,2.3,167.2,3,29,9,0.0,1.5
20210930,0,22.2,23.0,21.1,22.8,22.3,0,22.5,1.2,98.0,1.8,167.2,4,30,9,0.0,1.5
20210930,1,87.0,83.5,91.4,89.7,87.9,1102,22.5,1.6,98.0,0.0,167.2,4,30,9,1.6,1.5
20210930,2,87.0,84.8,86.5,84.1,85.6,0,22.3,1.3,98.0,0.0,167.2,4,30,9,0.0,1.5
20210930,3,87.0,88.9,85.6,87.0,87.1,956,22.0,0.8,98.0,10.7,167.2,4,30,9,0.71,1.5
20210930,4,15.0,14.7,15.2,14.7,14.9,479,20.6,2.4,98.0,7.8,167.2,4,30,9,3.94,1.5
20210930,5,21.0,21.7,21.4,21.7,21.4,0,20.1,1.9,98.0,2.0,167.2,4,30,9,0.0,1.5
20210930,6,16.7,16.0,16.1,16.9,16.4,213,19.9,2.2,98.0,0.3,167.2,4,30,9,6.59,1.5
20210930,7,50.0,51.6,52.0,49.9,50.9,449,19.7,2.2,98.0,1.1,167.2,4,30,9,2.31,1.5
20210930,8,21.9,20.8,21.3,22.6,21.6,0,19.6,0.9,98.0,0.7,167.2,4,30,9,0.0,1.5
20210930,9,138.0,129.9,132.8,133.6,133.6,2226,19.6,1.5,98.0,0.6,167.2,4,30,9,1.74,1.0
20210930,10,138.0,144.6,136.4,142.2,140.3,1119,20.3,1.8,98.0,0.0,167.2,4,30,9,1.66,1.0
20210930,11,138.0,139.3,141.8,144.1,140.8,1079,21.6,2.3,95.0,0.0,167.2,4,30,9,1.25,1.0
20210930,12,138.0,135.5,145.7,144.3,140.9,667,23.6,2.0,80.0,0.0,167.2,4,30,9,1.07,1.0
20210930,13,87.0,84.2,90.2,90.0,87.8,623,23.3,2.7,76.0,0.0,167.2,4,30,9,0.25,1.0
20210930,14,138.0,139.9,145.3,136.5,139.9,1414,24.9,2.4,71.0,0.0,167.2,4,30,9,0.8,1.0
20210930,15,138.0,138.1,132.0,146.0,138.5,1216,25.0,2.2,71.0,0.0,167.2,4,30,9,0.85,1.0
20210930,16,87.0,92.1,82.5,85.7,86.8,928,24.6,2.3,71.0,0.0,167.2,4,30,9,0.0,1.0
20210930,17,138.0,146.0,139.0,140.3,140.8,6,23.1,2.4,77.0,0.0,167.2,4,30,9,1.03,1.0
20210930,18,87.0,88.4,84.8,83.5,85.9,0,22.0,2.7,81.0,0.0,167.2,4,30,9,0.0,1.0
20210930,19,22.1,21.9,23.0,23.4,22.6,0,21.2,2.1,85.0,0.0,167.2,4,30,9,0.0,1.5
20210930,20,17.5,17.5,17.9,17.9,17.7,0,20.3,1.5,90.0,0.0,167.2,4,30,9,0.0,1.5
20210930,21,87.0,88.9,91.9,89.6,89.4,312,19.2,1.5,96.0,0.0,167.2,4,30,9,0.0,1.5
20210930,22,87.0,82.8,84.4,82.5,84.2,0,19.2,1.3,94.0,0.0,167.2,4,30,9,0.0,1.5
20210930,23,50.0,49.0,49.9,51.6,50.1,0,19.2,1.8,94.0,0.0,167.2,4,30,9,0.0,1.5
20211001,0,138.0,131.0,138.0,142.5,137.4,878,18.7,2.3,98.0,0.0,167.2,5,1,10,1.26,1.5
20211001,1,138.0,130.9,133.7,140.8,135.8,947,18.3,1.0,97.0,0.0,167.2,5,1,10,1.15,1.5
20211001,2,22.1,21.3,22.3,21.5,21.8,0,17.8,1.4,98.0,0.0,167.2,5,1,10,0.0,1.5
20211001,3,25.3,25.3,25.1,25.3,25.2,0,17.6,0.8,98.0,0.0,167.2,5,1,10,0.0,1.5
20211001,4,138.0,142.7,137.1,131.5,137.3,659,17.7,1.9,98.0,0.0,167.2,5,1,10,1.21,1.5
20211001,5,138.0,137.8,135.7,137.5,137.2,1694,17.3,1.6,98.0,0.0,167.2,5,1,10,0.99,1.5
20211001,6,16.8,16.5,15.8,16.3,16.3,0,16.9,1.7,98.0,0.0,167.2,5,1,10,0.0,1.5
20211001,7,30.5,29.0,30.6,29.9,30.0,0,17.1,1.6,98.0,0.0,167.2,5,1,10,0.0,1.5
20211001,8,24.2,24.3,23.7,23.2,23.8,0,18.6,1.8,98.0,0.0,167.2,5,1,10,0.0,1.5
20211001,9,87.0,84.6,81.8,84.2,84.4,884,20.2,3.1,87.0,0.0,167.2,5,1,10,1.82,1.0
20211001,10,138.0,139.9,134.8,131.0,135.9,2003,22.2,2.6,77.0,0.0,167.2,5,1,10,1.97,1.0
20211001,11,51.6,54.6,50.2,54.2,52.6,1042,24.2,2.9,71.0,0.0,167.2,5,1,10,0.17,1.0
20211001,12,22.5,21.5,22.2,22.6,22.2,0,25.2,1.5,61.0,0.0,167.2,5,1,10,0.0,1.0
20211001,13,138.0,133.2,131.9,136.3,134.9,701,24.9,3.2,68.0,0.0,167.2,5,1,10,1.26,1.0
20211001,14,87.0,86.7,87.1,87.4,87.0,583,25.0,2.8,68.0,0.0,167.2,5,1,10,0.19,1.0
20211001,15,87.0,91.9,89.0,88.3,89.0,621,24.8,3.1,69.0,0.0,167.2,5,1,10,0.01,1.0
20211001,16,138.0,142.5,140.2,145.0,141.4,395,24.6,1.9,68.0,0.0,167.2,5,1,10,0.43,1.0
20211001,17,21.1,22.1,21.9,20.3,21.3,0,24.3,1.2,70.0,0.0,167.2,5,1,10,0.0,1.0
20211001,18,138.0,135.2,137.2,134.6,136.2,2265,22.0,0.4,80.0,0.0,167.2,5,1,10,1.53,1.0
20211001,19,138.0,146.1,138.3,145.9,142.1,805,21.1,0.3,87.0,0.0,167.2,5,1,10,0.81,1.5
20211001,20,53.9,51.3,55.9,53.1,53.6,0,20.4,0.1,91.0,0.0,167.2,5,1,10,0.0,1.5
20211001,21,50.0,47.3,49.6,47.1,48.5,0,19.9,0.9,96.0,0.0,167.2,5,1,10,0.0,1.5
20211001,22,22.2,23.1,22.7,21.3,22.3,0,19.3,0.0,96.0,0.0,167.2,5,1,10,0.0,1.5
20211001,23,48.4,50.9,48.0,45.6,48.2,0,19.5,1.8,97.0,0.0,167.2,5,1,10,0.0,1.5
20211002,0,53.7,51.1,53.2,56.9,53.7,601,18.9,0.6,97.0,0.0,167.2,6,2,10,1.47,1.5
20211002,1,20.9,19.9,21.6,20.3,20.7,0,19.1,1.4,97.0,0.0,167.2,6,2,10,0.0,1.5
20211002,2,60.8,57.4,58.4,63.9,60.1,0,18.9,1.6,98.0,0.0,167.2,6,2,10,0.0,1.5
20211002,3,50.0,47.6,49.0,53.0,49.9,626,18.8,1.5,98.0,0.0,167.2,6,2,10,1.49,1.5
20211002,4,55.1,53.2,53.3,55.8,54.4,353,18.2,0.6,98.0,0.0,167.2,6,2,10,1.67,1.5
20211002,5,21.0,22.2,20.6,19.8,20.9,0,17.8,1.4,98.0,0.0,167.2,6,2,10,0.0,1.5
20211002,6,26.9,27.4,26.0,25.5,26.4,0,17.7,0.6,98.0,0.0,167.2,6,2,10,0.0,1.5
20211002,7,24.8,25.6,25.0,24.7,25.0,0,17.8,0.1,98.0,0.0,167.2,6,2,10,0.0,1.5
20211002,8,24.5,25.3,25.4,24.2,24.8,0,19.6,0.3,95.0,0.0,167.2,6,2,10,0.0,1.5
20211002,9,17.4,17.5,18.0,17.6,17.6,0,22.3,0.5,79.0,0.0,167.2,6,2,10,0.0,1.0
20211002,10,18.8,19.5,18.5,18.7,18.9,0,23.5,1.5,79.0,0.0,167.2,6,2,10,0.0,1.0
20211002,11,87.0,88.0,92.1,91.5,89.6,244,25.4,1.5,63.0,0.0,167.2,6,2,10,0.06,1.0
20211002,12,87.0,85.1,88.0,87.4,86.9,0,26.5,1.3,57.0,0.0,167.2,6,2,10,0.0,1.0
20211002,13,87.0,87.6,85.9,89.0,87.4,334,27.2,1.5,53.0,0.0,167.2,6,2,10,0.65,1.0
20211002,14,23.8,23.9,24.8,24.9,24.4,0,27.4,2.4,44.0,0.0,167.2,6,2,10,0.0,1.0
20211002,15,23.1,24.0,23.7,22.1,23.2,0,27.9,1.5,39.0,0.0,167.2,6,2,10,0.0,1.0
20211002,16,50.8,53.7,52.3,49.2,51.5,0,26.3,1.2,63.0,0.0,167.2,6,2,10,0.0,1.0
20211002,17,20.6,20.4,19.8,19.6,20.1,0,25.1,1.1,65.0,0.0,167.2,6,2,10,0.0,1.0
20211002,18,24.7,25.5,24.6,23.6,24.6,0,23.9,0.8,67.0,0.0,167.2,6,2,10,0.0,1.0
20211002,19,51.9,49.4,54.2,52.0,51.9,477,22.5,0.7,78.0,0.0,167.2,6,2,10,1.23,1.5
20211002,20,21.8,22.5,21.8,21.3,21.8,0,20.7,0.8,87.0,0.0,167.2,6,2,10,0.0,1.5
20211002,21,107.3,105.6,109.7,106.3,107.2,0,20.4,0.7,89.0,0.0,167.2,6,2,10,0.0,1.5
20211002,22,23.2,21.9,23.4,24.5,23.2,0,20.1,1.4,90.0,0.0,167.2,6,2,10,0.0,1.5
20211002,23,87.0,85.6,90.6,83.4,86.6,288,19.3,0.1,91.0,0.0,167.2,6,2,10,0.23,1.5
20211003,0,25.1,25.4,24.5,25.2,25.0,0,18.9,0.0,97.0,0.0,167.2,7,3,10,0.0,1.5
20211003,1,21.5,20.5,21.7,20.5,21.0,0,18.5,0.3,95.0,0.0,167.2,7,3,10,0.0,1.5
20211003,2,19.9,20.9,19.0,19.5,19.8,0,18.4,0.2,98.0,0.0,167.2,7,3,10,0.0,1.5
20211003,3,17.7,16.8,18.1,17.8,17.6,0,17.6,0.1,98.0,0.0,167.2,7,3,10,0.0,1.5
20211003,4,22.5,23.7,23.1,23.7,23.3,0,17.7,0.1,98.0,0.0,167.2,7,3,10,0.0,1.5
20211003,5,87.0,89.2,82.2,85.9,86.1,139,17.2,0.3,98.0,0.0,167.2,7,3,10,0.09,1.5
20211003,6,27.7,27.1,28.3,26.3,27.4,0,17.6,0.3,98.0,0.0,167.2,7,3,10,0.0,1.5
20211003,7,104.8,103.4,103.7,103.4,103.8,0,17.6,0.1,98.0,0.0,167.2,7,3,10,0.0,1.5
20211003,8,89.7,92.3,85.7,85.9,88.4,0,19.6,0.6,94.0,0.0,167.2,7,3,10,0.0,1.5
20211003,9,16.5,16.7,16.3,16.0,16.4,0,22.1,1.1,82.0,0.0,167.2,7,3,10,0.0,1.0
20211003,10,20.8,21.2,20.0,21.1,20.8,0,24.5,1.2,74.0,0.0,167.2,7,3,10,0.0,1.0
20211003,11,22.7,22.4,22.5,21.5,22.3,0,25.6,1.5,71.0,0.0,167.2,7,3,10,0.0,1.0
20211003,12,87.0,86.9,85.8,86.6,86.6,1202,26.8,2.3,68.0,0.0,167.2,7,3,10,1.2,1.0
20211003,13,50.0,52.9,51.4,50.7,51.2,0,27.8,1.4,61.0,0.0,167.2,7,3,10,0.0,1.0
20211003,14,17.5,16.9,18.1,17.3,17.4,1053,27.3,2.0,70.0,0.0,167.2,7,3,10,4.58,1.0
20211003,15,87.0,86.1,88.1,82.0,85.8,578,26.5,2.0,70.0,0.0,167.2,7,3,10,0.73,1.0
20211003,16,87.7,85.5,82.7,92.8,87.2,0,26.4,1.6,72.0,0.0,167.2,7,3,10,0.0,1.0
20211003,17,44.6,46.0,46.9,43.9,45.4,0,25.5,1.7,78.0,0.0,167.2,7,3,10,0.0,1.0
20211003,18,87.0,89.8,88.9,89.9,88.9,300,24.3,0.8,84.0,0.0,167.2,7,3,10,0.08,1.0
20211003,19,24.7,24.1,23.3,24.2,24.1,0,23.0,0.7,91.0,0.0,167.2,7,3,10,0.0,1.5
20211003,20,24.5,23.3,25.4,24.4,24.4,0,22.6,1.5,90.0,0.0,167.2,7,3,10,0.0,1.5
20211003,21,50.0,47.1,48.2,49.3,48.7,43,22.4,1.9,87.0,0.0,167.2,7,3,10,0.0,1.5
20211003,22,52.6,52.1,53.1,51.6,52.4,0,20.9,0.6,94.0,0.0,167.2,7,3,10,0.0,1.5
20211003,23,62.0,61.3,61.8,58.4,60.9,0,21.1,1.4,89.0,0.0,167.2,7,3,10,0.0,1.5
20211004,0,19.0,20.1,18.8,18.7,19.2,0,19.2,0.3,96.0,0.0,167.2,1,4,10,0.0,1.5
20211004,1,22.2,22.1,23.2,23.2,22.7,0,19.1,0.7,98.0,0.0,167.2,1,4,10,0.0,1.5
20211004,2,26.5,25.7,26.3,27.1,26.4,0,19.0,1.1,90.0,0.0,167.2,1,4,10,0.0,1.5
20211004,3,23.8,24.9,22.6,22.8,23.5,0,19.3,0.2,87.0,0.0,167.2,1,4,10,0.0,1.5
20211004,4,17.6,17.6,18.5,17.8,17.9,0,18.7,1.1,91.0,0.0,167.2,1,4,10,0.0,1.5
20211004,5,22.1,22.4,23.2,23.1,22.7,0,20.7,2.5,89.0,0.0,167.2,1,4,10,0.0,1.5
20211004,6,87.0,82.8,88.9,89.1,87.0,0,22.4,4.4,84.0,0.0,167.2,1,4,10,0.0,1.5
20211004,7,26.1,25.7,26.0,25.0,25.7,0,22.3,1.2,85.0,0.0,167.2,1,4,10,0.0,1.5
20211004,8,15.0,15.8,14.3,15.7,15.2,21,23.9,1.2,82.0,0.0,167.2,1,4,10,1.61,1.5
20211004,9,86.8,87.7,89.8,84.7,87.2,0,25.6,3.0,77.0,0.0,167.2,1,4,10,0.0,1.0
20211004,10,97.1,95.3,92.2,96.6,95.3,0,26.7,3.9,68.0,0.0,167.2,1,4,10,0.0,1.0
20211004,11,50.0,50.8,47.4,50.2,49.6,351,27.5,4.3,62.0,0.0,167.2,1,4,10,0.72,1.0
20211004,12,20.8,21.8,20.9,21.7,21.3,0,27.7,4.2,61.0,0.0,167.2,1,4,10,0.0,1.0
20211004,13,15.0,14.6,14.4,15.8,15.0,100,28.2,3.2,59.0,0.0,167.2,1,4,10,0.3,1.0
20211004,14,27.0,27.0,25.4,28.4,27.0,0,28.6,4.2,56.0,0.0,167.2,1,4,10,0.0,1.0
20211004,15,16.5,17.4,16.3,15.5,16.4,1048,28.3,4.1,60.0,0.0,167.2,1,4,10,3.92,1.0
20211004,16,18.6,17.9,17.8,19.5,18.4,0,28.0,3.7,61.0,0.0,167.2,1,4,10,0.0,1.0
20211004,17,50.0,51.3,48.0,47.3,49.2,1020,26.7,2.8,65.0,0.0,167.2,1,4,10,0.0,1.0
20211004,18,22.1,22.4,21.0,21.5,21.8,0,25.9,3.1,69.0,0.0,167.2,1,4,10,0.0,1.0
20211004,19,15.7,16.0,15.1,15.7,15.6,192,24.8,3.4,78.0,0.0,167.2,1,4,10,0.22,1.5
20211004,20,25.0,24.6,25.6,24.9,25.0,0,24.3,2.2,81.0,0.0,167.2,1,4,10,0.0,1.5
20211004,21,40.0,39.1,41.5,40.5,40.3,0,23.5,0.7,84.0,0.0,167.2,1,4,10,0.0,1.5
20211004,22,15.3,15.6,15.2,15.3,15.3,747,23.1,1.3,88.0,0.0,167.2,1,4,10,5.58,1.5
20211004,23,22.2,21.4,22.2,23.4,22.3,0,23.2,2.3,85.0,0.0,167.2,1,4,10,0.0,1.5
20211005,0,87.0,86.2,82.1,84.3,84.9,583,22.9,1.5,86.0,0.0,167.2,2,5,10,0.72,1.5
20211005,1,87.0,83.7,82.5,84.6,84.4,715,23.5,2.7,80.0,0.0,167.2,2,5,10,0.29,1.5
20211005,2,87.0,81.9,84.5,91.4,86.2,0,22.6,1.5,86.0,0.0,167.2,2,5,10,0.0,1.5
20211005,3,87.0,91.9,87.5,82.6,87.2,786,22.1,2.2,88.0,0.0,167.2,2,5,10,0.02,1.5
20211005,4,87.0,86.3,89.5,88.1,87.7,371,20.3,0.4,93.0,0.0,167.2,2,5,10,0.0,1.5
20211005,5,51.2,54.1,51.8,52.3,52.4,674,20.0,0.5,96.0,0.0,167.2,2,5,10,0.64,1.5
20211005,6,45.0,43.1,44.4,45.0,44.4,0,20.5,1.0,91.0,0.0,167.2,2,5,10,0.0,1.5
20211005,7,47.5,48.0,45.3,48.6,47.4,0,20.9,0.3,93.0,0.0,167.2,2,5,10,0.0,1.5
20211005,8,15.0,14.5,15.5,14.4,14.8,443,23.2,0.2,81.0,0.0,167.2,2,5,10,5.28,1.5
20211005,9,28.6,29.6,28.1,29.8,29.0,0,25.1,2.3,68.0,0.0,167.2,2,5,10,0.0,1.0
20211005,10,138.0,142.7,141.9,132.0,138.6,3160,27.0,3.8,61.0,0.0,167.2,2,5,10,1.87,1.0
20211005,11,138.0,131.6,138.2,136.4,136.0,354,27.9,3.3,58.0,0.0,167.2,2,5,10,0.85,1.0
20211005,12,138.0,144.8,142.0,131.0,139.0,1930,28.1,4.2,53.0,0.0,167.2,2,5,10,0.69,1.0
20211005,13,138.0,132.9,144.7,138.7,138.6,2478,28.8,2.9,49.0,0.0,167.2,2,5,10,1.47,1.0
20211005,14,138.0,139.9,145.0,140.8,140.9,1908,29.4,2.3,46.0,0.0,167.2,2,5,10,0.86,1.0
20211005,15,138.0,146.0,138.6,145.3,142.0,2677,29.9,1.4,46.0,0.0,167.2,2,5,10,1.1,1.0
20211005,16,138.0,144.3,138.2,142.0,140.6,815,29.8,0.9,46.0,0.0,167.2,2,5,10,1.82,1.0
20211005,17,138.0,145.6,134.1,138.7,139.1,2033,28.8,1.1,51.0,0.0,167.2,2,5,10,1.7,1.0
20211005,18,15.5,15.2,16.3,16.3,15.8,323,26.0,1.2,63.0,0.0,167.2,2,5,10,3.85,1.0
20211005,19,16.6,15.8,16.5,16.6,16.4,554,23.9,1.0,82.0,0.0,167.2,2,5,10,0.07,1.5
20211005,20,87.0,83.7,83.1,87.6,85.4,0,22.7,1.7,86.0,0.0,167.2,2,5,10,0.0,1.5
20211005,21,87.0,87.0,86.3,88.0,87.1,16,21.7,2.0,91.0,0.0,167.2,2,5,10,0.52,1.5
20211005,22,20.9,21.6,20.0,20.7,20.8,0,21.1,0.7,94.0,0.0,167.2,2,5,10,0.0,1.5
20211005,23,138.0,132.2,138.0,143.6,138.0,1761,20.5,2.2,97.0,0.0,167.2,2,5,10,1.79,1.5
20211006,0,87.0,88.7,87.6,83.7,86.7,750,20.1,0.7,97.0,0.0,167.2,3,6,10,0.3,1.5
20211006,1,22.0,21.5,21.6,22.1,21.8,0,19.7,0.8,98.0,0.0,167.2,3,6,10,0.0,1.5
20211006,2,50.0,49.0,47.4,51.3,49.4,260,19.7,0.4,98.0,0.0,167.2,3,6,10,1.63,1.5
20211006,3,138.0,140.7,145.3,144.7,142.2,1341,20.1,1.4,98.0,0.0,167.2,3,6,10,1.86,1.5
20211006,4,15.0,14.9,15.5,15.7,15.3,816,19.5,1.3,98.0,0.0,167.2,3,6,10,8.37,1.5
20211006,5,138.0,143.2,143.6,138.1,140.7,1455,20.0,1.6,98.0,0.0,167.2,3,6,10,1.38,1.5
20211006,6,87.0,83.4,85.6,88.5,86.1,54,19.9,1.5,98.0,0.0,167.2,3,6,10,0.68,1.5
20211006,7,21.3,22.0,22.0,21.0,21.6,0,19.6,1.2,98.0,0.0,167.2,3,6,10,0.0,1.5
20211006,8,50.0,47.4,49.9,49.8,49.3,0,20.9,1.5,94.0,0.0,167.2,3,6,10,0.0,1.5
20211006,9,21.7,20.9,20.9,22.8,21.6,0,23.0,1.3,79.0,0.0,167.2,3,6,10,0.0,1.0
20211006,10,138.0,140.6,131.8,145.1,138.9,3599,24.3,1.3,70.0,0.0,167.2,3,6,10,2.17,1.0
20211006,11,138.0,143.9,135.4,144.5,140.4,377,24.5,2.6,70.0,0.0,167.2,3,6,10,1.33,1.0
20211006,12,138.0,133.9,132.0,132.0,134.0,1750,25.0,3.7,73.0,0.0,167.2,3,6,10,1.0,1.0
20211006,13,87.0,85.2,92.2,90.7,88.8,737,23.5,2.9,79.0,0.0,167.2,3,6,10,0.27,1.0
20211006,14,15.4,15.5,14.6,16.2,15.4,412,23.0,3.8,83.0,0.0,167.2,3,6,10,4.13,1.0
20211006,15,138.0,133.2,137.0,135.7,136.0,1635,23.3,2.7,84.0,0.0,167.2,3,6,10,0.59,1.0
20211006,16,138.0,143.2,137.2,138.3,139.2,0,22.5,1.9,88.0,0.0,167.2,3,6,10,0.0,1.0
20211006,17,138.0,142.5,134.7,142.6,139.4,751,21.7,2.1,95.0,0.0,167.2,3,6,10,1.07,1.0
20211006,18,50.0,47.9,50.4,50.4,49.7,455,20.9,2.2,98.0,0.0,167.2,3,6,10,1.52,1.0
20211006,19,69.4,69.1,66.5,73.5,69.6,1664,20.9,1.5,98.0,0.0,167.2,3,6,10,0.0,1.5
20211006,20,138.0,142.6,142.7,137.3,140.2,632,20.8,2.0,98.0,0.0,167.2,3,6,10,1.9,1.5
20211006,21,87.0,85.3,85.3,89.2,86.7,588,20.7,1.6,97.0,0.0,167.2,3,6,10,0.95,1.5
20211006,22,57.0,57.9,57.6,59.0,57.9,0,20.0,2.2,98.0,0.0,167.2,3,6,10,0.0,1.5
20211006,23,21.8,20.6,22.4,21.8,21.7,0,19.8,1.0,98.0,0.0,167.2,3,6,10,0.0,1.5
20211007,0,18.2,18.4,19.0,19.0,18.6,0,19.1,0.6,98.0,0.0,167.2,4,7,10,0.0,1.5
20211007,1,50.0,47.9,52.0,50.3,50.0,561,19.2,0.8,98.0,0.0,167.2,4,7,10,0.55,1.5
20211007,2,138.0,143.5,139.8,136.5,139.4,2154,19.0,0.4,98.0,0.0,167.2,4,7,10,1.57,1.5
20211007,3,15.0,14.7,14.8,14.3,14.7,0,18.6,1.2,98.0,0.0,167.2,4,7,10,0.0,1.5
20211007,4,15.9,15.5,15.9,15.7,15.8,906,18.3,1.5,98.0,0.0,167.2,4,7,10,3.85,1.5
20211007,5,87.0,90.6,89.8,89.4,89.2,624,18.1,1.1,98.0,0.0,167.2,4,7,10,1.0,1.5
20211007,6,138.0,130.6,144.3,145.0,139.5,565,18.3,1.3,98.0,0.0,167.2,4,7,10,1.62,1.5
20211007,7,16.4,16.2,15.6,15.9,16.0,385,18.4,1.3,98.0,0.0,167.2,4,7,10,0.0,1.5
20211007,8,50.1,49.3,49.4,49.2,49.5,800,20.7,0.8,98.0,0.0,167.2,4,7,10,1.28,1.5
20211007,9,138.0,134.4,142.6,132.3,136.8,456,22.7,0.6,82.0,0.0,167.2,4,7,10,1.01,1.0
20211007,10,138.0,144.8,136.9,141.2,140.2,857,23.7,2.0,69.0,0.0,167.2,4,7,10,1.2,1.0
20211007,11,138.0,142.2,135.2,145.6,140.2,1226,25.4,2.3,59.0,0.0,167.2,4,7,10,0.83,1.0
20211007,12,51.0,48.3,50.5,51.9,50.4,247,26.3,2.7,52.0,0.0,167.2,4,7,10,1.88,1.0
20211007,13,138.0,141.6,139.7,139.9,139.8,1713,26.2,2.2,67.0,0.0,167.2,4,7,10,1.77,1.0
20211007,14,138.0,138.5,146.3,138.9,140.4,966,26.4,2.3,65.0,0.0,167.2,4,7,10,0.8,1.0
20211007,15,87.0,91.2,86.9,82.7,87.0,1597,26.2,2.7,63.0,0.0,167.2,4,7,10,0.0,1.0
20211007,16,138.0,134.9,133.2,141.8,137.0,0,26.3,1.7,62.0,0.0,167.2,4,7,10,0.0,1.0
20211007,17,138.0,139.2,132.4,139.7,137.3,1681,25.9,1.5,63.0,0.0,167.2,4,7,10,1.05,1.0
20211007,18,138.0,138.0,130.4,140.7,136.8,1790,24.0,0.4,73.0,0.0,167.2,4,7,10,1.48,1.0
20211007,19,87.0,86.9,87.6,91.2,88.2,354,22.9,0.3,81.0,0.0,167.2,4,7,10,0.55,1.5
20211007,20,87.0,86.5,87.5,90.0,87.8,804,22.2,0.2,85.0,0.0,167.2,4,7,10,1.02,1.5
20211007,21,138.0,133.1,133.1,142.7,136.7,888,21.4,0.2,87.0,0.0,167.2,4,7,10,1.56,1.5
20211007,22,87.0,89.7,89.0,91.5,89.3,477,21.2,1.1,88.0,0.0,167.2,4,7,10,0.87,1.5
20211007,23,50.0,49.7,51.4,52.9,51.0,0,21.4,0.9,87.0,0.0,167.2,4,7,10,0.0,1.5
20211008,0,87.0,91.8,84.5,87.8,87.8,0,21.4,1.0,91.0,0.0,167.2,5,8,10,0.0,1.5
20211008,1,87.0,84.5,85.4,82.9,84.9,772,21.3,1.8,95.0,0.0,167.2,5,8,10,0.61,1.5
20211008,2,50.0,51.1,52.9,49.8,51.0,279,21.3,0.5,96.0,0.0,167.2,5,8,10,0.0,1.5
20211008,3,25.3,26.6,24.9,26.2,25.8,0,20.9,1.1,97.0,0.0,167.2,5,8,10,0.0,1.5
20211008,4,23.5,24.0,24.2,22.2,23.5,0,20.8,0.9,97.0,0.0,167.2,5,8,10,0.0,1.5
20211008,5,26.9,28.1,26.7,25.5,26.8,0,21.0,1.8,94.0,0.0,167.2,5,8,10,0.0,1.5
20211008,6,138.0,143.4,142.9,130.8,138.8,0,20.7,2.1,95.0,0.0,167.2,5,8,10,0.0,1.5
20211008,7,87.0,85.5,89.8,89.4,87.9,328,20.6,1.7,95.0,0.0,167.2,5,8,10,0.36,1.5
20211008,8,87.0,88.0,88.8,87.0,87.7,0,21.5,2.2,92.0,0.0,167.2,5,8,10,0.0,1.5
20211008,9,138.0,132.3,143.9,135.8,137.5,2136,22.0,2.4,88.0,0.0,167.2,5,8,10,1.83,1.0
20211008,10,138.0,138.6,145.3,131.5,138.4,2707,21.1,2.4,96.0,0.0,167.2,5,8,10,1.33,1.0
20211008,11,138.0,133.5,139.3,141.8,138.2,1681,20.8,0.4,96.0,0.2,167.2,5,8,10,1.5,1.0
20211008,12,138.0,142.0,133.7,135.0,137.2,2306,21.0,1.5,98.0,0.5,167.2,5,8,10,1.16,1.0
20211008,13,138.0,138.5,136.3,134.1,136.7,920,21.1,1.6,98.0,0.0,167.2,5,8,10,0.65,1.0
20211008,14,138.0,136.5,142.3,140.5,139.3,1237,21.0,1.6,98.0,0.2,167.2,5,8,10,1.14,1.0
20211008,15,138.0,134.2,140.5,139.0,137.9,1341,20.8,1.6,98.0,0.6,167.2,5,8,10,1.37,1.0
20211008,16,15.8,16.7,15.2,15.5,15.8,0,20.4,1.3,98.0,1.6,167.2,5,8,10,0.0,1.0
20211008,17,138.0,130.9,130.6,140.3,135.0,1046,20.4,0.9,98.0,0.8,167.2,5,8,10,0.85,1.0
20211008,18,138.0,130.4,141.0,134.2,135.9,1432,20.5,1.5,98.0,0.3,167.2,5,8,10,1.1,1.0
20211008,19,138.0,133.3,133.9,142.9,137.0,0,20.6,1.8,98.0,0.1,167.2,5,8,10,0.0,1.5
20211008,20,30.5,32.2,30.5,29.5,30.7,0,20.5,1.9,98.0,0.0,167.2,5,8,10,0.0,1.5
20211008,21,87.0,92.0,89.6,83.4,88.0,456,20.2,1.2,98.0,1.2,167.2,5,8,10,0.04,1.5
20211008,22,60.8,61.9,61.3,62.9,61.7,896,20.4,1.6,98.0,0.3,167.2,5,8,10,1.64,1.5
20211008,23,16.4,17.1,15.6,16.8,16.5,252,20.3,2.0,98.0,0.9,167.2,5,8,10,2.54,1.5
20211009,0,20.5,19.8,19.7,19.7,19.9,0,20.6,1.9,98.0,0.2,167.2,6,9,10,0.0,1.5
20211009,1,50.0,52.8,48.3,47.7,49.7,0,20.8,2.0,98.0,0.9,167.2,6,9,10,0.0,1.5
20211009,2,44.1,42.2,42.8,45.9,43.8,0,20.9,1.2,98.0,0.0,167.2,6,9,10,0.0,1.5
20211009,3,95.2,90.6,95.9,98.4,95.0,0,20.6,1.3,98.0,0.0,167.2,6,9,10,0.0,1.5
20211009,4,22.6,21.5,22.6,22.1,22.2,0,20.7,1.6,98.0,0.0,167.2,6,9,10,0.0,1.5
20211009,5,17.2,17.4,16.6,17.5,17.2,1005,20.4,2.0,98.0,0.0,167.2,6,9,10,7.93,1.5
20211009,6,27.2,28.1,25.8,26.0,26.8,0,20.6,1.6,98.0,0.0,167.2,6,9,10,0.0,1.5
20211009,7,23.2,22.8,22.3,23.2,22.9,0,20.7,1.7,98.0,0.0,167.2,6,9,10,0.0,1.5
20211009,8,23.8,25.2,25.2,22.4,24.2,0,21.8,0.8,98.0,0.0,167.2,6,9,10,0.0,1.5
20211009,9,20.9,20.7,20.8,20.6,20.8,0,22.5,1.7,96.0,0.0,167.2,6,9,10,0.0,1.0
20211009,10,21.6,20.7,22.6,20.5,21.4,0,23.9,1.2,91.0,0.0,167.2,6,9,10,0.0,1.0
20211009,11,23.6,23.5,24.6,23.5,23.8,0,24.8,3.1,86.0,0.0,167.2,6,9,10,0.0,1.0
20211009,12,109.7,112.1,109.9,108.7,110.1,0,24.3,2.0,91.0,0.2,167.2,6,9,10,0.0,1.0
20211009,13,23.9,24.9,24.5,23.7,24.2,0,24.4,2.9,88.0,0.0,167.2,6,9,10,0.0,1.0
20211009,14,44.6,44.4,43.0,42.2,43.6,0,24.8,3.1,86.0,0.0,167.2,6,9,10,0.0,1.0
20211009,15,25.2,25.5,25.8,24.8,25.3,0,26.0,2.5,81.0,0.0,167.2,6,9,10,0.0,1.0
20211009,16,57.0,55.4,55.4,58.8,56.6,0,24.4,3.4,84.0,0.0,167.2,6,9,10,0.0,1.0
20211009,17,20.9,21.3,21.7,20.6,21.1,0,24.1,2.3,87.0,0.0,167.2,6,9,10,0.0,1.0
20211009,18,50.0,52.9,47.5,51.3,50.4,106,23.3,1.1,92.0,0.0,167.2,6,9,10,1.71,1.0
20211009,19,20.0,18.9,20.7,19.7,19.8,0,22.7,0.7,94.0,0.0,167.2,6,9,10,0.0,1.5
20211009,20,64.2,67.2,61.1,63.6,64.0,0,22.9,1.5,95.0,0.0,167.2,6,9,10,0.0,1.5
20211009,21,21.1,21.3,22.1,21.3,21.4,0,22.6,1.1,97.0,0.0,167.2,6,9,10,0.0,1.5
20211009,22,21.5,20.9,21.0,22.7,21.5,0,21.7,0.2,98.0,0.0,167.2,6,9,10,0.0,1.5
20211009,23,22.5,23.7,22.9,21.4,22.6,0,21.6,1.1,98.0,0.0,167.2,6,9,10,0.0,1.5
20211010,0,113.1,112.9,112.9,106.8,111.4,0,21.3,1.2,98.0,0.0,167.2,7,10,10,0.0,1.5
20211010,1,17.2,16.9,16.9,17.4,17.1,0,20.9,0.5,98.0,0.0,167.2,7,10,10,0.0,1.5
20211010,2,105.8,101.8,107.6,111.5,106.7,0,20.2,1.1,98.0,0.0,167.2,7,10,10,0.0,1.5
20211010,3,15.8,15.3,16.6,16.7,16.1,0,19.7,0.6,98.0,0.0,167.2,7,10,10,0.0,1.5
20211010,4,22.8,23.7,21.5,22.8,22.7,0,19.2,1.2,98.0,0.0,167.2,7,10,10,0.0,1.5
20211010,5,21.8,22.1,22.9,21.7,22.1,0,19.1,0.7,98.0,0.0,167.2,7,10,10,0.0,1.5
20211010,6,16.6,17.4,16.8,16.9,16.9,0,18.7,0.6,98.0,0.0,167.2,7,10,10,0.0,1.5
20211010,7,24.2,23.4,25.1,24.4,24.3,0,18.9,1.1,98.0,0.0,167.2,7,10,10,0.0,1.5
20211010,8,23.7,22.6,23.4,24.1,23.4,0,20.8,0.4,98.0,0.0,167.2,7,10,10,0.0,1.5
20211010,9,69.3,65.2,69.1,72.4,69.0,0,22.4,1.1,98.0,0.0,167.2,7,10,10,0.0,1.0
20211010,10,21.1,21.1,22.0,21.7,21.5,0,25.5,1.4,84.0,0.0,167.2,7,10,10,0.0,1.0
20211010,11,87.0,92.2,86.1,87.0,88.1,82,26.8,1.2,72.0,0.0,167.2,7,10,10,0.39,1.0
20211010,12,20.5,21.0,20.6,20.4,20.6,0,29.0,2.8,61.0,0.0,167.2,7,10,10,0.0,1.0
20211010,13,21.8,21.3,20.5,22.2,21.4,0,28.4,4.4,58.0,0.0,167.2,7,10,10,0.0,1.0
20211010,14,52.5,54.9,50.3,52.2,52.5,300,29.4,3.9,56.0,0.0,167.2,7,10,10,0.14,1.0
20211010,15,50.0,51.7,50.9,49.7,50.6,120,29.1,2.8,57.0,0.0,167.2,7,10,10,0.0,1.0
20211010,16,58.7,55.3,60.2,55.3,57.4,0,28.8,3.8,59.0,0.0,167.2,7,10,10,0.0,1.0
20211010,17,21.9,22.7,22.1,21.0,21.9,0,28.0,3.2,63.0,0.0,167.2,7,10,10,0.0,1.0
20211010,18,87.0,84.9,83.3,86.9,85.5,932,26.9,3.4,69.0,0.0,167.2,7,10,10,0.0,1.0
20211010,19,87.0,83.3,86.4,90.4,86.8,671,25.7,3.8,74.0,0.0,167.2,7,10,10,0.0,1.5
20211010,20,18.4,17.8,18.1,17.9,18.0,0,25.1,2.4,78.0,0.0,167.2,7,10,10,0.0,1.5
20211010,21,77.0,76.7,77.0,77.2,77.0,0,25.0,3.5,82.0,0.0,167.2,7,10,10,0.0,1.5
20211010,22,22.7,22.5,23.7,22.3,22.8,0,25.2,2.4,79.0,0.0,167.2,7,10,10,0.0,1.5
20211010,23,20.4,19.9,21.1,19.4,20.2,0,24.9,2.0,81.0,0.0,167.2,7,10,10,0.0,1.5
20211011,0,87.0,83.6,82.7,91.8,86.3,254,25.1,2.4,80.0,0.0,167.2,1,11,10,1.04,1.5
20211011,1,108.0,111.4,113.1,112.6,111.3,0,24.9,2.0,81.0,0.0,167.2,1,11,10,0.0,1.5
20211011,2,87.0,92.1,86.7,82.6,87.1,645,24.9,3.3,82.0,0.0,167.2,1,11,10,0.51,1.5
20211011,3,138.0,142.6,142.0,141.6,141.0,362,25.0,3.4,79.0,0.0,167.2,1,11,10,1.3,1.5
20211011,4,21.7,21.2,20.8,21.3,21.2,0,24.2,1.4,82.0,0.0,167.2,1,11,10,0.0,1.5
20211011,5,26.7,25.9,27.2,28.3,27.0,0,23.8,2.5,86.0,0.0,167.2,1,11,10,0.0,1.5
20211011,6,87.0,84.1,84.2,84.9,85.1,576,21.4,2.6,88.0,0.0,167.2,1,11,10,0.0,1.5
20211011,7,50.0,47.8,49.6,48.4,49.0,1006,19.5,3.4,98.0,1.1,167.2,1,11,10,0.19,1.5
20211011,8,87.0,87.5,82.0,87.7,86.0,738,19.0,2.1,98.0,2.3,167.2,1,11,10,0.85,1.5
20211011,9,138.0,139.7,132.2,143.5,138.4,2446,18.8,1.7,98.0,1.2,167.2,1,11,10,1.47,1.0
20211011,10,138.0,141.4,131.2,132.9,135.9,744,18.2,2.3,98.0,0.8,167.2,1,11,10,1.07,1.0
20211011,11,138.0,141.0,133.7,141.5,138.6,1912,18.2,2.1,96.0,0.0,167.2,1,11,10,1.56,1.0
20211011,12,138.0,134.6,131.4,130.7,133.7,1030,17.7,2.4,98.0,0.7,167.2,1,11,10,2.0,1.0
20211011,13,138.0,135.2,141.2,144.9,139.8,1736,17.8,1.9,97.0,0.7,167.2,1,11,10,1.14,1.0
20211011,14,138.0,141.0,130.2,131.1,135.1,1622,17.6,2.1,98.0,0.4,167.2,1,11,10,1.28,1.0
20211011,15,138.0,135.5,139.9,144.9,139.6,2192,17.2,2.5,98.0,0.5,167.2,1,11,10,1.4,1.0
20211011,16,138.0,133.2,132.1,137.8,135.3,2094,16.8,2.8,98.0,0.6,167.2,1,11,10,2.49,1.0
20211011,17,138.0,135.9,145.4,137.1,139.1,1687,16.5,2.7,98.0,0.4,167.2,1,11,10,0.19,1.0
20211011,18,138.0,134.2,145.2,145.8,140.8,1226,16.2,3.4,98.0,3.4,167.2,1,11,10,1.54,1.0
20211011,19,16.0,15.2,15.5,16.9,15.9,0,16.6,2.6,98.0,5.5,167.2,1,11,10,0.0,1.5
20211011,20,22.5,23.4,22.8,22.9,22.9,0,17.2,2.1,98.0,2.4,167.2,1,11,10,0.0,1.5
20211011,21,50.0,52.1,47.2,47.8,49.3,15,18.1,1.9,98.0,2.3,167.2,1,11,10,0.64,1.5
20211011,22,87.0,84.1,91.5,87.1,87.4,0,18.0,1.5,98.0,1.3,167.2,1,11,10,0.0,1.5
20211011,23,87.0,82.5,87.2,87.3,86.0,172,17.8,1.2,98.0,1.4,167.2,1,11,10,0.68,1.5
20211012,0,138.0,142.0,130.4,138.2,137.1,843,17.8,2.6,98.0,0.7,167.2,2,12,10,0.83,1.5
20211012,1,87.0,84.0,85.4,87.7,86.0,0,17.3,2.1,98.0,0.5,167.2,2,12,10,0.0,1.5
20211012,2,20.4,20.1,19.4,19.2,19.8,0,17.0,2.6,98.0,2.0,167.2,2,12,10,0.0,1.5
20211012,3,87.0,82.4,85.9,89.2,86.1,602,16.6,2.5,98.0,0.2,167.2,2,12,10,0.44,1.5
20211012,4,87.0,84.1,88.8,89.2,87.3,31,16.6,2.2,98.0,0.3,167.2,2,12,10,0.74,1.5
20211012,5,138.0,142.9,137.5,131.6,137.5,132,16.8,3.4,98.0,0.8,167.2,2,12,10,2.64,1.5
20211012,6,87.0,90.2,85.8,87.7,87.7,437,16.4,2.8,98.0,0.5,167.2,2,12,10,0.8,1.5
20211012,7,23.0,22.2,21.9,23.2,22.6,0,16.3,2.7,98.0,1.3,167.2,2,12,10,0.0,1.5
20211012,8,24.3,23.8,23.6,24.8,24.1,0,16.1,3.0,98.0,0.3,167.2,2,12,10,0.0,1.5
20211012,9,138.0,131.9,131.4,131.1,133.1,508,16.4,3.6,97.0,0.4,167.2,2,12,10,0.69,1.0
20211012,10,138.0,130.9,143.1,140.1,138.0,1837,16.3,2.6,98.0,0.9,167.2,2,12,10,1.05,1.0
20211012,11,138.0,146.2,132.0,134.4,137.6,1736,16.6,2.4,98.0,0.4,167.2,2,12,10,1.03,1.0
20211012,12,138.0,140.6,139.6,138.1,139.1,2025,17.3,2.9,94.0,0.0,167.2,2,12,10,0.38,1.0
20211012,13,15.0,15.1,14.7,15.5,15.1,0,17.3,3.6,93.0,0.0,167.2,2,12,10,0.0,1.0
20211012,14,138.0,142.4,133.5,141.4,138.8,1858,17.4,3.1,88.0,0.0,167.2,2,12,10,1.1,1.0
20211012,15,138.0,143.6,140.3,131.7,138.4,1825,17.5,2.4,80.0,0.0,167.2,2,12,10,1.63,1.0
20211012,16,138.0,143.1,137.3,139.5,139.5,985,17.6,2.8,82.0,0.0,167.2,2,12,10,0.53,1.0
20211012,17,138.0,130.0,136.3,145.8,137.5,0,17.5,2.4,85.0,0.0,167.2,2,12,10,0.0,1.0
20211012,18,138.0,132.8,139.5,132.3,135.6,216,17.7,3.0,83.0,0.0,167.2,2,12,10,1.62,1.0
20211012,19,21.3,21.7,21.3,22.2,21.6,0,17.3,2.5,86.0,0.0,167.2,2,12,10,0.0,1.5
20211012,20,24.4,24.0,23.8,25.0,24.3,0,17.1,2.4,85.0,0.0,167.2,2,12,10,0.0,1.5
20211012,21,47.7,50.5,48.0,49.3,48.9,0,17.1,2.3,87.0,0.0,167.2,2,12,10,0.0,1.5
20211012,22,24.3,24.8,24.8,23.7,24.4,0,17.3,2.9,85.0,0.0,167.2,2,12,10,0.0,1.5
20211012,23,52.6,55.5,49.6,51.3,52.2,421,16.7,2.3,88.0,0.0,167.2,2,12,10,1.12,1.5
20211013,0,79.4,76.6,79.1,83.3,79.6,0,16.4,2.5,92.0,0.0,167.2,3,13,10,0.0,1.5
20211013,1,87.0,90.8,82.4,85.5,86.4,684,16.1,2.6,97.0,0.3,167.2,3,13,10,0.14,1.5
20211013,2,23.1,22.6,22.2,21.9,22.5,0,16.4,2.4,96.0,0.0,167.2,3,13,10,0.0,1.5
20211013,3,15.0,15.9,15.1,15.2,15.3,380,16.5,2.3,91.0,0.0,167.2,3,13,10,3.06,1.5
20211013,4,21.2,20.3,22.1,20.2,21.0,0,16.5,1.8,91.0,0.0,167.2,3,13,10,0.0,1.5
20211013,5,22.0,22.0,23.0,22.8,22.4,0,17.0,2.5,87.0,0.0,167.2,3,13,10,0.0,1.5
20211013,6,15.5,16.0,14.7,15.8,15.5,362,17.1,1.5,83.0,0.0,167.2,3,13,10,7.86,1.5
20211013,7,56.2,55.7,55.7,58.7,56.6,695,17.3,1.2,82.0,0.0,167.2,3,13,10,1.35,1.5
20211013,8,138.0,137.5,139.4,142.7,139.4,1036,17.4,2.8,88.0,0.0,167.2,3,13,10,1.18,1.5
20211013,9,138.0,146.1,132.2,131.6,137.0,238,17.8,2.8,98.0,0.1,167.2,3,13,10,0.97,1.0
20211013,10,138.0,136.8,142.4,136.0,138.3,1848,18.0,2.7,98.0,0.1,167.2,3,13,10,1.3,1.0
20211013,11,87.0,88.1,89.5,89.9,88.6,295,18.8,2.8,90.0,0.0,167.2,3,13,10,0.22,1.0
20211013,12,44.9,42.5,47.1,44.5,44.8,0,19.6,2.3,81.0,0.0,167.2,3,13,10,0.0,1.0
20211013,13,138.0,143.7,129.9,145.8,139.4,1288,19.9,2.9,78.0,0.0,167.2,3,13,10,0.15,1.0
20211013,14,138.0,140.5,133.3,141.9,138.4,2462,20.5,2.8,73.0,0.0,167.2,3,13,10,2.36,1.0
20211013,15,138.0,136.4,143.4,130.0,137.0,406,20.8,2.6,70.0,0.0,167.2,3,13,10,1.19,1.0
20211013,16,87.0,81.9,88.8,91.0,87.2,1173,20.6,1.7,72.0,0.0,167.2,3,13,10,0.66,1.0
20211013,17,138.0,139.5,144.5,131.4,138.4,2206,20.3,2.0,74.0,0.0,167.2,3,13,10,1.28,1.0
20211013,18,138.0,129.9,130.7,132.0,132.6,2156,19.8,1.4,77.0,0.0,167.2,3,13,10,0.93,1.0
20211013,19,87.0,81.8,88.0,89.4,86.6,863,19.4,1.9,80.0,0.0,167.2,3,13,10,0.39,1.5
20211013,20,87.0,88.2,87.7,90.8,88.4,364,19.0,1.3,84.0,0.0,167.2,3,13,10,0.0,1.5
20211013,21,20.5,19.7,19.4,20.6,20.0,0,18.4,1.2,86.0,0.0,167.2,3,13,10,0.0,1.5
20211013,22,21.4,20.6,21.4,20.9,21.1,0,18.1,1.1,88.0,0.0,167.2,3,13,10,0.0,1.5
20211013,23,87.0,88.6,88.1,85.4,87.3,1116,17.2,0.4,94.0,0.0,167.2,3,13,10,1.48,1.5
20211014,0,18.1,17.1,17.4,17.8,17.6,0,17.3,0.5,93.0,0.0,167.2,4,14,10,0.0,1.5
20211014,1,87.0,85.1,84.6,85.2,85.5,1101,17.2,0.9,95.0,0.0,167.2,4,14,10,0.0,1.5
20211014,2,23.6,22.6,24.0,22.9,23.3,0,16.9,0.0,96.0,0.0,167.2,4,14,10,0.0,1.5
20211014,3,87.0,87.8,86.7,88.1,87.4,0,16.3,1.0,98.0,0.0,167.2,4,14,10,0.0,1.5
20211014,4,87.0,88.7,90.7,91.2,89.4,0,16.1,1.8,98.0,0.0,167.2,4,14,10,0.0,1.5
20211014,5,18.2,18.7,17.9,17.8,18.2,0,15.8,1.3,98.0,0.0,167.2,4,14,10,0.0,1.5
20211014,6,17.3,16.8,16.8,16.6,16.9,0,15.5,1.5,98.0,0.0,167.2,4,14,10,0.0,1.5
20211014,7,19.4,18.4,20.5,20.2,19.6,0,16.0,0.6,98.0,0.0,167.2,4,14,10,0.0,1.5
20211014,8,23.0,21.8,24.1,23.7,23.2,0,17.4,1.6,93.0,0.0,167.2,4,14,10,0.0,1.5
20211014,9,15.0,14.9,14.2,15.8,15.0,1009,21.3,0.5,78.0,0.0,167.2,4,14,10,1.07,1.0
20211014,10,138.0,145.4,142.5,132.5,139.6,945,22.0,1.0,70.0,0.0,167.2,4,14,10,0.95,1.0
20211014,11,87.0,84.1,82.9,83.3,84.3,1522,22.7,1.4,62.0,0.0,167.2,4,14,10,1.07,1.0
20211014,12,138.0,134.0,130.2,138.7,135.2,596,23.6,1.2,62.0,0.0,167.2,4,14,10,1.14,1.0
20211014,13,87.0,82.8,84.6,88.2,85.6,1526,24.3,1.5,57.0,0.0,167.2,4,14,10,0.0,1.0
20211014,14,87.0,88.1,84.6,86.8,86.6,996,23.7,1.6,63.0,0.0,167.2,4,14,10,1.03,1.0
20211014,15,138.0,141.0,143.3,139.6,140.5,833,24.4,1.9,65.0,0.0,167.2,4,14,10,1.52,1.0
20211014,16,138.0,140.4,141.5,132.7,138.1,2311,23.3,2.1,68.0,0.0,167.2,4,14,10,1.59,1.0
20211014,17,138.0,144.0,146.0,137.7,141.4,1811,22.8,1.5,71.0,0.0,167.2,4,14,10,1.62,1.0
20211014,18,138.0,137.8,141.5,140.6,139.5,2878,21.5,1.5,77.0,0.0,167.2,4,14,10,2.58,1.0
20211014,19,50.0,47.8,49.5,49.6,49.2,151,20.7,0.8,84.0,0.0,167.2,4,14,10,2.14,1.5
20211014,20,138.0,134.5,141.3,141.0,138.7,1053,19.9,1.2,87.0,0.0,167.2,4,14,10,0.83,1.5
20211014,21,15.7,16.0,16.6,15.6,16.0,1639,19.5,2.2,89.0,0.0,167.2,4,14,10,8.88,1.5
20211014,22,23.9,24.2,24.5,23.4,24.0,0,18.1,0.2,97.0,0.0,167.2,4,14,10,0.0,1.5
20211014,23,138.0,138.5,142.3,134.7,138.4,1100,18.0,0.4,94.0,0.0,167.2,4,14,10,1.38,1.5
20211015,0,50.0,51.1,52.6,49.5,50.8,579,17.8,0.5,97.0,0.0,167.2,5,15,10,1.17,1.5
20211015,1,16.7,17.0,15.9,15.7,16.3,0,17.8,2.0,94.0,0.0,167.2,5,15,10,0.0,1.5
20211015,2,33.8,35.3,34.6,34.5,34.6,0,18.1,2.0,84.0,0.0,167.2,5,15,10,0.0,1.5
20211015,3,138.0,139.4,143.8,143.7,141.2,1192,18.3,1.7,84.0,0.0,167.2,5,15,10,0.34,1.5
20211015,4,87.0,89.9,91.7,85.5,88.5,208,18.1,2.7,83.0,0.0,167.2,5,15,10,0.36,1.5
20211015,5,55.2,53.5,53.3,52.2,53.6,484,17.5,1.7,86.0,0.0,167.2,5,15,10,0.31,1.5
20211015,6,21.7,22.2,21.7,23.0,22.2,0,17.5,1.6,85.0,0.0,167.2,5,15,10,0.0,1.5
20211015,7,138.0,144.7,141.0,134.1,139.4,1082,17.4,2.0,87.0,0.0,167.2,5,15,10,1.6,1.5
20211015,8,20.9,20.6,20.3,20.0,20.4,0,18.9,1.5,80.0,0.0,167.2,5,15,10,0.0,1.5
20211015,9,138.0,142.6,139.7,135.8,139.0,2704,20.5,2.4,71.0,0.0,167.2,5,15,10,1.9,1.0
20211015,10,138.0,141.7,134.0,142.0,138.9,1040,21.9,2.3,65.0,0.0,167.2,5,15,10,0.14,1.0
20211015,11,87.0,82.4,85.3,84.8,84.9,390,23.7,1.3,62.0,0.0,167.2,5,15,10,0.44,1.0
20211015,12,87.0,87.9,86.4,87.8,87.3,540,23.9,1.6,63.0,0.0,167.2,5,15,10,0.94,1.0
20211015,13,138.0,131.9,138.5,136.6,136.2,542,22.7,2.4,71.0,0.0,167.2,5,15,10,1.03,1.0
20211015,14,138.0,145.7,137.2,131.7,138.1,1861,22.4,1.8,79.0,0.0,167.2,5,15,10,1.63,1.0
20211015,15,20.8,21.6,20.8,20.4,20.9,0,21.0,2.7,83.0,0.0,167.2,5,15,10,0.0,1.0
20211015,16,138.0,131.5,134.7,141.7,136.5,2060,20.5,2.4,83.0,0.0,167.2,5,15,10,1.47,1.0
20211015,17,87.0,83.1,83.4,88.2,85.4,572,20.0,1.2,85.0,0.0,167.2,5,15,10,0.61,1.0
20211015,18,138.0,139.6,130.5,131.7,135.0,1364,18.6,2.0,97.0,0.0,167.2,5,15,10,1.08,1.0
20211015,19,23.1,22.7,22.3,22.2,22.6,0,18.2,2.3,98.0,0.0,167.2,5,15,10,0.0,1.5
20211015,20,87.0,82.1,87.9,88.5,86.4,100,18.4,1.9,96.0,0.0,167.2,5,15,10,0.0,1.5
20211015,21,25.6,25.7,26.5,26.6,26.1,0,18.1,2.9,94.0,0.0,167.2,5,15,10,0.0,1.5
20211015,22,138.0,136.1,132.5,135.5,135.5,701,18.1,2.4,93.0,0.0,167.2,5,15,10,0.58,1.5
20211015,23,87.0,82.8,82.9,88.0,85.2,266,18.1,1.9,92.0,0.0,167.2,5,15,10,0.75,1.5
20211016,0,62.4,64.7,64.3,59.9,62.8,0,18.1,2.2,94.0,0.0,167.2,6,16,10,0.0,1.5
20211016,1,50.0,52.5,48.8,48.9,50.1,0,17.9,3.3,94.0,0.0,167.2,6,16,10,0.0,1.5
20211016,2,22.0,22.7,23.2,20.7,22.2,0,17.1,3.2,98.0,1.3,167.2,6,16,10,0.0,1.5
20211016,3,80.8,83.9,82.9,83.4,82.8,0,16.6,3.6,97.0,0.7,167.2,6,16,10,0.0,1.5
20211016,4,52.5,50.7,51.4,51.9,51.6,168,16.3,3.3,98.0,0.5,167.2,6,16,10,0.77,1.5
20211016,5,25.9,25.2,25.2,26.9,25.8,0,16.0,3.6,98.0,0.4,167.2,6,16,10,0.0,1.5
20211016,6,17.5,16.9,17.5,17.9,17.4,0,16.0,3.1,98.0,0.4,167.2,6,16,10,0.0,1.5
20211016,7,51.6,53.2,49.0,53.6,51.8,257,15.9,1.8,98.0,0.5,167.2,6,16,10,0.69,1.5
20211016,8,26.0,27.4,24.8,25.3,25.9,0,16.0,3.1,98.0,0.4,167.2,6,16,10,0.0,1.5
20211016,9,19.0,19.5,18.3,18.3,18.8,0,15.6,2.4,98.0,0.8,167.2,6,16,10,0.0,1.0
20211016,10,20.5,21.4,21.2,21.7,21.2,0,14.7,1.8,98.0,0.8,167.2,6,16,10,0.0,1.0
20211016,11,87.0,88.4,87.1,89.3,88.0,296,14.6,2.3,96.0,0.4,167.2,6,16,10,0.25,1.0
20211016,12,23.3,23.0,21.9,24.2,23.1,0,14.2,1.3,96.0,0.2,167.2,6,16,10,0.0,1.0
20211016,13,31.3,31.0,32.0,29.5,31.0,0,14.5,1.3,93.0,0.1,167.2,6,16,10,0.0,1.0
20211016,14,56.8,53.9,56.3,55.8,55.7,353,15.0,1.8,88.0,0.0,167.2,6,16,10,0.6,1.0
20211016,15,88.7,83.7,88.8,91.3,88.1,919,15.2,1.5,80.0,0.0,167.2,6,16,10,0.93,1.0
20211016,16,31.5,32.2,30.4,29.9,31.0,0,15.6,1.9,75.0,0.0,167.2,6,16,10,0.0,1.0
20211016,17,23.3,23.1,23.4,23.5,23.3,0,15.2,2.7,61.0,0.0,167.2,6,16,10,0.0,1.0
20211016,18,74.5,75.0,78.8,73.9,75.6,0,14.6,2.1,53.0,0.0,167.2,6,16,10,0.0,1.0
20211016,19,87.0,87.6,82.5,82.0,84.8,0,14.3,2.2,56.0,0.0,167.2,6,16,10,0.0,1.5
20211016,20,22.1,21.5,21.5,21.4,21.6,0,12.9,1.6,63.0,0.0,167.2,6,16,10,0.0,1.5
20211016,21,21.6,21.5,20.9,21.0,21.2,0,11.6,2.2,53.0,0.0,167.2,6,16,10,0.0,1.5
20211016,22,87.0,86.7,84.4,82.9,85.2,115,10.7,2.7,50.0,0.0,167.2,6,16,10,0.28,1.5
20211016,23,50.0,49.3,49.3,50.8,49.8,228,9.8,3.5,45.0,0.0,167.2,6,16,10,0.0,1.5
20211017,0,28.9,30.0,30.0,28.0,29.2,0,9.3,3.5,44.0,0.0,167.2,7,17,10,0.0,1.5
20211017,1,87.0,86.5,91.3,84.7,87.4,0,8.4,3.1,46.0,0.0,167.2,7,17,10,0.0,1.5
20211017,2,26.5,26.8,25.6,27.8,26.7,0,7.1,2.6,47.0,0.0,167.2,7,17,10,0.0,1.5
20211017,3,87.0,91.1,87.4,86.7,88.0,441,6.4,4.2,48.0,0.0,167.2,7,17,10,0.77,1.5
20211017,4,22.3,23.3,22.7,22.0,22.6,0,5.8,3.9,49.0,0.0,167.2,7,17,10,0.0,1.5
20211017,5,20.8,21.8,20.9,21.4,21.2,0,5.2,3.8,52.0,0.0,167.2,7,17,10,0.0,1.5
20211017,6,87.0,84.6,86.3,91.3,87.3,80,4.7,4.1,52.0,0.0,167.2,7,17,10,0.34,1.5
20211017,7,19.1,18.0,18.4,18.0,18.4,0,4.2,3.2,55.0,0.0,167.2,7,17,10,0.0,1.5
20211017,8,34.0,33.0,34.0,33.8,33.7,0,5.1,4.0,55.0,0.0,167.2,7,17,10,0.0,1.5
20211017,9,87.0,84.7,86.0,88.2,86.5,0,6.5,5.0,50.0,0.0,167.2,7,17,10,0.0,1.0
20211017,10,87.0,91.3,90.1,85.1,88.4,0,8.6,3.7,48.0,0.0,167.2,7,17,10,0.0,1.0
20211017,11,21.0,21.4,21.7,21.7,21.4,0,9.7,3.8,45.0,0.0,167.2,7,17,10,0.0,1.0
20211017,12,18.8,17.9,18.0,19.9,18.6,0,11.7,3.1,45.0,0.0,167.2,7,17,10,0.0,1.0
20211017,13,29.3,28.0,27.9,30.9,29.0,0,12.6,3.2,44.0,0.0,167.2,7,17,10,0.0,1.0
20211017,14,24.8,23.8,26.0,24.1,24.7,0,13.0,3.5,44.0,0.0,167.2,7,17,10,0.0,1.0
20211017,15,23.0,23.4,23.1,22.2,22.9,0,13.1,3.1,44.0,0.0,167.2,7,17,10,0.0,1.0
20211017,16,21.4,22.0,22.3,22.6,22.1,0,13.8,1.3,44.0,0.0,167.2,7,17,10,0.0,1.0
20211017,17,50.0,52.2,47.3,49.8,49.8,626,12.7,1.6,47.0,0.0,167.2,7,17,10,0.88,1.0
20211017,18,22.2,23.4,22.3,21.4,22.3,0,10.3,2.0,60.0,0.0,167.2,7,17,10,0.0,1.0
20211017,19,23.0,22.2,23.1,23.6,23.0,0,9.1,1.2,60.0,0.0,167.2,7,17,10,0.0,1.5
20211017,20,20.7,20.2,21.6,20.2,20.7,0,8.3,1.3,63.0,0.0,167.2,7,17,10,0.0,1.5
20211017,21,50.0,48.4,47.6,48.6,48.6,0,7.8,2.2,56.0,0.0,167.2,7,17,10,0.0,1.5
20211017,22,41.0,40.3,39.7,42.9,41.0,0,7.9,1.9,49.0,0.0,167.2,7,17,10,0.0,1.5
20211017,23,53.4,56.1,52.8,51.2,53.4,0,7.1,2.0,56.0,0.0,167.2,7,17,10,0.0,1.5
20211018,0,87.0,87.8,90.8,82.5,87.0,500,6.9,2.9,57.0,0.0,167.2,1,18,10,1.15,1.5
20211018,1,87.0,89.5,91.6,84.6,88.2,1668,6.6,3.2,55.0,0.0,167.2,1,18,10,0.51,1.5
20211018,2,23.3,23.3,24.7,23.6,23.7,0,6.5,2.9,54.0,0.0,167.2,1,18,10,0.0,1.5
20211018,3,57.0,53.8,60.1,54.4,56.3,530,6.2,3.4,53.0,0.0,167.2,1,18,10,1.02,1.5
20211018,4,50.0,47.4,47.0,49.8,48.6,0,6.0,3.8,52.0,0.0,167.2,1,18,10,0.0,1.5
20211018,5,87.0,87.4,82.3,88.3,86.2,0,5.8,3.8,52.0,0.0,167.2,1,18,10,0.0,1.5
20211018,6,87.0,89.3,83.3,90.6,87.6,0,5.5,3.6,53.0,0.0,167.2,1,18,10,0.0,1.5
20211018,7,56.3,54.4,55.3,54.5,55.1,774,5.7,2.8,52.0,0.0,167.2,1,18,10,0.15,1.5
20211018,8,87.0,89.3,90.4,90.3,89.3,296,7.2,2.2,47.0,0.0,167.2,1,18,10,0.34,1.5
20211018,9,138.0,143.1,144.5,133.6,139.8,2692,9.4,2.0,43.0,0.0,167.2,1,18,10,1.66,1.0
20211018,10,138.0,136.5,132.8,140.9,137.0,2762,10.9,3.1,42.0,0.0,167.2,1,18,10,0.58,1.0
20211018,11,138.0,142.1,140.0,136.9,139.2,1750,13.5,1.7,35.0,0.0,167.2,1,18,10,1.36,1.0
20211018,12,138.0,136.4,144.9,131.6,137.7,1684,15.7,1.1,30.0,0.0,167.2,1,18,10,1.3,1.0
20211018,13,87.0,88.9,86.6,89.2,87.9,275,16.6,1.1,24.0,0.0,167.2,1,18,10,0.46,1.0
20211018,14,62.0,64.0,59.1,59.9,61.2,743,16.7,1.6,24.0,0.0,167.2,1,18,10,1.55,1.0
20211018,15,18.1,19.2,18.0,17.4,18.2,0,17.9,1.7,33.0,0.0,167.2,1,18,10,0.0,1.0
20211018,16,138.0,135.4,135.9,135.7,136.2,336,17.4,2.3,41.0,0.0,167.2,1,18,10,1.27,1.0
20211018,17,138.0,136.5,139.3,140.5,138.6,2666,16.1,1.8,45.0,0.0,167.2,1,18,10,2.1,1.0
20211018,18,15.8,15.2,15.7,15.3,15.5,1430,13.8,1.8,58.0,0.0,167.2,1,18,10,1.49,1.0
20211018,19,138.0,133.1,130.0,132.8,133.5,1444,12.9,1.7,61.0,0.0,167.2,1,18,10,1.29,1.5
20211018,20,19.5,20.0,20.7,18.4,19.6,0,11.3,1.3,69.0,0.0,167.2,1,18,10,0.0,1.5
20211018,21,50.0,52.5,50.3,49.8,50.7,222,11.3,0.8,63.0,0.0,167.2,1,18,10,0.82,1.5
20211018,22,50.0,49.4,49.8,49.6,49.7,0,10.6,1.8,71.0,0.0,167.2,1,18,10,0.0,1.5
20211018,23,87.0,83.7,91.7,84.2,86.6,1116,10.0,1.1,70.0,0.0,167.2,1,18,10,0.02,1.5
20211019,0,87.0,84.8,83.4,82.3,84.4,234,9.4,0.3,73.0,0.0,167.2,2,19,10,0.85,1.5
20211019,1,21.0,20.9,20.2,20.8,20.7,0,9.6,0.7,65.0,0.0,167.2,2,19,10,0.0,1.5
20211019,2,20.4,19.9,21.2,21.1,20.6,0,8.2,0.7,78.0,0.0,167.2,2,19,10,0.0,1.5
20211019,3,20.2,19.6,19.6,20.7,20.0,0,8.8,0.7,74.0,0.0,167.2,2,19,10,0.0,1.5
20211019,4,138.0,141.9,143.0,144.0,141.7,2056,8.0,0.2,78.0,0.0,167.2,2,19,10,2.46,1.5
20211019,5,39.1,36.8,38.0,36.8,37.7,0,9.2,1.8,67.0,0.0,167.2,2,19,10,0.0,1.5
20211019,6,106.9,107.4,100.9,112.9,107.0,0,8.8,0.5,67.0,0.0,167.2,2,19,10,0.0,1.5
20211019,7,37.4,38.7,37.5,36.7,37.6,0,9.0,1.2,66.0,0.0,167.2,2,19,10,0.0,1.5
20211019,8,87.0,84.6,83.8,92.1,86.9,1436,11.6,0.6,55.0,0.0,167.2,2,19,10,0.5,1.5
20211019,9,25.4,25.7,26.2,24.6,25.5,0,12.5,1.9,52.0,0.0,167.2,2,19,10,0.0,1.0
20211019,10,138.0,140.8,140.3,137.5,139.2,1611,15.3,1.4,51.0,0.0,167.2,2,19,10,1.49,1.0
20211019,11,138.0,140.6,145.0,135.6,139.8,2496,16.7,2.4,47.0,0.0,167.2,2,19,10,1.38,1.0
20211019,12,87.0,86.4,90.0,85.5,87.2,552,17.3,3.2,42.0,0.0,167.2,2,19,10,0.14,1.0
20211019,13,138.0,135.5,132.7,143.7,137.5,948,18.0,3.1,42.0,0.0,167.2,2,19,10,0.25,1.0
20211019,14,138.0,143.6,143.0,142.1,141.7,934,17.9,3.4,36.0,0.0,167.2,2,19,10,0.81,1.0
20211019,15,138.0,142.3,140.3,146.2,141.7,978,17.9,3.5,43.0,0.0,167.2,2,19,10,0.47,1.0
20211019,16,138.0,135.0,140.8,139.9,138.4,561,16.6,3.0,47.0,0.0,167.2,2,19,10,1.98,1.0
20211019,17,138.0,131.4,143.5,137.4,137.6,2302,14.9,2.0,57.0,0.0,167.2,2,19,10,1.26,1.0
20211019,18,138.0,130.9,139.2,131.2,134.8,851,13.4,1.9,60.0,0.0,167.2,2,19,10,0.98,1.0
20211019,19,14.6,13.9,14.5,15.5,14.6,0,12.8,1.9,59.0,0.0,167.2,2,19,10,0.0,1.5
20211019,20,52.8,53.3,53.7,53.1,53.2,281,11.7,2.2,70.0,0.0,167.2,2,19,10,1.35,1.5
20211019,21,28.9,27.3,28.2,29.6,28.5,0,11.0,1.8,71.0,0.0,167.2,2,19,10,0.0,1.5
20211019,22,87.0,85.3,83.7,86.0,85.5,447,9.8,1.3,75.0,0.0,167.2,2,19,10,0.0,1.5
20211019,23,87.0,89.6,88.2,87.5,88.1,589,9.7,1.9,74.0,0.0,167.2,2,19,10,0.12,1.5
20211020,0,24.8,24.2,24.0,26.1,24.8,0,9.4,2.4,78.0,0.0,167.2,3,20,10,0.0,1.5
20211020,1,87.0,89.7,82.6,83.5,85.7,685,9.4,1.9,75.0,0.0,167.2,3,20,10,0.49,1.5
20211020,2,25.0,25.7,23.5,24.4,24.6,0,8.1,0.5,82.0,0.0,167.2,3,20,10,0.0,1.5
20211020,3,17.7,17.2,17.9,17.0,17.4,862,8.0,1.5,85.0,0.0,167.2,3,20,10,6.65,1.5
20211020,4,16.8,17.3,16.5,17.4,17.0,0,7.4,1.1,87.0,0.0,167.2,3,20,10,0.0,1.5
20211020,5,20.6,21.2,21.2,19.5,20.6,0,7.2,1.2,88.0,0.0,167.2,3,20,10,0.0,1.5
20211020,6,98.9,97.7,97.4,93.9,97.0,0,7.1,1.3,88.0,0.0,167.2,3,20,10,0.0,1.5
20211020,7,17.3,16.7,17.3,16.9,17.0,376,7.2,1.4,87.0,0.0,167.2,3,20,10,4.83,1.5
20211020,8,87.0,87.2,86.0,87.1,86.8,0,8.9,2.7,79.0,0.0,167.2,3,20,10,0.0,1.5
20211020,9,138.0,145.0,140.5,136.4,140.0,2310,10.7,2.4,69.0,0.0,167.2,3,20,10,1.44,1.0
20211020,10,138.0,140.3,135.6,130.5,136.1,1732,12.7,3.1,60.0,0.0,167.2,3,20,10,1.29,1.0
20211020,11,87.0,83.6,91.8,91.8,88.6,105,14.7,2.0,55.0,0.0,167.2,3,20,10,0.6,1.0
20211020,12,138.0,141.0,145.2,145.5,142.4,707,15.1,1.6,50.0,0.0,167.2,3,20,10,1.24,1.0
20211020,13,26.7,26.5,27.8,26.0,26.8,0,15.3,2.2,50.0,0.0,167.2,3,20,10,0.0,1.0
20211020,14,138.0,139.5,145.0,141.8,141.1,889,16.0,2.1,50.0,0.0,167.2,3,20,10,0.64,1.0
20211020,15,138.0,141.9,137.2,139.3,139.1,1249,16.2,3.7,51.0,0.0,167.2,3,20,10,1.22,1.0
20211020,16,138.0,138.2,138.6,133.7,137.1,0,14.7,2.9,56.0,0.0,167.2,3,20,10,0.0,1.0
20211020,17,138.0,143.2,142.0,134.1,139.3,1732,14.3,1.7,64.0,0.0,167.2,3,20,10,0.71,1.0
20211020,18,138.0,141.7,141.2,137.9,139.7,1015,13.2,1.8,72.0,0.0,167.2,3,20,10,1.22,1.0
20211020,19,33.2,33.7,34.8,32.9,33.6,0,12.4,1.5,71.0,0.0,167.2,3,20,10,0.0,1.5
20211020,20,138.0,132.2,141.6,134.5,136.6,1725,11.5,1.5,74.0,0.0,167.2,3,20,10,1.01,1.5
20211020,21,87.0,90.5,92.2,90.2,90.0,540,10.5,0.6,79.0,0.0,167.2,3,20,10,1.56,1.5
20211020,22,87.0,91.6,85.4,86.8,87.7,0,10.3,1.6,81.0,0.0,167.2,3,20,10,0.0,1.5
20211020,23,87.0,83.2,90.5,88.6,87.3,458,10.0,1.3,83.0,0.0,167.2,3,20,10,0.43,1.5
20211021,0,20.1,20.1,20.6,19.4,20.0,0,9.7,1.2,86.0,0.0,167.2,4,21,10,0.0,1.5
20211021,1,87.0,84.5,89.0,87.3,87.0,2270,10.3,2.1,88.0,0.0,167.2,4,21,10,0.0,1.5
20211021,2,17.9,18.4,17.5,17.5,17.8,0,10.2,0.5,89.0,0.0,167.2,4,21,10,0.0,1.5
20211021,3,20.4,20.9,21.1,20.5,20.7,0,9.9,0.2,95.0,0.0,167.2,4,21,10,0.0,1.5
20211021,4,50.0,47.8,52.4,51.7,50.5,0,9.0,0.1,96.0,0.0,167.2,4,21,10,0.0,1.5
20211021,5,15.9,16.6,15.4,16.4,16.1,1754,8.7,1.4,98.0,0.0,167.2,4,21,10,4.1,1.5
20211021,6,22.6,21.7,22.9,22.2,22.3,0,9.2,0.9,97.0,0.0,167.2,4,21,10,0.0,1.5
20211021,7,62.3,64.5,61.5,63.8,63.0,0,9.6,1.9,96.0,0.0,167.2,4,21,10,0.0,1.5
20211021,8,87.0,86.6,92.1,91.6,89.3,493,10.0,0.9,95.0,0.0,167.2,4,21,10,0.68,1.5
20211021,9,138.0,135.2,137.6,140.1,137.7,1071,11.2,1.0,90.0,0.0,167.2,4,21,10,2.02,1.0
20211021,10,138.0,132.3,133.5,132.2,134.0,1636,11.5,1.0,90.0,0.1,167.2,4,21,10,0.95,1.0
20211021,11,138.0,132.5,136.0,141.0,136.9,1951,11.8,1.2,94.0,0.0,167.2,4,21,10,0.48,1.0
20211021,12,87.0,88.7,88.6,82.9,86.8,0,12.3,1.2,95.0,0.1,167.2,4,21,10,0.0,1.0
20211021,13,87.0,87.5,82.6,90.9,87.0,1133,12.5,1.5,95.0,0.1,167.2,4,21,10,0.85,1.0
20211021,14,138.0,131.7,139.7,138.3,136.9,1658,13.9,1.7,85.0,0.0,167.2,4,21,10,0.55,1.0
20211021,15,138.0,131.6,145.1,136.1,137.7,1957,14.0,1.7,84.0,0.0,167.2,4,21,10,1.06,1.0
20211021,16,138.0,130.9,143.8,130.7,135.8,2774,13.3,1.4,89.0,0.0,167.2,4,21,10,1.24,1.0
20211021,17,87.0,89.5,82.5,85.8,86.2,804,12.9,0.7,95.0,0.3,167.2,4,21,10,0.44,1.0
20211021,18,138.0,141.5,146.2,144.7,142.6,2360,12.6,1.0,95.0,0.0,167.2,4,21,10,1.67,1.0
20211021,19,87.3,82.7,89.4,82.3,85.4,0,12.6,1.0,92.0,0.0,167.2,4,21,10,0.0,1.5
20211021,20,138.0,139.0,132.4,137.6,136.8,1312,12.0,0.9,92.0,0.0,167.2,4,21,10,0.86,1.5
20211021,21,21.2,20.1,20.0,22.3,20.9,0,11.5,1.8,94.0,0.0,167.2,4,21,10,0.0,1.5
20211021,22,87.0,91.2,83.6,85.9,86.9,321,11.0,1.6,96.0,0.0,167.2,4,21,10,0.32,1.5
20211021,23,22.1,23.2,23.0,21.9,22.5,0,10.6,1.0,97.0,0.0,167.2,4,21,10,0.0,1.5
20211022,0,18.0,18.4,17.0,18.2,17.9,0,10.5,2.0,98.0,0.0,167.2,5,22,10,0.0,1.5
20211022,1,24.7,26.0,23.9,24.6,24.8,0,10.0,1.2,98.0,0.0,167.2,5,22,10,0.0,1.5
20211022,2,138.0,143.2,142.3,132.5,139.0,995,10.0,3.0,98.0,0.0,167.2,5,22,10,1.17,1.5
20211022,3,54.4,56.5,55.0,51.3,54.3,330,8.9,0.5,98.0,0.0,167.2,5,22,10,0.89,1.5
20211022,4,138.0,139.2,142.7,139.8,139.9,1847,9.6,2.7,91.0,0.0,167.2,5,22,10,1.31,1.5
20211022,5,22.8,22.3,23.5,24.0,23.2,0,8.9,1.6,88.0,0.0,167.2,5,22,10,0.0,1.5
20211022,6,87.0,84.1,82.3,82.9,84.1,777,8.5,1.8,86.0,0.0,167.2,5,22,10,0.66,1.5
20211022,7,20.9,20.5,21.9,20.2,20.9,0,8.5,1.9,85.0,0.0,167.2,5,22,10,0.0,1.5
20211022,8,20.9,21.2,20.2,20.6,20.7,0,9.7,1.2,81.0,0.0,167.2,5,22,10,0.0,1.5
20211022,9,55.6,53.4,56.0,57.7,55.7,0,11.6,2.4,71.0,0.0,167.2,5,22,10,0.0,1.0
20211022,10,138.0,134.0,140.4,134.2,136.6,723,13.3,2.7,64.0,0.0,167.2,5,22,10,1.57,1.0
20211022,11,138.0,137.5,132.5,144.3,138.1,2045,14.8,3.4,59.0,0.0,167.2,5,22,10,1.48,1.0
20211022,12,138.0,133.6,145.9,130.6,137.0,936,15.3,3.8,58.0,0.0,167.2,5,22,10,1.39,1.0
20211022,13,138.0,139.5,137.8,145.3,140.2,161,16.5,2.6,54.0,0.0,167.2,5,22,10,0.29,1.0
20211022,14,138.0,145.0,130.7,139.0,138.2,2136,16.3,3.1,53.0,0.0,167.2,5,22,10,1.32,1.0
20211022,15,138.0,142.1,145.2,140.6,141.5,1869,16.4,3.6,51.0,0.0,167.2,5,22,10,1.51,1.0
20211022,16,138.0,140.8,139.4,135.8,138.5,1632,15.8,3.1,58.0,0.0,167.2,5,22,10,1.61,1.0
20211022,17,24.4,24.6,25.0,25.2,24.8,0,15.3,2.9,62.0,0.0,167.2,5,22,10,0.0,1.0
20211022,18,87.0,86.9,87.3,83.5,86.2,479,13.0,3.2,73.0,0.0,167.2,5,22,10,0.15,1.0
20211022,19,22.3,21.5,23.2,21.1,22.0,0,12.4,3.6,66.0,0.0,167.2,5,22,10,0.0,1.5
20211022,20,105.8,110.8,99.9,104.5,105.2,0,11.9,3.2,67.0,0.0,167.2,5,22,10,0.0,1.5
20211022,21,21.4,20.8,20.8,22.3,21.3,0,11.7,4.0,67.0,0.0,167.2,5,22,10,0.0,1.5
20211022,22,87.0,82.7,86.7,89.7,86.5,261,11.2,2.6,68.0,0.0,167.2,5,22,10,0.15,1.5
20211022,23,26.5,27.3,25.2,26.6,26.4,0,10.4,0.9,73.0,0.0,167.2,5,22,10,0.0,1.5
20211023,0,20.7,19.9,21.2,20.9,20.7,0,10.6,2.3,76.0,0.0,167.2,6,23,10,0.0,1.5
20211023,1,23.8,23.4,23.5,22.7,23.4,0,10.0,2.7,78.0,0.1,167.2,6,23,10,0.0,1.5
20211023,2,22.8,21.5,22.2,23.7,22.6,0,9.8,3.1,76.0,0.0,167.2,6,23,10,0.0,1.5
20211023,3,21.3,20.4,20.0,22.0,20.9,0,9.7,2.3,77.0,0.0,167.2,6,23,10,0.0,1.5
20211023,4,22.7,21.8,23.3,23.1,22.7,0,9.4,1.9,79.0,0.0,167.2,6,23,10,0.0,1.5
20211023,5,50.0,47.3,52.0,49.8,49.8,0,9.7,2.1,77.0,0.0,167.2,6,23,10,0.0,1.5
20211023,6,87.0,88.6,85.9,91.8,88.3,732,9.7,2.4,76.0,0.0,167.2,6,23,10,0.21,1.5
20211023,7,77.3,80.4,77.9,80.8,79.1,0,10.0,2.3,74.0,0.0,167.2,6,23,10,0.0,1.5
20211023,8,56.4,55.5,54.6,57.4,56.0,581,11.1,2.1,71.0,0.0,167.2,6,23,10,1.19,1.5
20211023,9,79.5,83.1,80.7,78.3,80.4,0,13.3,2.2,63.0,0.0,167.2,6,23,10,0.0,1.0
20211023,10,50.0,48.3,47.1,50.7,49.0,1034,15.2,2.3,59.0,0.0,167.2,6,23,10,1.62,1.0
20211023,11,87.0,85.2,86.9,87.8,86.7,1406,17.4,2.1,52.0,0.0,167.2,6,23,10,0.33,1.0
20211023,12,24.2,23.2,24.6,23.9,24.0,0,17.6,2.4,50.0,0.0,167.2,6,23,10,0.0,1.0
20211023,13,21.3,21.6,22.4,20.8,21.5,0,18.0,2.2,48.0,0.0,167.2,6,23,10,0.0,1.0
20211023,14,22.6,22.4,22.3,22.3,22.4,0,18.2,2.7,51.0,0.0,167.2,6,23,10,0.0,1.0
20211023,15,45.8,46.4,47.3,46.2,46.4,0,16.1,2.2,56.0,0.0,167.2,6,23,10,0.0,1.0
20211023,16,17.1,17.6,17.3,17.0,17.2,0,16.7,3.1,52.0,0.0,167.2,6,23,10,0.0,1.0
20211023,17,21.7,21.8,22.8,21.1,21.8,0,16.1,1.3,55.0,0.0,167.2,6,23,10,0.0,1.0
20211023,18,24.1,24.5,23.8,24.9,24.3,0,14.2,0.8,64.0,0.0,167.2,6,23,10,0.0,1.0
20211023,19,87.0,91.5,85.1,87.3,87.7,237,14.0,1.9,65.0,0.0,167.2,6,23,10,0.83,1.5
20211023,20,15.9,15.5,16.6,15.1,15.8,1355,12.7,1.7,71.0,0.0,167.2,6,23,10,4.52,1.5
20211023,21,42.5,41.8,40.2,41.8,41.6,0,11.8,1.1,77.0,0.0,167.2,6,23,10,0.0,1.5
20211023,22,22.9,23.5,21.9,24.0,23.1,0,11.0,1.1,79.0,0.0,167.2,6,23,10,0.0,1.5
20211023,23,22.1,22.4,21.0,22.8,22.1,0,10.8,2.0,81.0,0.0,167.2,6,23,10,0.0,1.5
20211024,0,28.0,26.9,29.2,27.4,27.9,0,10.1,1.7,85.0,0.0,167.2,7,24,10,0.0,1.5
20211024,1,50.0,49.3,47.1,52.6,49.8,0,9.7,1.1,88.0,0.0,167.2,7,24,10,0.0,1.5
20211024,2,23.5,23.4,24.5,22.3,23.4,0,8.7,0.9,91.0,0.0,167.2,7,24,10,0.0,1.5
20211024,3,30.1,29.8,29.9,31.8,30.4,0,9.3,1.7,91.0,0.0,167.2,7,24,10,0.0,1.5
20211024,4,21.9,21.1,20.6,21.2,21.2,0,9.0,1.1,95.0,0.0,167.2,7,24,10,0.0,1.5
20211024,5,23.0,24.2,22.7,21.6,22.9,0,9.3,1.8,92.0,0.0,167.2,7,24,10,0.0,1.5
20211024,6,22.6,23.3,21.8,22.4,22.5,0,8.0,0.3,96.0,0.0,167.2,7,24,10,0.0,1.5
20211024,7,87.0,86.8,88.3,85.5,86.9,55,7.7,0.7,96.0,0.0,167.2,7,24,10,0.37,1.5
20211024,8,19.7,20.1,20.1,19.8,19.9,0,11.3,0.4,87.0,0.0,167.2,7,24,10,0.0,1.5
20211024,9,29.1,30.5,29.1,30.1,29.7,0,12.6,1.4,79.0,0.0,167.2,7,24,10,0.0,1.0
20211024,10,29.2,27.9,27.6,30.4,28.8,0,16.7,0.7,60.0,0.0,167.2,7,24,10,0.0,1.0
20211024,11,50.0,48.5,50.9,49.4,49.7,152,18.0,1.3,51.0,0.0,167.2,7,24,10,0.62,1.0
20211024,12,50.0,50.3,52.1,49.6,50.5,0,18.4,1.4,42.0,0.0,167.2,7,24,10,0.0,1.0
20211024,13,27.9,28.9,28.6,26.7,28.0,0,19.5,1.4,39.0,0.0,167.2,7,24,10,0.0,1.0
20211024,14,26.2,24.7,27.2,24.8,25.7,0,19.3,1.7,42.0,0.0,167.2,7,24,10,0.0,1.0
20211024,15,49.1,52.0,47.3,49.9,49.6,0,18.7,2.3,45.0,0.0,167.2,7,24,10,0.0,1.0
20211024,16,82.1,81.7,85.9,77.8,81.9,0,18.1,2.6,48.0,0.0,167.2,7,24,10,0.0,1.0
20211024,17,53.1,52.2,52.0,54.6,53.0,906,17.1,1.0,53.0,0.0,167.2,7,24,10,1.4,1.0
20211024,18,23.8,23.2,22.4,23.9,23.3,0,15.3,1.1,63.0,0.0,167.2,7,24,10,0.0,1.0
20211024,19,25.1,24.1,26.1,24.2,24.9,0,14.7,1.4,64.0,0.0,167.2,7,24,10,0.0,1.5
20211024,20,21.7,22.5,22.9,21.8,22.2,0,14.5,2.3,66.0,0.0,167.2,7,24,10,0.0,1.5
20211024,21,20.4,21.5,20.8,19.6,20.6,0,12.6,0.3,74.0,0.0,167.2,7,24,10,0.0,1.5
20211024,22,21.1,20.9,20.4,20.9,20.8,0,12.8,1.2,77.0,0.0,167.2,7,24,10,0.0,1.5
20211024,23,87.0,91.7,84.4,90.1,88.3,525,12.3,1.5,77.0,0.0,167.2,7,24,10,0.6,1.5
20211025,0,27.1,28.2,27.0,27.0,27.3,0,11.1,0.8,81.0,0.0,167.2,1,25,10,0.0,1.5
20211025,1,87.0,86.8,91.2,83.3,87.1,0,11.7,0.6,80.0,0.0,167.2,1,25,10,0.0,1.5
20211025,2,18.6,19.0,17.8,19.1,18.6,0,11.2,1.0,82.0,0.0,167.2,1,25,10,0.0,1.5
20211025,3,23.1,22.9,24.0,22.2,23.0,0,10.5,0.2,85.0,0.0,167.2,1,25,10,0.0,1.5
20211025,4,23.0,23.2,22.4,23.7,23.1,0,9.2,0.8,89.0,0.0,167.2,1,25,10,0.0,1.5
20211025,5,25.2,23.9,26.1,25.1,25.1,0,9.5,1.5,86.0,0.0,167.2,1,25,10,0.0,1.5
20211025,6,87.0,89.0,91.4,86.5,88.5,0,9.4,0.1,91.0,0.0,167.2,1,25,10,0.0,1.5
20211025,7,43.3,41.0,42.9,45.1,43.1,0,10.7,1.2,80.0,0.0,167.2,1,25,10,0.0,1.5
20211025,8,87.0,90.3,85.6,89.2,88.0,0,12.1,2.4,70.0,0.0,167.2,1,25,10,0.0,1.5
20211025,9,138.0,143.4,143.0,130.3,138.7,2072,13.9,3.1,62.0,0.0,167.2,1,25,10,2.43,1.0
20211025,10,87.0,84.3,87.3,84.9,85.9,1136,16.8,1.4,53.0,0.0,167.2,1,25,10,0.12,1.0
20211025,11,50.0,48.9,51.1,52.2,50.6,16,18.0,1.8,49.0,0.0,167.2,1,25,10,1.05,1.0
20211025,12,87.0,86.8,88.3,82.0,86.0,542,19.2,1.9,48.0,0.0,167.2,1,25,10,0.22,1.0
20211025,13,138.0,139.6,132.3,138.7,137.2,2342,19.5,1.3,43.0,0.0,167.2,1,25,10,0.88,1.0
20211025,14,138.0,134.5,143.7,141.8,139.5,1605,18.3,2.4,52.0,0.0,167.2,1,25,10,1.23,1.0
20211025,15,138.0,139.5,133.0,140.0,137.6,670,19.1,2.2,53.0,0.0,167.2,1,25,10,1.21,1.0
20211025,16,138.0,134.7,145.2,142.3,140.0,1459,18.4,2.6,55.0,0.0,167.2,1,25,10,2.69,1.0
20211025,17,138.0,130.6,133.9,141.7,136.0,3196,17.8,1.9,56.0,0.0,167.2,1,25,10,1.32,1.0
20211025,18,138.0,129.8,141.9,141.2,137.7,1840,16.2,1.6,64.0,0.0,167.2,1,25,10,0.7,1.0
20211025,19,87.0,82.8,84.8,90.4,86.2,249,15.0,1.5,67.0,0.0,167.2,1,25,10,0.56,1.5
20211025,20,24.4,25.3,23.9,24.8,24.6,0,14.2,1.2,70.0,0.0,167.2,1,25,10,0.0,1.5
20211025,21,138.0,145.6,134.9,136.4,138.7,883,13.5,1.5,69.0,0.0,167.2,1,25,10,0.12,1.5
20211025,22,42.1,41.7,43.4,42.0,42.3,0,12.4,1.2,64.0,0.0,167.2,1,25,10,0.0,1.5
20211025,23,41.5,41.6,41.8,42.6,41.9,0,12.0,0.9,62.0,0.0,167.2,1,25,10,0.0,1.5
20211026,0,138.0,132.2,144.3,144.2,139.7,36,12.1,2.6,61.0,0.0,167.2,2,26,10,1.02,1.5
20211026,1,87.0,87.5,85.0,84.6,86.0,277,10.0,1.4,72.0,0.0,167.2,2,26,10,0.45,1.5
20211026,2,87.0,83.3,89.0,85.4,86.2,0,10.8,2.5,66.0,0.0,167.2,2,26,10,0.0,1.5
20211026,3,87.0,88.2,89.6,91.5,89.1,1275,10.6,2.2,65.0,0.0,167.2,2,26,10,0.84,1.5
20211026,4,28.9,30.4,27.7,29.2,29.0,0,10.4,2.4,64.0,0.0,167.2,2,26,10,0.0,1.5
20211026,5,138.0,133.0,136.4,132.7,135.0,0,10.2,2.5,65.0,0.0,167.2,2,26,10,0.0,1.5
20211026,6,138.0,142.4,137.7,140.7,139.7,0,9.8,2.4,67.0,0.0,167.2,2,26,10,0.0,1.5
20211026,7,87.0,82.0,85.5,92.1,86.6,122,9.5,2.2,68.0,0.0,167.2,2,26,10,0.86,1.5
20211026,8,21.9,21.6,21.4,22.8,21.9,0,11.0,2.4,63.0,0.0,167.2,2,26,10,0.0,1.5
20211026,9,138.0,131.6,141.1,142.1,138.2,2382,13.3,2.0,59.0,0.0,167.2,2,26,10,1.07,1.0
20211026,10,138.0,135.6,133.3,133.2,135.0,342,14.9,2.7,51.0,0.0,167.2,2,26,10,1.03,1.0
20211026,11,138.0,132.6,141.5,144.2,139.1,2167,16.5,2.9,48.0,0.0,167.2,2,26,10,0.92,1.0
20211026,12,21.1,20.8,22.2,21.2,21.3,0,17.1,2.3,39.0,0.0,167.2,2,26,10,0.0,1.0
20211026,13,138.0,136.6,139.1,144.4,139.5,0,18.3,1.8,35.0,0.0,167.2,2,26,10,0.0,1.0
20211026,14,50.0,48.8,50.7,49.0,49.6,186,19.2,1.8,29.0,0.0,167.2,2,26,10,0.04,1.0
20211026,15,138.0,140.6,130.9,130.7,135.0,2288,19.7,1.5,33.0,0.0,167.2,2,26,10,1.47,1.0
20211026,16,138.0,144.9,144.0,137.6,141.1,1081,19.2,1.3,31.0,0.0,167.2,2,26,10,0.54,1.0
20211026,17,138.0,136.4,134.4,134.2,135.8,0,17.7,1.4,41.0,0.0,167.2,2,26,10,0.0,1.0
20211026,18,79.6,76.7,80.7,81.7,79.7,0,15.7,0.0,48.0,0.0,167.2,2,26,10,0.0,1.0
20211026,19,138.0,134.2,145.9,145.6,140.9,956,14.8,2.1,51.0,0.0,167.2,2,26,10,0.96,1.5
20211026,20,138.0,143.9,139.6,141.2,140.7,506,13.0,1.0,63.0,0.0,167.2,2,26,10,0.62,1.5
20211026,21,87.0,87.7,89.3,91.0,88.8,0,12.8,1.6,62.0,0.0,167.2,2,26,10,0.0,1.5
20211026,22,87.0,86.5,86.4,86.5,86.6,574,11.5,0.3,72.0,0.0,167.2,2,26,10,0.7,1.5
20211026,23,50.0,47.9,47.4,51.6,49.2,0,11.2,0.1,73.0,0.0,167.2,2,26,10,0.0,1.5
20211027,0,19.0,18.9,19.7,19.8,19.3,0,11.0,0.9,70.0,0.0,167.2,3,27,10,0.0,1.5
20211027,1,87.0,84.7,82.1,89.2,85.8,571,10.7,0.2,75.0,0.0,167.2,3,27,10,1.24,1.5
20211027,2,24.5,25.8,25.1,24.5,25.0,0,13.1,2.0,63.0,0.0,167.2,3,27,10,0.0,1.5
20211027,3,15.1,15.8,14.2,15.3,15.1,353,13.2,1.9,63.0,0.0,167.2,3,27,10,0.0,1.5
20211027,4,15.1,14.3,15.8,15.5,15.2,701,13.0,1.6,65.0,0.0,167.2,3,27,10,0.0,1.5
20211027,5,20.0,20.0,19.2,19.4,19.6,0,12.8,2.1,66.0,0.0,167.2,3,27,10,0.0,1.5
20211027,6,87.0,84.1,87.1,90.2,87.1,252,12.8,1.8,69.0,0.0,167.2,3,27,10,0.38,1.5
20211027,7,61.1,60.4,61.8,64.4,61.9,642,13.4,2.4,68.0,0.0,167.2,3,27,10,0.88,1.5
20211027,8,23.8,24.9,23.7,23.7,24.0,0,15.0,1.5,64.0,0.0,167.2,3,27,10,0.0,1.5
20211027,9,138.0,138.5,135.4,141.3,138.3,949,15.5,2.6,62.0,0.0,167.2,3,27,10,1.28,1.0
20211027,10,26.7,26.2,26.6,27.5,26.8,0,17.8,3.1,52.0,0.0,167.2,3,27,10,0.0,1.0
20211027,11,138.0,133.2,134.9,140.7,136.7,1924,18.7,4.0,47.0,0.0,167.2,3,27,10,1.05,1.0
20211027,12,87.0,90.1,86.4,87.5,87.8,1078,19.3,3.3,51.0,0.0,167.2,3,27,10,0.4,1.0
20211027,13,138.0,140.1,135.7,144.3,139.5,1708,19.9,3.1,45.0,0.0,167.2,3,27,10,1.44,1.0
20211027,14,51.6,51.4,52.0,51.3,51.6,0,20.8,3.3,31.0,0.0,167.2,3,27,10,0.0,1.0
20211027,15,15.3,14.8,14.8,14.5,14.8,1397,20.4,3.9,29.0,0.0,167.2,3,27,10,7.08,1.0
20211027,16,50.0,49.0,52.9,52.1,51.0,0,20.0,3.1,34.0,0.0,167.2,3,27,10,0.0,1.0
20211027,17,138.0,145.6,138.0,140.9,140.6,1173,18.7,1.4,35.0,0.0,167.2,3,27,10,0.21,1.0
20211027,18,84.2,84.4,81.1,87.7,84.4,0,17.0,1.9,39.0,0.0,167.2,3,27,10,0.0,1.0
20211027,19,50.0,49.4,49.9,47.8,49.3,43,15.1,1.6,46.0,0.0,167.2,3,27,10,0.49,1.5
20211027,20,18.4,18.4,19.2,17.4,18.4,0,14.4,1.5,50.0,0.0,167.2,3,27,10,0.0,1.5
20211027,21,138.0,142.6,130.1,145.2,139.0,283,13.8,2.0,51.0,0.0,167.2,3,27,10,1.2,1.5
20211027,22,57.1,56.0,58.3,54.7,56.5,0,14.6,2.3,48.0,0.0,167.2,3,27,10,0.0,1.5
20211027,23,87.0,83.6,87.5,90.2,87.1,452,13.0,1.7,56.0,0.0,167.2,3,27,10,0.05,1.5
20211028,0,108.1,109.2,103.8,112.3,108.4,0,12.6,2.7,56.0,0.0,167.2,4,28,10,0.0,1.5
20211028,1,33.0,33.7,34.3,33.8,33.7,0,12.8,2.6,47.0,0.0,167.2,4,28,10,0.0,1.5
20211028,2,26.6,27.3,26.2,25.4,26.4,0,11.5,2.7,51.0,0.0,167.2,4,28,10,0.0,1.5
20211028,3,87.0,91.0,84.8,88.7,87.9,159,9.6,1.1,58.0,0.0,167.2,4,28,10,1.19,1.5
20211028,4,21.2,20.9,22.0,22.2,21.6,0,9.1,1.3,62.0,0.0,167.2,4,28,10,0.0,1.5
20211028,5,138.0,131.0,140.3,136.8,136.5,620,10.6,2.7,56.0,0.0,167.2,4,28,10,0.81,1.5
20211028,6,20.8,21.9,21.8,20.6,21.3,0,10.0,1.5,58.0,0.0,167.2,4,28,10,0.0,1.5
20211028,7,24.5,24.3,24.9,24.3,24.5,0,9.6,0.9,61.0,0.0,167.2,4,28,10,0.0,1.5
20211028,8,87.0,88.3,89.5,82.6,86.8,94,11.4,1.8,56.0,0.0,167.2,4,28,10,0.41,1.5
20211028,9,87.0,88.7,90.5,91.1,89.3,610,14.0,1.5,49.0,0.0,167.2,4,28,10,0.7,1.0
20211028,10,138.0,138.8,130.6,144.1,137.9,1403,15.9,2.7,43.0,0.0,167.2,4,28,10,0.92,1.0
20211028,11,138.0,133.1,142.6,146.2,140.0,1908,17.8,3.8,44.0,0.0,167.2,4,28,10,0.34,1.0
20211028,12,27.4,28.2,27.8,27.7,27.8,0,18.8,3.4,45.0,0.0,167.2,4,28,10,0.0,1.0
20211028,13,138.0,143.0,130.9,142.2,138.5,2665,19.9,3.4,46.0,0.0,167.2,4,28,10,1.14,1.0
20211028,14,138.0,138.9,138.1,133.1,137.0,2612,19.4,3.8,47.0,0.0,167.2,4,28,10,1.87,1.0
20211028,15,138.0,137.8,131.1,140.8,136.9,2751,19.1,3.9,54.0,0.0,167.2,4,28,10,1.19,1.0
20211028,16,48.5,46.3,49.9,49.4,48.5,0,18.4,2.8,54.0,0.0,167.2,4,28,10,0.0,1.0
20211028,17,138.0,131.1,138.8,144.6,138.1,1803,17.8,3.9,55.0,0.0,167.2,4,28,10,0.84,1.0
20211028,18,52.7,51.7,55.6,54.8,53.7,0,16.7,2.1,55.0,0.0,167.2,4,28,10,0.0,1.0
20211028,19,87.0,85.0,83.7,91.6,86.8,231,16.0,2.3,55.0,0.0,167.2,4,28,10,0.84,1.5
20211028,20,51.4,54.2,52.1,53.7,52.8,896,16.0,1.7,57.0,0.0,167.2,4,28,10,0.72,1.5
20211028,21,138.0,142.7,133.2,144.1,139.5,0,16.2,2.2,51.0,0.0,167.2,4,28,10,0.0,1.5
20211028,22,16.7,17.0,16.9,15.8,16.6,0,15.6,2.6,52.0,0.0,167.2,4,28,10,0.0,1.5
20211028,23,86.5,86.7,88.8,90.1,88.0,0,14.4,1.9,53.0,0.0,167.2,4,28,10,0.0,1.5
20211029,0,138.0,132.5,141.7,139.8,138.0,1032,14.9,1.8,53.0,0.0,167.2,5,29,10,0.92,1.5
20211029,1,20.7,21.9,21.5,20.4,21.1,0,14.6,1.0,61.0,0.0,167.2,5,29,10,0.0,1.5
20211029,2,87.0,85.7,90.7,82.4,86.4,948,16.3,2.4,58.0,0.0,167.2,5,29,10,0.54,1.5
20211029,3,87.0,82.9,82.6,88.9,85.4,423,16.0,3.1,57.0,0.0,167.2,5,29,10,0.78,1.5
20211029,4,50.0,50.0,49.1,49.0,49.5,0,15.1,2.7,56.0,0.0,167.2,5,29,10,0.0,1.5
20211029,5,15.7,16.4,16.1,15.6,16.0,1100,14.3,2.1,55.0,0.0,167.2,5,29,10,10.57,1.5
20211029,6,138.0,144.4,138.0,141.0,140.4,1103,14.4,2.6,54.0,0.0,167.2,5,29,10,1.6,1.5
20211029,7,23.2,21.8,22.3,24.3,22.9,0,14.4,2.8,54.0,0.0,167.2,5,29,10,0.0,1.5
20211029,8,87.0,91.0,87.6,90.4,89.0,978,14.9,2.6,54.0,0.0,167.2,5,29,10,0.99,1.5
20211029,9,87.0,84.6,86.0,86.5,86.0,757,16.3,2.1,50.0,0.0,167.2,5,29,10,0.25,1.0
20211029,10,138.0,130.4,136.2,136.1,135.2,1823,16.3,2.7,49.0,0.0,167.2,5,29,10,0.75,1.0
20211029,11,138.0,143.8,143.1,133.7,139.6,2030,17.1,2.4,48.0,0.0,167.2,5,29,10,1.32,1.0
20211029,12,138.0,144.0,136.5,135.9,138.6,2191,16.7,3.3,51.0,0.0,167.2,5,29,10,1.36,1.0
20211029,13,138.0,139.6,130.2,131.6,134.8,1660,17.4,2.4,48.0,0.0,167.2,5,29,10,0.7,1.0
20211029,14,138.0,139.2,130.7,145.8,138.4,1818,17.6,2.4,45.0,0.0,167.2,5,29,10,1.17,1.0
20211029,15,138.0,143.2,143.9,139.2,141.1,0,17.2,2.2,48.0,0.0,167.2,5,29,10,0.0,1.0
20211029,16,138.0,142.7,145.6,131.8,139.5,1177,16.6,2.4,53.0,0.0,167.2,5,29,10,1.39,1.0
20211029,17,138.0,144.5,141.1,135.6,139.8,483,15.8,1.9,55.0,0.0,167.2,5,29,10,1.3,1.0
20211029,18,18.1,18.2,17.8,18.2,18.1,849,15.4,1.5,55.0,0.0,167.2,5,29,10,5.19,1.0
20211029,19,87.0,91.9,91.6,87.3,89.4,258,15.1,2.0,58.0,0.0,167.2,5,29,10,0.56,1.5
20211029,20,26.6,28.2,27.1,25.1,26.8,0,14.9,2.1,59.0,0.0,167.2,5,29,10,0.0,1.5
20211029,21,87.0,83.0,90.6,91.7,88.1,865,14.4,2.4,62.0,0.0,167.2,5,29,10,0.25,1.5
20211029,22,17.5,18.2,18.1,17.0,17.7,0,14.4,2.4,62.0,0.0,167.2,5,29,10,0.0,1.5
20211029,23,16.7,16.7,16.5,15.7,16.4,1707,14.4,2.2,61.0,0.0,167.2,5,29,10,3.02,1.5
20211030,0,87.0,85.8,86.8,82.6,85.6,54,14.2,2.0,63.0,0.0,167.2,6,30,10,0.0,1.5
20211030,1,21.1,21.4,20.3,21.3,21.0,0,13.9,2.1,64.0,0.0,167.2,6,30,10,0.0,1.5
20211030,2,24.7,23.4,24.1,23.6,23.9,0,12.9,2.4,69.0,0.0,167.2,6,30,10,0.0,1.5
20211030,3,54.8,54.8,56.6,51.8,54.5,591,12.3,2.7,73.0,0.0,167.2,6,30,10,1.99,1.5
20211030,4,50.0,52.2,52.4,49.3,51.0,226,11.8,1.5,72.0,0.0,167.2,6,30,10,0.78,1.5
20211030,5,21.9,21.1,22.5,22.2,21.9,0,10.4,0.2,81.0,0.0,167.2,6,30,10,0.0,1.5
20211030,6,25.1,24.9,25.0,23.9,24.7,0,11.2,1.2,78.0,0.0,167.2,6,30,10,0.0,1.5
20211030,7,17.4,18.3,16.5,17.0,17.3,0,10.8,0.4,82.0,0.0,167.2,6,30,10,0.0,1.5
20211030,8,17.3,17.2,16.4,17.1,17.0,491,11.5,0.4,81.0,0.0,167.2,6,30,10,2.91,1.5
20211030,9,22.2,21.8,21.9,21.3,21.8,0,13.7,0.6,72.0,0.0,167.2,6,30,10,0.0,1.0
20211030,10,50.0,49.6,49.8,50.0,49.8,698,14.1,0.7,77.0,0.0,167.2,6,30,10,0.29,1.0
20211030,11,25.3,25.4,25.6,24.0,25.1,0,15.5,2.0,67.0,0.0,167.2,6,30,10,0.0,1.0
20211030,12,20.3,20.6,19.1,19.2,19.8,0,16.7,2.2,63.0,0.0,167.2,6,30,10,0.0,1.0
20211030,13,22.9,23.7,24.2,23.0,23.4,0,17.4,2.0,60.0,0.0,167.2,6,30,10,0.0,1.0
20211030,14,22.3,22.2,21.9,21.6,22.0,0,18.2,1.9,58.0,0.0,167.2,6,30,10,0.0,1.0
20211030,15,19.6,20.3,20.4,18.6,19.7,0,18.4,2.2,55.0,0.0,167.2,6,30,10,0.0,1.0
20211030,16,26.1,26.2,26.2,25.9,26.1,0,17.5,1.9,59.0,0.0,167.2,6,30,10,0.0,1.0
20211030,17,22.0,21.6,21.0,23.1,21.9,0,16.7,1.7,60.0,0.0,167.2,6,30,10,0.0,1.0
20211030,18,87.0,88.6,90.1,89.3,88.8,1167,15.7,1.2,64.0,0.0,167.2,6,30,10,1.77,1.0
20211030,19,18.8,19.3,19.3,19.5,19.2,0,15.0,1.5,68.0,0.0,167.2,6,30,10,0.0,1.5
20211030,20,23.5,23.7,23.6,24.5,23.8,0,14.6,1.2,69.0,0.0,167.2,6,30,10,0.0,1.5
20211030,21,16.6,15.7,16.6,17.5,16.6,634,13.7,0.9,72.0,0.0,167.2,6,30,10,0.67,1.5
20211030,22,50.0,48.0,47.5,51.6,49.3,203,12.5,0.7,79.0,0.0,167.2,6,30,10,0.49,1.5
20211030,23,50.0,48.7,50.9,50.7,50.1,341,12.4,1.0,77.0,0.0,167.2,6,30,10,1.06,1.5
20211031,0,16.4,16.0,17.2,16.1,16.4,560,11.4,0.3,86.0,0.0,167.2,7,31,10,5.24,1.5
20211031,1,23.5,24.0,22.4,22.6,23.1,0,11.2,0.4,85.0,0.0,167.2,7,31,10,0.0,1.5
20211031,2,20.9,19.7,20.3,21.4,20.6,0,11.2,1.1,85.0,0.0,167.2,7,31,10,0.0,1.5
20211031,3,87.0,89.7,91.2,92.2,90.0,1083,9.9,0.8,89.0,0.0,167.2,7,31,10,0.9,1.5
20211031,4,46.5,45.2,45.3,46.3,45.8,0,11.2,1.5,83.0,0.0,167.2,7,31,10,0.0,1.5
20211031,5,31.4,30.7,32.0,32.2,31.6,0,10.1,0.4,87.0,0.0,167.2,7,31,10,0.0,1.5
20211031,6,87.0,87.3,87.4,86.9,87.2,569,10.0,0.7,89.0,0.0,167.2,7,31,10,1.25,1.5
20211031,7,77.1,74.5,78.0,76.5,76.5,0,8.8,0.4,92.0,0.0,167.2,7,31,10,0.0,1.5
20211031,8,85.9,89.9,85.0,85.0,86.4,0,12.2,1.0,82.0,0.0,167.2,7,31,10,0.0,1.5
20211031,9,109.4,104.0,106.8,109.5,107.4,0,14.2,2.3,70.0,0.0,167.2,7,31,10,0.0,1.0
20211031,10,22.6,22.4,21.4,22.2,22.2,0,16.8,2.1,56.0,0.0,167.2,7,31,10,0.0,1.0
20211031,11,21.0,21.9,21.6,21.6,21.5,0,18.5,1.7,51.0,0.0,167.2,7,31,10,0.0,1.0
20211031,12,19.8,20.1,20.4,20.7,20.2,0,19.6,2.1,41.0,0.0,167.2,7,31,10,0.0,1.0
20211031,13,50.0,48.8,51.0,52.3,50.5,789,20.4,2.0,40.0,0.0,167.2,7,31,10,1.22,1.0
20211031,14,25.3,25.1,25.7,24.5,25.2,0,20.3,2.2,40.0,0.0,167.2,7,31,10,0.0,1.0
20211031,15,21.4,21.9,20.7,22.4,21.6,0,20.9,1.2,39.0,0.0,167.2,7,31,10,0.0,1.0
20211031,16,50.0,52.8,47.1,49.0,49.7,0,19.5,1.8,47.0,0.0,167.2,7,31,10,0.0,1.0
20211031,17,50.0,52.4,51.9,48.9,50.8,583,18.2,1.2,52.0,0.0,167.2,7,31,10,0.18,1.0
20211031,18,50.0,49.1,49.9,51.4,50.1,265,15.8,0.2,65.0,0.0,167.2,7,31,10,0.61,1.0
20211031,19,87.0,92.2,85.0,85.0,87.3,0,14.7,0.0,69.0,0.0,167.2,7,31,10,0.0,1.5
20211031,20,19.5,18.3,18.6,18.5,18.7,0,13.6,0.3,74.0,0.0,167.2,7,31,10,0.0,1.5
20211031,21,21.7,20.5,20.6,21.4,21.0,0,13.9,2.7,75.0,0.0,167.2,7,31,10,0.0,1.5
20211031,22,75.4,78.3,74.0,77.4,76.3,0,13.9,1.7,74.0,0.0,167.2,7,31,10,0.0,1.5
20211031,23,21.9,21.1,22.7,21.4,21.8,0,12.6,0.5,79.0,0.0,167.2,7,31,10,0.0,1.5
20211101,0,99.8,94.5,104.8,101.4,100.1,0,11.6,0.9,83.0,0.0,109.8,1,1,11,0.0,1.5
20211101,1,22.7,22.0,23.8,23.1,22.9,0,11.0,0.3,85.0,0.0,109.8,1,1,11,0.0,1.5
20211101,2,138.0,136.8,145.0,141.9,140.4,446,11.9,1.4,84.0,0.0,109.8,1,1,11,1.27,1.5
20211101,3,87.0,89.4,91.3,91.1,89.7,582,11.5,1.2,80.0,0.0,109.8,1,1,11,1.36,1.5
20211101,4,23.6,24.0,23.7,23.4,23.7,0,10.6,0.9,84.0,0.0,109.8,1,1,11,0.0,1.5
20211101,5,21.8,21.1,21.1,20.9,21.2,0,10.4,0.9,84.0,0.0,109.8,1,1,11,0.0,1.5
20211101,6,87.0,87.0,90.1,85.1,87.3,5,10.6,1.3,83.0,0.0,109.8,1,1,11,0.0,1.5
20211101,7,54.5,57.3,52.6,54.1,54.6,0,10.9,0.9,80.0,0.0,109.8,1,1,11,0.0,1.5
20211101,8,50.0,51.9,48.6,51.3,50.4,332,11.9,0.1,83.0,0.0,109.8,1,1,11,1.56,1.5
20211101,9,138.0,135.1,133.6,129.9,134.2,2020,14.9,0.6,72.0,0.0,109.8,1,1,11,1.37,1.0
20211101,10,138.0,146.0,138.2,134.9,139.3,0,15.9,1.1,72.0,0.0,109.8,1,1,11,0.0,1.0
20211101,11,138.0,141.5,135.0,142.6,139.3,611,18.4,2.4,53.0,0.0,109.8,1,1,11,1.55,1.0
20211101,12,87.0,82.4,83.4,88.8,85.4,0,19.4,2.6,44.0,0.0,109.8,1,1,11,0.0,1.0
20211101,13,138.0,130.3,137.2,141.8,136.8,2385,20.5,2.6,30.0,0.0,109.8,1,1,11,1.27,1.0
20211101,14,87.0,83.5,90.9,90.3,87.9,92,20.3,3.1,29.0,0.0,109.8,1,1,11,0.06,1.0
20211101,15,138.0,141.8,139.2,142.7,140.4,1045,20.3,3.3,31.0,0.0,109.8,1,1,11,1.56,1.0
20211101,16,138.0,132.8,144.3,141.0,139.0,524,19.5,3.0,38.0,0.0,109.8,1,1,11,1.45,1.0
20211101,17,20.7,20.7,19.9,20.6,20.5,0,18.0,1.2,46.0,0.0,109.8,1,1,11,0.0,1.0
20211101,18,87.0,82.8,83.5,92.0,86.3,213,16.9,1.4,46.0,0.0,109.8,1,1,11,0.86,1.0
20211101,19,87.0,91.4,87.8,87.7,88.5,305,15.3,1.7,56.0,0.0,109.8,1,1,11,0.43,1.5
20211101,20,50.0,49.1,49.8,48.2,49.3,201,14.5,1.2,58.0,0.0,109.8,1,1,11,0.38,1.5
20211101,21,50.0,52.4,51.0,48.8,50.6,0,14.0,1.3,60.0,0.0,109.8,1,1,11,0.0,1.5
20211101,22,87.0,91.6,90.1,89.0,89.4,0,14.1,1.8,61.0,0.0,109.8,1,1,11,0.0,1.5
20211101,23,138.0,129.8,142.2,145.0,138.8,190,13.5,1.7,64.0,0.0,109.8,1,1,11,0.3,1.5
20211102,0,87.0,86.6,91.6,83.6,87.2,0,13.0,1.8,67.0,0.0,109.8,2,2,11,0.0,1.5
20211102,1,87.0,82.0,85.9,82.6,84.4,829,12.6,1.9,70.0,0.0,109.8,2,2,11,0.83,1.5
20211102,2,87.0,91.3,83.9,91.0,88.3,830,12.3,2.5,72.0,0.0,109.8,2,2,11,0.66,1.5
20211102,3,138.0,138.3,138.8,144.9,140.0,125,11.5,2.7,75.0,0.0,109.8,2,2,11,0.59,1.5
20211102,4,22.8,21.6,21.7,22.2,22.1,0,10.1,1.9,79.0,0.0,109.8,2,2,11,0.0,1.5
20211102,5,50.0,47.7,48.7,49.3,48.9,237,9.9,1.6,78.0,0.0,109.8,2,2,11,0.43,1.5
20211102,6,50.0,49.3,48.2,51.0,49.6,44,9.7,1.6,79.0,0.0,109.8,2,2,11,0.43,1.5
20211102,7,16.3,17.2,16.1,16.0,16.4,0,9.6,1.5,82.0,0.0,109.8,2,2,11,0.0,1.5
20211102,8,138.0,141.2,131.6,144.2,138.8,65,10.7,1.8,80.0,0.0,109.8,2,2,11,0.33,1.5
20211102,9,138.0,144.1,130.2,131.5,136.0,2058,12.5,2.7,72.0,0.0,109.8,2,2,11,0.88,1.0
20211102,10,138.0,135.8,140.6,130.3,136.2,1082,14.5,3.2,62.0,0.0,109.8,2,2,11,0.61,1.0
20211102,11,87.0,82.2,88.2,84.0,85.4,1705,15.7,3.4,54.0,0.0,109.8,2,2,11,0.34,1.0
20211102,12,138.0,145.9,141.5,134.5,140.0,239,16.2,4.0,48.0,0.0,109.8,2,2,11,0.72,1.0
20211102,13,87.0,82.0,88.7,83.0,85.2,829,17.1,3.1,42.0,0.0,109.8,2,2,11,0.0,1.0
20211102,14,87.0,91.7,83.0,82.5,86.0,223,17.6,2.8,40.0,0.0,109.8,2,2,11,1.32,1.0
20211102,15,138.0,135.8,134.5,142.2,137.6,1528,17.4,2.6,44.0,0.0,109.8,2,2,11,1.86,1.0
20211102,16,138.0,129.9,131.9,132.4,133.0,1556,17.1,1.7,47.0,0.0,109.8,2,2,11,0.84,1.0
20211102,17,138.0,141.1,143.7,144.9,141.9,675,15.7,1.0,55.0,0.0,109.8,2,2,11,1.28,1.0
20211102,18,138.0,146.0,142.1,135.8,140.5,810,14.6,1.5,58.0,0.0,109.8,2,2,11,1.36,1.0
20211102,19,17.9,18.9,17.3,18.3,18.1,1148,13.6,1.2,60.0,0.0,109.8,2,2,11,7.31,1.5
20211102,20,87.0,83.5,85.3,84.1,85.0,573,13.4,2.0,59.0,0.0,109.8,2,2,11,0.1,1.5
20211102,21,21.0,20.2,22.2,20.3,20.9,0,11.7,1.3,68.0,0.0,109.8,2,2,11,0.0,1.5
20211102,22,87.0,87.7,88.0,87.8,87.6,0,11.4,1.8,69.0,0.0,109.8,2,2,11,0.0,1.5
20211102,23,87.0,88.4,90.1,87.6,88.3,1097,11.7,2.1,67.0,0.0,109.8,2,2,11,0.96,1.5
20211103,0,138.0,142.0,134.1,142.5,139.2,1978,11.2,1.4,69.0,0.0,109.8,3,3,11,1.0,1.5
20211103,1,32.8,31.5,31.7,33.8,32.4,0,11.2,2.4,68.0,0.0,109.8,3,3,11,0.0,1.5
20211103,2,138.0,145.6,142.7,140.8,141.8,497,11.0,1.5,68.0,0.0,109.8,3,3,11,0.45,1.5
20211103,3,87.0,88.4,88.9,86.5,87.7,705,10.5,1.5,70.0,0.0,109.8,3,3,11,0.78,1.5
20211103,4,15.7,16.4,16.0,16.4,16.1,0,10.4,1.9,72.0,0.0,109.8,3,3,11,0.0,1.5
20211103,5,29.1,29.2,29.3,29.5,29.3,0,8.9,1.6,79.0,0.0,109.8,3,3,11,0.0,1.5
20211103,6,87.0,86.1,87.7,92.1,88.2,1022,9.4,1.8,78.0,0.0,109.8,3,3,11,1.05,1.5
20211103,7,50.0,52.9,51.4,51.9,51.6,679,9.2,1.4,81.0,0.0,109.8,3,3,11,2.52,1.5
20211103,8,24.1,24.3,23.4,22.8,23.7,0,10.7,1.5,74.0,0.0,109.8,3,3,11,0.0,1.5
20211103,9,50.0,52.2,49.1,48.9,50.1,502,12.3,1.3,70.0,0.0,109.8,3,3,11,0.07,1.0
20211103,10,87.0,91.7,90.9,87.8,89.4,0,14.2,2.3,63.0,0.0,109.8,3,3,11,0.0,1.0
20211103,11,138.0,140.9,134.8,141.7,138.8,1973,16.4,2.1,59.0,0.0,109.8,3,3,11,1.63,1.0
20211103,12,138.0,138.8,138.8,138.8,138.6,1076,17.3,2.8,57.0,0.0,109.8,3,3,11,0.98,1.0
20211103,13,87.0,81.8,89.1,90.0,87.0,0,18.1,3.5,53.0,0.0,109.8,3,3,11,0.0,1.0
20211103,14,138.0,130.4,146.3,134.4,137.3,430,18.5,3.0,48.0,0.0,109.8,3,3,11,1.51,1.0
20211103,15,138.0,133.0,136.9,132.8,135.2,2144,19.4,1.7,53.0,0.0,109.8,3,3,11,0.56,1.0
20211103,16,138.0,132.8,136.8,130.6,134.6,1527,16.9,1.6,72.0,0.0,109.8,3,3,11,0.6,1.0
20211103,17,138.0,133.9,143.7,139.2,138.7,1398,16.0,1.3,73.0,0.0,109.8,3,3,11,0.83,1.0
20211103,18,138.0,134.8,143.1,141.1,139.2,139,14.9,1.2,77.0,0.0,109.8,3,3,11,1.12,1.0
20211103,19,53.6,52.7,55.1,52.5,53.5,835,14.3,1.4,82.0,0.0,109.8,3,3,11,0.5,1.5
20211103,20,15.1,15.0,15.0,15.3,15.1,468,14.0,1.9,82.0,0.0,109.8,3,3,11,5.34,1.5
20211103,21,16.9,16.1,16.5,16.0,16.4,1108,12.8,1.5,86.0,0.0,109.8,3,3,11,6.83,1.5
20211103,22,138.0,130.4,139.8,131.4,134.9,363,12.4,1.0,87.0,0.0,109.8,3,3,11,1.41,1.5
20211103,23,64.3,65.6,67.2,65.9,65.8,0,12.0,1.9,89.0,0.0,109.8,3,3,11,0.0,1.5
20211104,0,138.0,138.6,144.4,135.8,139.2,0,11.5,1.7,85.0,0.0,109.8,4,4,11,0.0,1.5
20211104,1,28.8,28.6,27.4,29.4,28.6,0,11.3,2.4,73.0,0.0,109.8,4,4,11,0.0,1.5
20211104,2,25.6,26.0,25.4,26.6,25.9,0,10.5,1.4,71.0,0.0,109.8,4,4,11,0.0,1.5
20211104,3,23.8,24.7,23.7,24.8,24.2,0,11.8,2.4,62.0,0.0,109.8,4,4,11,0.0,1.5
20211104,4,87.0,86.2,92.0,83.6,87.2,498,10.7,1.9,67.0,0.0,109.8,4,4,11,1.16,1.5
20211104,5,138.0,140.3,140.9,137.8,139.2,1513,11.3,2.2,67.0,0.0,109.8,4,4,11,1.44,1.5
20211104,6,87.0,91.7,86.0,89.4,88.5,425,10.4,1.4,74.0,0.0,109.8,4,4,11,0.0,1.5
20211104,7,87.0,90.5,82.1,89.9,87.4,5,10.2,1.4,76.0,0.0,109.8,4,4,11,1.02,1.5
20211104,8,25.9,25.7,26.1,26.8,26.1,0,11.4,1.7,75.0,0.0,109.8,4,4,11,0.0,1.5
20211104,9,17.0,17.3,16.2,16.4,16.7,1390,13.5,1.8,70.0,0.0,109.8,4,4,11,2.53,1.0
20211104,10,138.0,132.7,143.5,132.9,136.8,1211,15.2,2.4,62.0,0.0,109.8,4,4,11,1.65,1.0
20211104,11,138.0,139.0,142.2,139.5,139.7,711,17.3,2.1,53.0,0.0,109.8,4,4,11,1.93,1.0
20211104,12,138.0,146.0,137.3,142.0,140.8,1888,18.7,2.2,48.0,0.0,109.8,4,4,11,1.5,1.0
20211104,13,87.0,87.2,86.3,85.1,86.4,0,19.1,2.6,32.0,0.0,109.8,4,4,11,0.0,1.0
20211104,14,87.0,91.5,91.1,82.9,88.1,560,19.4,2.0,33.0,0.0,109.8,4,4,11,0.0,1.0
20211104,15,138.0,136.5,134.5,141.6,137.6,1227,19.6,1.9,24.0,0.0,109.8,4,4,11,0.74,1.0
20211104,16,138.0,146.3,133.8,134.7,138.2,2049,18.6,1.4,35.0,0.0,109.8,4,4,11,1.95,1.0
20211104,17,87.0,87.8,91.6,83.5,87.5,0,17.1,1.1,41.0,0.0,109.8,4,4,11,0.0,1.0
20211104,18,87.0,82.2,90.2,83.3,85.7,1084,14.9,0.7,52.0,0.0,109.8,4,4,11,0.41,1.0
20211104,19,27.5,27.8,28.6,26.9,27.7,0,13.9,0.4,57.0,0.0,109.8,4,4,11,0.0,1.5
20211104,20,16.1,15.7,15.5,16.3,15.9,676,12.9,0.9,62.0,0.0,109.8,4,4,11,3.89,1.5
20211104,21,15.9,15.0,15.2,15.6,15.4,0,13.1,1.5,58.0,0.0,109.8,4,4,11,0.0,1.5
20211104,22,87.0,90.3,82.1,82.0,85.4,623,11.4,0.3,66.0,0.0,109.8,4,4,11,0.79,1.5
20211104,23,15.0,14.6,14.5,14.3,14.6,1,11.7,1.5,65.0,0.0,109.8,4,4,11,5.09,1.5
20211105,0,21.2,22.0,21.9,20.7,21.4,0,10.2,0.1,71.0,0.0,109.8,5,5,11,0.0,1.5
20211105,1,87.0,84.8,84.3,88.7,86.2,0,11.3,1.8,64.0,0.0,109.8,5,5,11,0.0,1.5
20211105,2,26.6,25.6,27.3,25.3,26.2,0,11.2,1.2,64.0,0.0,109.8,5,5,11,0.0,1.5
20211105,3,89.6,94.7,86.9,90.3,90.4,0,8.8,0.4,77.0,0.0,109.8,5,5,11,0.0,1.5
20211105,4,16.8,16.5,16.6,16.0,16.5,1179,9.2,0.6,76.0,0.0,109.8,5,5,11,4.82,1.5
20211105,5,25.7,26.0,27.2,24.8,25.9,0,8.6,0.6,77.0,0.0,109.8,5,5,11,0.0,1.5
20211105,6,50.0,50.7,48.5,48.0,49.3,0,9.4,1.2,78.0,0.0,109.8,5,5,11,0.0,1.5
20211105,7,24.2,24.4,23.8,22.9,23.8,0,8.4,0.9,88.0,0.0,109.8,5,5,11,0.0,1.5
20211105,8,22.2,23.3,21.7,22.7,22.5,0,9.9,1.2,77.0,0.0,109.8,5,5,11,0.0,1.5
20211105,9,138.0,140.9,131.5,137.4,137.0,1142,14.0,0.9,68.0,0.0,109.8,5,5,11,1.08,1.0
20211105,10,87.0,86.0,86.9,90.5,87.6,81,16.0,1.1,61.0,0.0,109.8,5,5,11,0.29,1.0
20211105,11,138.0,144.0,136.0,131.4,137.4,2452,17.3,1.4,56.0,0.0,109.8,5,5,11,1.76,1.0
20211105,12,21.3,20.5,21.8,20.4,21.0,0,19.6,1.8,48.0,0.0,109.8,5,5,11,0.0,1.0
20211105,13,138.0,138.7,143.3,134.8,138.7,2346,18.9,1.3,49.0,0.0,109.8,5,5,11,1.6,1.0
20211105,14,50.0,52.7,50.3,51.6,51.2,525,18.4,1.3,55.0,0.0,109.8,5,5,11,0.68,1.0
20211105,15,138.0,140.1,130.3,134.8,135.8,583,18.4,2.8,62.0,0.0,109.8,5,5,11,1.67,1.0
20211105,16,23.8,24.7,24.1,23.5,24.0,0,15.6,1.7,83.0,0.0,109.8,5,5,11,0.0,1.0
20211105,17,87.0,88.6,82.4,84.9,85.7,0,15.4,1.6,77.0,0.0,109.8,5,5,11,0.0,1.0
20211105,18,87.0,90.5,88.2,82.6,87.1,1066,15.9,0.9,66.0,0.2,109.8,5,5,11,0.43,1.0
20211105,19,50.0,52.7,51.1,52.6,51.6,525,16.2,1.1,61.0,0.0,109.8,5,5,11,0.3,1.5
20211105,20,138.0,134.2,133.0,138.8,136.0,973,15.9,1.4,65.0,0.0,109.8,5,5,11,0.79,1.5
20211105,21,87.0,83.6,90.3,90.0,87.7,890,15.3,1.9,68.0,0.0,109.8,5,5,11,0.05,1.5
20211105,22,25.9,25.9,27.2,26.4,26.4,0,14.4,0.5,72.0,0.0,109.8,5,5,11,0.0,1.5
20211105,23,30.6,31.3,31.7,30.7,31.1,0,14.5,2.1,70.0,0.0,109.8,5,5,11,0.0,1.5
20211106,0,51.9,50.2,50.7,49.3,50.5,836,12.7,1.1,78.0,0.0,109.8,6,6,11,0.74,1.5
20211106,1,22.9,21.5,23.1,23.3,22.7,0,12.7,1.2,79.0,0.0,109.8,6,6,11,0.0,1.5
20211106,2,87.0,85.4,91.3,83.4,86.8,529,10.9,0.3,87.0,0.0,109.8,6,6,11,0.99,1.5
20211106,3,23.0,24.3,22.5,22.8,23.2,0,10.6,0.2,88.0,0.0,109.8,6,6,11,0.0,1.5
20211106,4,26.3,26.9,27.3,26.7,26.8,0,11.1,1.3,87.0,0.0,109.8,6,6,11,0.0,1.5
20211106,5,25.0,24.7,23.5,25.8,24.8,0,11.9,2.5,83.0,0.0,109.8,6,6,11,0.0,1.5
20211106,6,21.1,20.3,19.8,21.6,20.7,0,10.9,1.1,87.0,0.0,109.8,6,6,11,0.0,1.5
20211106,7,20.3,19.9,20.9,20.7,20.4,0,11.7,1.8,83.0,0.0,109.8,6,6,11,0.0,1.5
20211106,8,23.3,22.4,24.0,22.3,23.0,0,11.2,1.9,84.0,0.0,109.8,6,6,11,0.0,1.5
20211106,9,18.4,17.5,19.0,18.1,18.2,0,13.8,0.9,82.0,0.0,109.8,6,6,11,0.0,1.0
20211106,10,35.9,37.7,37.8,33.9,36.3,0,17.2,1.5,64.0,0.0,109.8,6,6,11,0.0,1.0
20211106,11,22.2,23.5,21.2,22.8,22.4,0,19.0,2.7,49.0,0.0,109.8,6,6,11,0.0,1.0
20211106,12,26.9,25.8,26.0,28.4,26.8,0,18.9,3.1,51.0,0.0,109.8,6,6,11,0.0,1.0
20211106,13,87.0,82.3,91.2,84.5,86.2,431,19.3,3.2,46.0,0.0,109.8,6,6,11,0.1,1.0
20211106,14,20.4,20.0,19.6,19.4,19.8,0,19.0,3.0,43.0,0.0,109.8,6,6,11,0.0,1.0
20211106,15,25.9,25.8,26.5,25.8,26.0,0,18.6,3.2,45.0,0.0,109.8,6,6,11,0.0,1.0
20211106,16,25.1,24.2,25.2,26.2,25.2,0,18.0,2.3,54.0,0.0,109.8,6,6,11,0.0,1.0
20211106,17,20.9,20.4,19.9,21.0,20.5,0,17.4,3.7,57.0,0.0,109.8,6,6,11,0.0,1.0
20211106,18,21.9,21.1,21.3,20.7,21.2,0,16.4,2.2,58.0,0.0,109.8,6,6,11,0.0,1.0
20211106,19,16.8,17.4,16.8,17.8,17.2,0,16.1,2.7,61.0,0.0,109.8,6,6,11,0.0,1.5
20211106,20,23.3,23.9,24.3,24.2,23.9,0,16.5,2.9,59.0,0.0,109.8,6,6,11,0.0,1.5
20211106,21,25.8,26.2,26.4,24.7,25.8,0,16.2,2.6,59.0,0.0,109.8,6,6,11,0.0,1.5
20211106,22,21.3,21.0,21.6,22.4,21.6,0,16.0,2.8,58.0,0.0,109.8,6,6,11,0.0,1.5
20211106,23,50.0,52.5,50.0,49.7,50.6,0,16.1,2.5,65.0,0.0,109.8,6,6,11,0.0,1.5
20211107,0,87.0,91.9,84.9,85.7,87.4,1371,15.6,2.3,72.0,0.0,109.8,7,7,11,0.58,1.5
20211107,1,26.3,25.3,25.1,26.2,25.7,0,15.9,1.8,71.0,0.0,109.8,7,7,11,0.0,1.5
20211107,2,43.2,41.8,42.7,44.9,43.2,0,14.7,2.6,83.0,0.0,109.8,7,7,11,0.0,1.5
20211107,3,21.8,21.9,20.6,22.2,21.6,0,14.8,3.5,85.0,0.0,109.8,7,7,11,0.0,1.5
20211107,4,85.6,81.4,82.6,81.1,82.7,0,13.6,2.5,98.0,0.0,109.8,7,7,11,0.0,1.5
20211107,5,15.0,14.9,14.9,15.8,15.2,0,13.4,2.9,97.0,0.0,109.8,7,7,11,0.0,1.5
20211107,6,22.3,22.5,22.1,21.4,22.1,0,13.9,2.7,95.0,2.2,109.8,7,7,11,0.0,1.5
20211107,7,24.7,24.8,23.3,25.4,24.5,0,14.7,2.0,91.0,0.0,109.8,7,7,11,0.0,1.5
20211107,8,24.9,24.4,25.2,25.3,25.0,0,16.4,1.8,77.0,0.0,109.8,7,7,11,0.0,1.5
20211107,9,21.4,21.5,21.5,20.6,21.2,0,17.5,3.3,66.0,0.0,109.8,7,7,11,0.0,1.0
20211107,10,26.4,27.9,25.1,25.4,26.2,0,18.0,3.7,63.0,0.0,109.8,7,7,11,0.0,1.0
20211107,11,16.8,16.2,17.7,17.5,17.0,0,17.7,4.2,59.0,0.0,109.8,7,7,11,0.0,1.0
20211107,12,21.0,21.4,20.0,20.8,20.8,0,18.2,2.9,56.0,0.0,109.8,7,7,11,0.0,1.0
20211107,13,21.7,20.5,22.6,22.1,21.7,0,18.9,4.1,49.0,0.0,109.8,7,7,11,0.0,1.0
20211107,14,24.9,23.6,23.4,24.9,24.2,0,19.8,3.0,50.0,0.0,109.8,7,7,11,0.0,1.0
20211107,15,18.5,18.6,19.3,19.0,18.8,0,18.7,4.1,51.0,0.0,109.8,7,7,11,0.0,1.0
20211107,16,23.0,21.9,21.7,22.9,22.4,0,18.7,3.2,58.0,0.0,109.8,7,7,11,0.0,1.0
20211107,17,25.8,24.3,26.6,25.1,25.5,0,17.6,1.6,63.0,0.0,109.8,7,7,11,0.0,1.0
20211107,18,25.3,24.3,24.9,24.9,24.8,0,17.2,1.2,64.0,0.0,109.8,7,7,11,0.0,1.0
20211107,19,21.4,21.6,22.0,22.3,21.8,0,16.9,1.6,68.0,0.0,109.8,7,7,11,0.0,1.5
20211107,20,54.6,55.9,54.0,54.4,54.7,0,16.0,1.2,70.0,0.0,109.8,7,7,11,0.0,1.5
20211107,21,24.3,23.4,23.0,23.5,23.6,0,17.3,1.3,74.0,0.0,109.8,7,7,11,0.0,1.5
20211107,22,87.0,88.8,89.8,91.5,89.3,556,17.7,3.0,68.0,0.0,109.8,7,7,11,0.17,1.5
20211107,23,22.4,21.5,21.2,23.2,22.1,0,17.2,1.7,74.0,0.0,109.8,7,7,11,0.0,1.5
20211108,0,23.5,23.8,24.7,22.2,23.6,0,17.1,0.7,76.0,0.0,109.8,1,8,11,0.0,1.5
20211108,1,21.8,21.6,20.6,23.1,21.8,0,17.0,0.0,76.0,0.0,109.8,1,8,11,0.0,1.5
20211108,2,87.0,88.6,86.8,89.0,87.8,0,16.8,1.0,76.0,0.0,109.8,1,8,11,0.0,1.5
20211108,3,87.0,92.2,89.3,83.5,88.0,1486,15.4,0.7,87.0,0.0,109.8,1,8,11,0.4,1.5
20211108,4,26.1,27.5,25.8,25.3,26.2,0,16.1,0.8,83.0,0.0,109.8,1,8,11,0.0,1.5
20211108,5,50.0,47.0,48.3,51.2,49.1,464,17.8,3.9,76.0,0.0,109.8,1,8,11,0.0,1.5
20211108,6,19.6,20.5,20.2,20.3,20.2,0,17.9,4.4,77.0,0.0,109.8,1,8,11,0.0,1.5
20211108,7,87.0,82.5,90.0,84.3,86.0,0,18.0,3.1,77.0,0.0,109.8,1,8,11,0.0,1.5
20211108,8,87.0,91.7,91.4,84.5,88.6,892,18.6,3.9,78.0,0.0,109.8,1,8,11,0.38,1.5
20211108,9,25.0,24.3,24.6,24.4,24.6,0,19.7,4.8,75.0,0.0,109.8,1,8,11,0.0,1.0
20211108,10,87.0,85.8,87.1,88.0,87.0,430,20.8,4.6,71.0,0.0,109.8,1,8,11,0.36,1.0
20211108,11,87.0,82.7,85.6,83.6,84.7,0,20.8,5.3,69.0,0.0,109.8,1,8,11,0.0,1.0
20211108,12,138.0,131.6,134.0,131.4,133.8,2074,19.4,4.7,80.0,0.2,109.8,1,8,11,1.56,1.0
20211108,13,87.0,89.4,89.6,88.9,88.7,1318,16.9,2.4,96.0,0.0,109.8,1,8,11,0.6,1.0
20211108,14,138.0,145.4,135.3,142.6,140.3,2438,16.3,2.4,97.0,0.0,109.8,1,8,11,0.73,1.0
20211108,15,20.4,20.7,20.2,20.4,20.4,0,12.3,2.8,98.0,17.5,109.8,1,8,11,0.0,1.0
20211108,16,138.0,141.6,136.4,135.7,137.9,366,10.7,2.8,98.0,0.0,109.8,1,8,11,1.65,1.0
20211108,17,87.0,89.7,89.2,86.3,88.0,712,10.5,3.1,87.0,0.0,109.8,1,8,11,0.56,1.0
20211108,18,138.0,134.1,144.9,136.2,138.3,1918,9.8,3.0,76.0,7.6,109.8,1,8,11,1.37,1.0
20211108,19,87.0,82.3,88.7,91.8,87.4,0,8.9,1.1,82.0,0.0,109.8,1,8,11,0.0,1.5
20211108,20,87.0,81.8,86.7,89.8,86.3,0,9.1,1.7,71.0,0.0,109.8,1,8,11,0.0,1.5
20211108,21,138.0,135.5,142.6,133.2,137.3,651,8.2,1.1,75.0,0.0,109.8,1,8,11,1.13,1.5
20211108,22,22.1,21.4,22.5,21.8,22.0,0,7.8,0.9,74.0,0.0,109.8,1,8,11,0.0,1.5
20211108,23,87.9,83.3,83.3,88.4,85.7,0,7.6,1.0,69.0,0.0,109.8,1,8,11,0.0,1.5
20211109,0,19.3,18.6,18.4,19.6,19.0,0,7.4,0.4,67.0,0.0,109.8,2,9,11,0.0,1.5
20211109,1,42.0,40.1,39.7,41.8,40.9,0,6.6,0.7,70.0,0.0,109.8,2,9,11,0.0,1.5
20211109,2,50.0,52.5,49.7,51.9,51.0,1064,7.1,1.9,65.0,0.0,109.8,2,9,11,0.64,1.5
20211109,3,27.0,25.8,28.1,27.9,27.2,0,7.1,1.4,67.0,0.0,109.8,2,9,11,0.0,1.5
20211109,4,16.5,16.6,16.1,16.5,16.4,1045,5.8,0.1,81.0,0.0,109.8,2,9,11,4.55,1.5
20211109,5,23.5,23.8,23.2,24.5,23.8,0,5.0,1.5,81.0,0.0,109.8,2,9,11,0.0,1.5
20211109,6,65.4,65.7,68.6,67.4,66.8,0,5.2,1.0,81.0,0.0,109.8,2,9,11,0.0,1.5
20211109,7,138.0,131.4,143.6,142.6,138.9,500,4.3,0.6,89.0,0.0,109.8,2,9,11,1.36,1.5
20211109,8,87.0,85.1,88.7,91.8,88.2,562,7.0,0.4,80.0,0.0,109.8,2,9,11,0.0,1.5
20211109,9,138.0,130.6,134.1,134.1,134.2,944,8.7,2.3,67.0,0.0,109.8,2,9,11,0.9,1.0
20211109,10,138.0,136.3,131.7,134.2,135.0,1448,10.9,1.7,60.0,0.0,109.8,2,9,11,1.09,1.0
20211109,11,87.0,83.7,81.9,91.1,85.9,687,11.8,2.9,49.0,0.0,109.8,2,9,11,0.57,1.0
20211109,12,138.0,139.0,131.5,142.5,137.8,525,12.7,3.9,46.0,0.0,109.8,2,9,11,1.72,1.0
20211109,13,16.9,17.3,16.5,17.8,17.1,0,13.3,3.9,43.0,0.0,109.8,2,9,11,0.0,1.0
20211109,14,16.2,16.3,16.3,15.4,16.0,0,12.2,3.3,46.0,0.0,109.8,2,9,11,0.0,1.0
20211109,15,87.0,86.3,82.4,88.3,86.0,35,12.5,3.4,43.0,0.0,109.8,2,9,11,0.09,1.0
20211109,16,138.0,136.1,132.0,132.1,134.6,995,11.8,2.5,48.0,0.0,109.8,2,9,11,0.92,1.0
20211109,17,87.0,90.6,83.7,87.0,87.1,655,11.2,2.5,48.0,0.0,109.8,2,9,11,0.24,1.0
20211109,18,138.0,133.4,140.2,132.3,136.0,1331,10.4,1.6,53.0,0.0,109.8,2,9,11,0.81,1.0
20211109,19,23.4,24.1,23.7,22.4,23.4,0,9.7,1.5,55.0,0.0,109.8,2,9,11,0.0,1.5
20211109,20,22.3,23.0,22.4,21.0,22.2,0,8.5,0.8,59.0,0.0,109.8,2,9,11,0.0,1.5
20211109,21,87.0,86.2,84.4,88.4,86.5,1061,8.5,1.4,57.0,0.0,109.8,2,9,11,0.33,1.5
20211109,22,57.4,56.0,56.5,56.4,56.6,1157,8.9,2.1,54.0,0.0,109.8,2,9,11,1.48,1.5
20211109,23,138.0,137.5,131.3,131.5,134.6,176,8.6,1.9,56.0,0.0,109.8,2,9,11,0.55,1.5
20211110,0,138.0,131.3,133.5,135.1,134.5,214,7.7,1.1,62.0,0.0,109.8,3,10,11,1.3,1.5
20211110,1,87.0,82.3,91.2,83.5,86.0,0,8.5,2.3,59.0,0.0,109.8,3,10,11,0.0,1.5
20211110,2,27.9,26.6,29.5,29.4,28.4,0,8.1,2.9,60.0,0.0,109.8,3,10,11,0.0,1.5
20211110,3,26.9,25.9,27.4,26.3,26.6,0,7.9,3.7,61.0,0.0,109.8,3,10,11,0.0,1.5
20211110,4,15.0,15.0,15.8,14.7,15.1,2053,7.7,2.3,61.0,0.0,109.8,3,10,11,0.0,1.5
20211110,5,100.7,104.9,102.4,104.8,103.2,0,8.1,2.5,61.0,0.0,109.8,3,10,11,0.0,1.5
20211110,6,54.0,52.3,51.0,55.0,53.1,892,8.0,1.1,63.0,0.0,109.8,3,10,11,0.57,1.5
20211110,7,87.0,91.5,92.2,89.2,90.0,854,7.6,1.5,68.0,0.0,109.8,3,10,11,0.33,1.5
20211110,8,87.0,91.7,82.8,88.4,87.5,77,6.9,1.5,79.0,0.0,109.8,3,10,11,1.16,1.5
20211110,9,87.0,91.8,88.9,91.7,89.9,475,8.9,0.7,74.0,0.0,109.8,3,10,11,0.33,1.0
20211110,10,138.0,143.6,133.9,133.1,137.2,1493,10.5,0.6,65.0,0.0,109.8,3,10,11,0.12,1.0
20211110,11,22.2,21.8,21.9,23.5,22.4,0,10.2,1.5,56.0,0.0,109.8,3,10,11,0.0,1.0
20211110,12,25.5,24.2,25.9,26.5,25.5,0,11.5,3.0,50.0,0.0,109.8,3,10,11,0.0,1.0
20211110,13,138.0,139.1,136.9,139.5,138.4,787,11.5,4.0,45.0,0.0,109.8,3,10,11,0.15,1.0
20211110,14,138.0,139.0,133.9,140.7,137.9,1332,12.0,4.2,43.0,0.0,109.8,3,10,11,1.23,1.0
20211110,15,138.0,143.8,135.3,140.5,139.4,350,12.6,3.6,40.0,0.0,109.8,3,10,11,1.41,1.0
20211110,16,38.8,41.1,38.1,36.7,38.7,0,11.6,3.2,46.0,0.0,109.8,3,10,11,0.0,1.0
20211110,17,138.0,138.1,145.6,133.3,138.8,2505,10.8,1.6,53.0,0.0,109.8,3,10,11,1.53,1.0
20211110,18,138.0,135.4,142.9,145.6,140.5,1086,9.1,1.8,64.0,0.0,109.8,3,10,11,1.27,1.0
20211110,19,87.0,83.7,86.6,87.4,86.2,631,9.0,1.9,62.0,0.0,109.8,3,10,11,0.97,1.5
20211110,20,138.0,129.8,133.0,136.0,134.2,770,8.1,1.3,67.0,0.0,109.8,3,10,11,0.88,1.5
20211110,21,23.3,23.3,24.2,24.0,23.7,0,8.0,1.1,68.0,0.0,109.8,3,10,11,0.0,1.5
20211110,22,87.0,87.6,83.4,87.3,86.3,0,8.4,1.2,65.0,0.0,109.8,3,10,11,0.0,1.5
20211110,23,52.8,54.9,51.0,49.7,52.1,673,8.6,2.2,62.0,0.0,109.8,3,10,11,1.44,1.5
20211111,0,23.2,23.2,22.8,23.9,23.3,0,8.3,2.4,63.0,0.0,109.8,4,11,11,0.0,1.5
20211111,1,22.8,23.9,23.8,23.4,23.5,0,7.9,2.2,66.0,0.0,109.8,4,11,11,0.0,1.5
20211111,2,17.2,17.5,16.4,16.5,16.9,671,7.9,0.9,70.0,0.0,109.8,4,11,11,0.0,1.5
20211111,3,17.3,18.0,16.5,18.2,17.5,0,7.7,0.4,74.0,0.0,109.8,4,11,11,0.0,1.5
20211111,4,51.0,48.8,51.0,49.3,50.0,284,7.0,1.3,74.0,0.0,109.8,4,11,11,0.21,1.5
20211111,5,87.0,90.7,84.7,86.6,87.2,23,7.7,0.5,73.0,0.0,109.8,4,11,11,0.0,1.5
20211111,6,22.4,22.9,22.6,21.4,22.3,0,7.5,0.8,75.0,0.0,109.8,4,11,11,0.0,1.5
20211111,7,50.0,48.0,49.7,50.6,49.6,206,7.5,1.8,72.0,0.0,109.8,4,11,11,0.59,1.5
20211111,8,87.0,83.8,86.3,85.7,85.7,0,8.4,2.3,64.0,0.0,109.8,4,11,11,0.0,1.5
20211111,9,138.0,145.1,131.6,135.6,137.6,1279,9.4,3.0,45.0,0.0,109.8,4,11,11,1.18,1.0
20211111,10,138.0,130.3,132.1,143.4,136.0,1545,10.5,3.3,38.0,0.0,109.8,4,11,11,1.29,1.0
20211111,11,138.0,137.4,143.3,129.9,137.2,990,11.3,3.4,36.0,0.0,109.8,4,11,11,1.2,1.0
20211111,12,138.0,134.9,144.4,142.9,140.0,1331,11.8,3.1,35.0,0.0,109.8,4,11,11,0.74,1.0
20211111,13,138.0,140.7,133.6,139.2,137.9,1702,12.8,2.6,35.0,0.0,109.8,4,11,11,1.15,1.0
20211111,14,50.0,52.0,47.7,52.9,50.6,0,13.0,2.3,39.0,0.0,109.8,4,11,11,0.0,1.0
20211111,15,138.0,135.7,130.6,139.5,136.0,1578,12.3,1.8,42.0,0.0,109.8,4,11,11,0.48,1.0
20211111,16,87.0,86.2,88.1,82.4,85.9,679,11.3,2.6,47.0,0.0,109.8,4,11,11,1.06,1.0
20211111,17,138.0,146.0,141.6,130.6,139.0,1739,10.2,1.9,53.0,0.0,109.8,4,11,11,1.1,1.0
20211111,18,87.0,90.0,85.7,91.0,88.4,722,9.7,1.2,57.0,0.0,109.8,4,11,11,0.25,1.0
20211111,19,17.1,17.9,17.5,17.8,17.6,0,9.0,1.5,60.0,0.0,109.8,4,11,11,0.0,1.5
20211111,20,17.1,17.0,17.5,16.8,17.1,519,7.7,1.3,62.0,0.0,109.8,4,11,11,7.95,1.5
20211111,21,87.0,84.2,91.5,88.2,87.7,787,7.1,0.6,61.0,0.0,109.8,4,11,11,0.0,1.5
20211111,22,71.0,70.2,67.3,70.9,69.8,0,6.8,1.4,61.0,0.0,109.8,4,11,11,0.0,1.5
20211111,23,24.0,24.6,23.1,25.3,24.2,0,6.4,1.6,64.0,0.0,109.8,4,11,11,0.0,1.5
20211112,0,23.0,21.9,21.8,24.2,22.7,0,5.9,1.6,70.0,0.0,109.8,5,12,11,0.0,1.5
20211112,1,87.0,84.6,90.8,92.1,88.6,0,6.0,1.6,67.0,0.0,109.8,5,12,11,0.0,1.5
20211112,2,25.9,24.5,26.8,27.0,26.0,0,6.3,1.8,58.0,0.0,109.8,5,12,11,0.0,1.5
20211112,3,138.0,136.9,139.2,144.8,139.7,1021,5.6,1.1,62.0,0.0,109.8,5,12,11,0.61,1.5
20211112,4,87.0,90.4,82.7,84.0,86.0,53,4.8,0.7,68.0,0.0,109.8,5,12,11,0.0,1.5
20211112,5,22.3,21.0,21.7,23.2,22.0,0,4.8,0.1,67.0,0.0,109.8,5,12,11,0.0,1.5
20211112,6,87.0,88.8,84.9,89.2,87.5,1129,5.7,2.0,63.0,0.0,109.8,5,12,11,0.46,1.5
20211112,7,87.0,91.5,87.6,91.8,89.5,0,5.6,1.8,63.0,0.0,109.8,5,12,11,0.0,1.5
20211112,8,24.9,24.1,24.2,25.1,24.6,0,7.0,2.1,57.0,0.0,109.8,5,12,11,0.0,1.5
20211112,9,138.0,141.2,130.9,131.1,135.3,786,7.9,3.6,49.0,0.0,109.8,5,12,11,1.37,1.0
20211112,10,138.0,145.9,141.8,139.6,141.3,1079,8.8,3.5,42.0,0.0,109.8,5,12,11,1.55,1.0
20211112,11,87.0,91.8,84.9,88.9,88.2,0,9.5,3.6,37.0,0.0,109.8,5,12,11,0.0,1.0
20211112,12,87.0,84.2,86.5,84.1,85.4,118,10.1,3.7,33.0,0.0,109.8,5,12,11,1.55,1.0
20211112,13,138.0,131.4,131.8,136.2,134.4,2927,11.0,3.6,34.0,0.0,109.8,5,12,11,0.25,1.0
20211112,14,87.0,83.3,90.2,88.0,87.1,221,10.5,3.8,37.0,0.0,109.8,5,12,11,0.7,1.0
20211112,15,87.0,89.1,87.7,85.7,87.4,0,11.0,1.7,39.0,0.0,109.8,5,12,11,0.0,1.0
20211112,16,138.0,141.7,144.7,135.9,140.1,2811,10.6,2.1,40.0,0.0,109.8,5,12,11,1.09,1.0
20211112,17,21.7,22.2,21.7,20.7,21.6,0,9.5,1.3,47.0,0.0,109.8,5,12,11,0.0,1.0
20211112,18,138.0,135.3,145.3,145.3,141.0,2156,8.8,1.5,51.0,0.0,109.8,5,12,11,1.0,1.0
20211112,19,23.0,22.1,24.1,23.7,23.2,0,7.9,1.3,54.0,0.0,109.8,5,12,11,0.0,1.5
20211112,20,22.6,22.8,22.8,21.2,22.4,0,6.9,1.3,58.0,0.0,109.8,5,12,11,0.0,1.5
20211112,21,55.1,55.0,58.0,56.9,56.2,0,7.0,1.1,60.0,0.0,109.8,5,12,11,0.0,1.5
20211112,22,87.0,89.4,85.2,89.5,87.8,0,7.4,2.1,57.0,0.0,109.8,5,12,11,0.0,1.5
20211112,23,50.0,49.6,49.2,47.1,49.0,203,6.6,2.1,54.0,0.0,109.8,5,12,11,0.37,1.5
20211113,0,22.0,21.6,20.8,21.7,21.5,0,6.4,2.1,55.0,0.0,109.8,6,13,11,0.0,1.5
20211113,1,22.8,22.2,23.0,23.1,22.8,0,6.0,2.4,58.0,0.0,109.8,6,13,11,0.0,1.5
20211113,2,21.0,20.3,21.6,20.9,21.0,0,6.3,2.2,57.0,0.0,109.8,6,13,11,0.0,1.5
20211113,3,51.1,49.7,52.8,52.8,51.6,437,5.9,2.8,58.0,0.0,109.8,6,13,11,0.24,1.5
20211113,4,31.6,30.1,30.3,31.3,30.8,0,5.5,2.0,61.0,0.0,109.8,6,13,11,0.0,1.5
20211113,5,24.6,24.1,24.4,23.6,24.2,0,4.4,0.5,70.0,0.0,109.8,6,13,11,0.0,1.5
20211113,6,21.0,19.8,20.2,22.2,20.8,0,5.7,1.5,63.0,0.0,109.8,6,13,11,0.0,1.5
20211113,7,20.4,19.6,20.8,19.8,20.2,0,4.3,0.7,70.0,0.0,109.8,6,13,11,0.0,1.5
20211113,8,16.2,16.7,15.5,16.6,16.2,277,8.2,0.9,57.0,0.0,109.8,6,13,11,8.03,1.5
20211113,9,15.0,14.7,15.7,14.4,15.0,437,8.5,1.4,57.0,0.0,109.8,6,13,11,5.82,1.0
20211113,10,29.2,29.8,28.3,28.6,29.0,0,10.8,1.7,51.0,0.0,109.8,6,13,11,0.0,1.0
20211113,11,50.0,51.3,48.7,49.7,49.9,340,12.3,2.1,48.0,0.0,109.8,6,13,11,0.81,1.0
20211113,12,20.9,21.1,21.8,20.1,21.0,0,13.4,3.5,45.0,0.0,109.8,6,13,11,0.0,1.0
20211113,13,50.0,52.8,49.8,49.7,50.6,345,13.9,3.7,42.0,0.0,109.8,6,13,11,1.65,1.0
20211113,14,25.6,24.1,24.1,24.5,24.6,0,14.9,2.0,37.0,0.0,109.8,6,13,11,0.0,1.0
20211113,15,22.8,23.5,22.8,23.0,23.0,0,15.4,1.2,36.0,0.0,109.8,6,13,11,0.0,1.0
20211113,16,27.6,29.1,26.2,28.1,27.8,0,15.1,2.1,36.0,0.0,109.8,6,13,11,0.0,1.0
20211113,17,28.7,29.9,30.4,27.2,29.0,0,13.4,1.1,46.0,0.0,109.8,6,13,11,0.0,1.0
20211113,18,31.5,30.2,31.8,32.9,31.6,0,11.8,1.5,54.0,0.0,109.8,6,13,11,0.0,1.0
20211113,19,21.6,21.2,21.0,20.8,21.2,0,11.5,2.1,57.0,0.0,109.8,6,13,11,0.0,1.5
20211113,20,21.3,20.5,21.5,20.6,21.0,0,11.1,1.9,60.0,0.0,109.8,6,13,11,0.0,1.5
20211113,21,24.2,24.5,23.0,24.7,24.1,0,9.9,2.0,66.0,0.0,109.8,6,13,11,0.0,1.5
20211113,22,58.7,60.2,60.8,58.5,59.6,0,9.1,1.6,71.0,0.0,109.8,6,13,11,0.0,1.5
20211113,23,19.0,18.6,20.0,19.0,19.2,0,7.3,0.3,82.0,0.0,109.8,6,13,11,0.0,1.5
20211114,0,15.9,16.0,16.6,15.2,15.9,621,6.9,0.2,85.0,0.0,109.8,7,14,11,0.0,1.5
20211114,1,18.8,19.2,18.4,19.5,19.0,0,9.0,3.2,70.0,0.0,109.8,7,14,11,0.0,1.5
20211114,2,23.3,23.1,22.8,23.6,23.2,0,7.0,0.8,84.0,0.0,109.8,7,14,11,0.0,1.5
20211114,3,17.3,18.0,16.3,16.5,17.0,0,5.3,0.1,89.0,0.0,109.8,7,14,11,0.0,1.5
20211114,4,50.0,51.6,50.9,49.2,50.4,0,6.1,0.7,81.0,0.0,109.8,7,14,11,0.0,1.5
20211114,5,17.2,16.3,17.3,17.8,17.2,0,5.1,0.3,88.0,0.0,109.8,7,14,11,0.0,1.5
20211114,6,21.4,21.7,21.3,21.6,21.5,0,6.7,1.7,82.0,0.0,109.8,7,14,11,0.0,1.5
20211114,7,87.0,84.2,91.3,82.9,86.4,0,5.4,0.5,85.0,0.0,109.8,7,14,11,0.0,1.5
20211114,8,54.0,54.4,51.8,53.2,53.4,801,7.3,1.2,79.0,0.0,109.8,7,14,11,0.06,1.5
20211114,9,113.9,120.1,107.2,110.4,112.9,0,10.1,0.5,69.0,0.0,109.8,7,14,11,0.0,1.0
20211114,10,41.9,43.8,39.8,42.0,41.9,0,12.9,0.8,52.0,0.0,109.8,7,14,11,0.0,1.0
20211114,11,18.5,18.3,17.9,19.3,18.5,0,16.1,1.1,46.0,0.0,109.8,7,14,11,0.0,1.0
20211114,12,50.0,48.7,47.2,49.6,48.9,0,17.1,2.3,43.0,0.0,109.8,7,14,11,0.0,1.0
20211114,13,21.4,20.7,21.4,21.2,21.2,0,17.3,3.3,40.0,0.0,109.8,7,14,11,0.0,1.0
20211114,14,61.9,62.1,60.5,64.9,62.4,0,17.3,2.8,39.0,0.0,109.8,7,14,11,0.0,1.0
20211114,15,65.1,62.1,62.6,65.7,63.9,876,17.4,2.0,38.0,0.0,109.8,7,14,11,0.0,1.0
20211114,16,22.8,22.9,23.5,23.0,23.0,0,17.1,1.7,41.0,0.0,109.8,7,14,11,0.0,1.0
20211114,17,51.9,48.8,50.1,50.4,50.3,0,15.7,1.6,44.0,0.0,109.8,7,14,11,0.0,1.0
20211114,18,40.0,39.2,40.9,40.5,40.2,0,14.1,1.5,52.0,0.0,109.8,7,14,11,0.0,1.0
20211114,19,25.3,24.4,24.8,25.5,25.0,0,13.6,1.3,54.0,0.0,109.8,7,14,11,0.0,1.5
20211114,20,22.2,23.5,22.2,21.9,22.5,0,12.9,1.4,58.0,0.0,109.8,7,14,11,0.0,1.5
20211114,21,21.6,22.2,22.7,22.9,22.4,0,11.3,1.2,67.0,0.0,109.8,7,14,11,0.0,1.5
20211114,22,20.9,20.5,19.7,21.9,20.8,0,10.7,1.3,68.0,0.0,109.8,7,14,11,0.0,1.5
20211114,23,56.8,54.0,56.8,58.5,56.5,0,11.2,1.8,69.0,0.0,109.8,7,14,11,0.0,1.5
20211115,0,16.6,16.6,17.3,16.7,16.8,1525,8.3,0.4,83.0,0.0,109.8,1,15,11,2.37,1.5
20211115,1,22.3,21.5,22.5,22.2,22.1,0,7.2,0.3,86.0,0.0,109.8,1,15,11,0.0,1.5
20211115,2,16.9,17.0,16.4,16.3,16.6,380,7.3,0.4,82.0,0.0,109.8,1,15,11,3.9,1.5
20211115,3,22.0,22.9,21.7,21.5,22.0,0,7.1,0.6,89.0,0.0,109.8,1,15,11,0.0,1.5
20211115,4,50.0,50.7,51.1,51.6,50.8,0,6.4,0.2,88.0,0.0,109.8,1,15,11,0.0,1.5
20211115,5,138.0,140.2,144.5,137.2,140.0,792,6.9,0.7,81.0,0.0,109.8,1,15,11,1.2,1.5
20211115,6,87.0,87.4,82.2,91.0,86.9,101,6.4,0.7,85.0,0.0,109.8,1,15,11,0.49,1.5
20211115,7,138.0,145.1,130.9,132.2,136.6,1260,6.1,1.1,83.0,0.0,109.8,1,15,11,0.49,1.5
20211115,8,50.0,52.6,49.0,50.1,50.4,0,7.3,0.7,84.0,0.0,109.8,1,15,11,0.0,1.5
20211115,9,138.0,138.2,133.6,140.4,137.5,1144,9.9,1.2,71.0,0.0,109.8,1,15,11,1.59,1.0
20211115,10,138.0,134.8,134.1,138.3,136.3,1761,12.8,1.6,62.0,0.0,109.8,1,15,11,1.38,1.0
20211115,11,87.0,86.6,84.1,91.1,87.2,716,15.6,1.7,46.0,0.0,109.8,1,15,11,0.78,1.0
20211115,12,87.0,83.7,83.8,92.1,86.6,886,15.3,3.3,43.0,0.0,109.8,1,15,11,0.0,1.0
20211115,13,87.0,88.4,83.1,83.0,85.4,329,16.5,2.8,27.0,0.0,109.8,1,15,11,0.58,1.0
20211115,14,87.0,87.0,91.5,83.1,87.2,1090,17.3,1.7,23.0,0.0,109.8,1,15,11,0.0,1.0
20211115,15,138.0,131.4,132.1,131.9,133.4,1423,17.5,1.1,23.0,0.0,109.8,1,15,11,1.02,1.0
20211115,16,87.0,83.8,83.9,88.9,85.9,151,15.9,1.7,39.0,0.0,109.8,1,15,11,0.66,1.0
20211115,17,138.0,137.7,133.8,135.9,136.4,1631,14.3,1.3,46.0,0.0,109.8,1,15,11,1.29,1.0
20211115,18,138.0,144.4,145.2,141.9,142.4,1764,12.5,0.1,56.0,0.0,109.8,1,15,11,0.83,1.0
20211115,19,19.6,19.8,20.2,19.4,19.8,0,11.4,0.2,61.0,0.0,109.8,1,15,11,0.0,1.5
20211115,20,20.4,20.8,21.1,20.7,20.8,0,11.7,2.1,59.0,0.0,109.8,1,15,11,0.0,1.5
20211115,21,21.4,21.0,20.4,22.1,21.2,0,10.1,0.1,65.0,0.0,109.8,1,15,11,0.0,1.5
20211115,22,21.6,21.8,22.5,21.7,21.9,0,10.0,1.8,67.0,0.0,109.8,1,15,11,0.0,1.5
20211115,23,87.0,86.5,86.0,87.4,86.7,949,8.9,0.3,71.0,0.0,109.8,1,15,11,0.48,1.5
20211116,0,25.4,25.9,24.7,24.1,25.0,0,8.4,0.1,78.0,0.0,109.8,2,16,11,0.0,1.5
20211116,1,87.0,82.3,87.8,86.1,85.8,1189,8.2,0.9,77.0,0.0,109.8,2,16,11,0.0,1.5
20211116,2,26.5,26.5,27.5,26.6,26.8,0,6.9,0.3,83.0,0.0,109.8,2,16,11,0.0,1.5
20211116,3,38.2,37.3,39.5,38.0,38.2,0,8.0,0.2,75.0,0.0,109.8,2,16,11,0.0,1.5
20211116,4,21.0,20.6,22.0,22.0,21.4,0,9.4,1.6,60.0,0.0,109.8,2,16,11,0.0,1.5
20211116,5,47.7,50.3,50.2,50.0,49.6,0,9.7,2.6,61.0,0.0,109.8,2,16,11,0.0,1.5
20211116,6,87.0,83.7,84.3,90.4,86.4,565,9.5,0.9,63.0,0.0,109.8,2,16,11,0.96,1.5
20211116,7,87.0,85.0,86.2,85.7,86.0,0,9.4,1.6,64.0,0.0,109.8,2,16,11,0.0,1.5
20211116,8,87.0,87.1,81.9,89.3,86.3,978,9.2,2.2,66.0,0.0,109.8,2,16,11,0.39,1.5
20211116,9,138.0,144.0,144.3,136.3,140.6,1766,11.2,1.8,63.0,0.0,109.8,2,16,11,1.82,1.0
20211116,10,138.0,136.6,132.3,133.6,135.1,665,13.5,1.2,52.0,0.0,109.8,2,16,11,0.87,1.0
20211116,11,21.4,22.0,22.3,21.0,21.7,0,14.9,2.2,45.0,0.0,109.8,2,16,11,0.0,1.0
20211116,12,138.0,143.9,135.2,130.9,137.0,953,15.7,3.0,37.0,0.0,109.8,2,16,11,0.91,1.0
20211116,13,138.0,134.9,135.8,135.2,136.0,1241,15.6,3.8,30.0,0.0,109.8,2,16,11,0.82,1.0
20211116,14,138.0,136.2,130.4,137.3,135.5,16,16.6,2.7,26.0,0.0,109.8,2,16,11,1.51,1.0
20211116,15,138.0,135.6,135.1,145.5,138.6,2511,16.6,2.4,28.0,0.0,109.8,2,16,11,0.98,1.0
20211116,16,138.0,143.5,144.4,134.9,140.2,1311,16.4,1.0,31.0,0.0,109.8,2,16,11,1.53,1.0
20211116,17,138.0,130.5,130.1,144.7,135.8,2959,14.3,1.4,39.0,0.0,109.8,2,16,11,1.19,1.0
20211116,18,138.0,134.8,136.4,133.5,135.7,1898,12.9,2.1,41.0,0.0,109.8,2,16,11,0.28,1.0
20211116,19,87.0,88.9,82.1,83.8,85.4,329,10.7,0.3,50.0,0.0,109.8,2,16,11,0.19,1.5
20211116,20,87.0,87.7,85.7,87.2,86.9,514,11.6,1.3,39.0,0.0,109.8,2,16,11,0.0,1.5
20211116,21,138.0,136.9,132.6,140.9,137.1,1398,9.5,0.7,50.0,0.0,109.8,2,16,11,1.23,1.5
20211116,22,138.0,138.7,133.9,130.5,135.3,1717,9.5,1.1,50.0,0.0,109.8,2,16,11,0.65,1.5
20211116,23,87.0,83.8,90.9,84.1,86.5,688,8.8,1.6,52.0,0.0,109.8,2,16,11,0.87,1.5
20211117,0,15.6,15.5,15.5,15.5,15.5,1579,7.8,1.2,54.0,0.0,109.8,3,17,11,4.09,1.5
20211117,1,48.5,48.5,47.2,47.5,47.9,0,7.6,0.8,52.0,0.0,109.8,3,17,11,0.0,1.5
20211117,2,40.1,42.0,40.5,41.1,40.9,0,7.1,2.0,53.0,0.0,109.8,3,17,11,0.0,1.5
20211117,3,21.3,20.7,20.4,21.3,20.9,0,6.5,2.1,56.0,0.0,109.8,3,17,11,0.0,1.5
20211117,4,87.0,90.8,84.5,83.5,86.4,335,6.8,2.3,53.0,0.0,109.8,3,17,11,0.36,1.5
20211117,5,50.0,50.9,50.3,52.4,50.9,151,6.9,2.1,53.0,0.0,109.8,3,17,11,1.17,1.5
20211117,6,23.4,22.1,22.7,22.8,22.8,0,6.3,1.8,57.0,0.0,109.8,3,17,11,0.0,1.5
20211117,7,50.0,51.3,51.1,51.4,51.0,0,6.4,2.1,62.0,0.0,109.8,3,17,11,0.0,1.5
20211117,8,28.7,27.1,28.7,29.7,28.6,0,7.5,3.2,62.0,0.0,109.8,3,17,11,0.0,1.5
20211117,9,50.0,53.0,51.6,52.8,51.8,529,9.3,2.8,58.0,0.0,109.8,3,17,11,1.45,1.0
20211117,10,138.0,144.2,145.4,138.0,141.4,10,11.6,1.8,52.0,0.0,109.8,3,17,11,1.06,1.0
20211117,11,138.0,134.6,131.6,139.9,136.0,1869,13.4,2.1,46.0,0.0,109.8,3,17,11,0.88,1.0
20211117,12,138.0,134.0,135.3,135.3,135.6,1304,14.3,2.2,38.0,0.0,109.8,3,17,11,0.32,1.0
20211117,13,138.0,136.0,135.0,141.0,137.5,1563,15.8,0.7,32.0,0.0,109.8,3,17,11,0.89,1.0
20211117,14,138.0,135.6,132.2,137.4,135.8,0,16.3,0.9,30.0,0.0,109.8,3,17,11,0.0,1.0
20211117,15,138.0,135.9,143.1,137.0,138.5,2107,15.7,2.0,30.0,0.0,109.8,3,17,11,0.98,1.0
20211117,16,87.0,85.1,89.7,90.7,88.1,559,15.3,1.1,36.0,0.0,109.8,3,17,11,0.5,1.0
20211117,17,138.0,140.0,137.7,130.6,136.6,1557,13.7,1.4,45.0,0.0,109.8,3,17,11,1.06,1.0
20211117,18,138.0,132.4,138.6,144.3,138.3,1166,12.7,1.8,42.0,0.0,109.8,3,17,11,1.54,1.0
20211117,19,87.0,90.6,82.4,90.7,87.7,509,11.8,1.8,44.0,0.0,109.8,3,17,11,0.18,1.5
20211117,20,87.0,90.3,87.6,87.1,88.0,0,10.0,0.8,51.0,0.0,109.8,3,17,11,0.0,1.5
20211117,21,24.0,23.9,24.8,24.0,24.2,0,10.8,2.4,44.0,0.0,109.8,3,17,11,0.0,1.5
20211117,22,20.5,21.4,20.7,20.2,20.7,0,11.2,1.8,41.0,0.0,109.8,3,17,11,0.0,1.5
20211117,23,22.9,22.2,22.3,24.3,22.9,0,10.2,0.9,43.0,0.0,109.8,3,17,11,0.0,1.5
20211118,0,41.9,39.5,42.7,39.9,41.0,0,9.2,1.5,49.0,0.0,109.8,4,18,11,0.0,1.5
20211118,1,87.0,88.2,85.6,87.9,87.2,0,9.2,1.1,49.0,0.0,109.8,4,18,11,0.0,1.5
20211118,2,22.7,22.6,22.8,23.2,22.8,0,8.6,1.1,52.0,0.0,109.8,4,18,11,0.0,1.5
20211118,3,87.0,87.7,86.9,91.5,88.3,0,8.9,1.6,49.0,0.0,109.8,4,18,11,0.0,1.5
20211118,4,87.0,91.2,85.8,89.9,88.5,1390,8.0,1.2,54.0,0.0,109.8,4,18,11,0.48,1.5
20211118,5,23.2,24.5,23.8,23.6,23.8,0,7.6,0.9,55.0,0.0,109.8,4,18,11,0.0,1.5
20211118,6,87.0,88.4,91.0,83.0,87.4,1291,6.6,0.7,59.0,0.0,109.8,4,18,11,1.02,1.5
20211118,7,24.3,25.1,22.9,23.9,24.1,0,6.1,0.5,65.0,0.0,109.8,4,18,11,0.0,1.5
20211118,8,15.0,14.3,15.8,14.3,14.8,0,8.4,1.3,54.0,0.0,109.8,4,18,11,0.0,1.5
20211118,9,138.0,132.4,138.2,144.3,138.2,420,10.8,0.3,53.0,0.0,109.8,4,18,11,1.28,1.0
20211118,10,87.0,89.4,89.1,89.6,88.8,0,12.5,0.7,50.0,0.0,109.8,4,18,11,0.0,1.0
20211118,11,138.0,136.9,143.9,142.3,140.3,1092,14.9,1.3,42.0,0.0,109.8,4,18,11,1.15,1.0
20211118,12,138.0,137.1,137.5,140.5,138.3,1842,16.7,1.6,39.0,0.0,109.8,4,18,11,0.96,1.0
20211118,13,138.0,134.8,143.5,138.1,138.6,280,17.3,2.2,36.0,0.0,109.8,4,18,11,0.78,1.0
20211118,14,52.1,52.8,50.1,49.9,51.2,922,18.0,1.4,38.0,0.0,109.8,4,18,11,0.39,1.0
20211118,15,138.0,132.8,132.4,135.2,134.6,660,17.7,2.2,38.0,0.0,109.8,4,18,11,0.87,1.0
20211118,16,87.0,88.3,88.6,83.2,86.8,619,17.7,1.9,36.0,0.0,109.8,4,18,11,0.79,1.0
20211118,17,22.4,21.5,23.4,23.0,22.6,0,16.0,1.8,41.0,0.0,109.8,4,18,11,0.0,1.0
20211118,18,138.0,130.8,144.5,132.4,136.4,772,14.9,2.0,47.0,0.0,109.8,4,18,11,1.04,1.0
20211118,19,20.1,19.7,20.4,20.6,20.2,0,14.1,2.5,48.0,0.0,109.8,4,18,11,0.0,1.5
20211118,20,87.0,84.2,87.3,89.0,86.9,1354,11.3,0.8,58.0,0.0,109.8,4,18,11,0.0,1.5
20211118,21,14.6,15.3,14.3,14.5,14.7,0,11.1,0.1,61.0,0.0,109.8,4,18,11,0.0,1.5
20211118,22,138.0,130.6,145.9,132.0,136.6,1336,10.7,1.4,60.0,0.0,109.8,4,18,11,2.1,1.5
20211118,23,50.0,48.1,48.9,48.9,49.0,39,10.0,0.7,63.0,0.0,109.8,4,18,11,0.93,1.5
20211119,0,28.8,29.0,29.6,28.2,28.9,0,9.9,1.9,63.0,0.0,109.8,5,19,11,0.0,1.5
20211119,1,20.9,20.9,21.0,21.4,21.0,0,9.2,1.2,69.0,0.0,109.8,5,19,11,0.0,1.5
20211119,2,138.0,130.5,139.8,131.6,135.0,1528,7.7,0.6,76.0,0.0,109.8,5,19,11,0.52,1.5
20211119,3,29.0,27.3,28.6,30.1,28.8,0,7.7,1.0,79.0,0.0,109.8,5,19,11,0.0,1.5
20211119,4,138.0,146.1,145.7,142.3,143.0,567,6.8,0.8,78.0,0.0,109.8,5,19,11,0.9,1.5
20211119,5,87.0,88.7,87.7,83.7,86.8,407,6.5,0.0,84.0,0.0,109.8,5,19,11,0.49,1.5
20211119,6,87.0,85.6,91.6,89.3,88.4,546,6.6,0.4,84.0,0.0,109.8,5,19,11,1.2,1.5
20211119,7,70.2,70.0,66.1,71.6,69.5,0,6.5,0.0,85.0,0.0,109.8,5,19,11,0.0,1.5
20211119,8,87.0,84.6,87.8,89.6,87.2,711,8.2,0.4,83.0,0.0,109.8,5,19,11,0.0,1.5
20211119,9,138.0,135.4,141.6,132.8,137.0,1176,10.7,0.5,70.0,0.0,109.8,5,19,11,1.68,1.0
20211119,10,138.0,140.5,142.1,132.3,138.2,2059,13.5,1.6,61.0,0.0,109.8,5,19,11,1.99,1.0
20211119,11,138.0,144.3,144.7,133.6,140.2,1652,15.6,1.5,47.0,0.0,109.8,5,19,11,0.93,1.0
20211119,12,87.0,83.7,81.8,85.6,84.5,457,18.4,1.0,36.0,0.0,109.8,5,19,11,0.33,1.0
20211119,13,51.5,53.6,48.4,53.3,51.7,0,18.3,2.0,31.0,0.0,109.8,5,19,11,0.0,1.0
20211119,14,138.0,131.7,137.5,141.9,137.3,679,18.7,2.9,33.0,0.0,109.8,5,19,11,0.62,1.0
20211119,15,138.0,133.3,130.2,145.0,136.6,1961,18.9,2.4,35.0,0.0,109.8,5,19,11,1.18,1.0
20211119,16,138.0,130.3,145.9,130.7,136.2,915,18.1,2.7,38.0,0.0,109.8,5,19,11,1.15,1.0
20211119,17,138.0,132.1,133.4,129.9,133.4,914,16.6,1.7,45.0,0.0,109.8,5,19,11,1.5,1.0
20211119,18,138.0,144.9,137.5,141.3,140.4,1947,14.8,1.6,54.0,0.0,109.8,5,19,11,1.82,1.0
20211119,19,87.0,86.6,82.4,84.7,85.2,483,13.7,1.5,60.0,0.0,109.8,5,19,11,0.12,1.5
20211119,20,21.7,20.6,21.8,21.3,21.3,0,13.4,1.3,62.0,0.0,109.8,5,19,11,0.0,1.5
20211119,21,70.0,73.9,69.0,70.4,70.8,0,12.6,2.2,65.0,0.0,109.8,5,19,11,0.0,1.5
20211119,22,87.0,91.0,82.2,82.8,85.8,533,10.9,0.7,74.0,0.0,109.8,5,19,11,0.0,1.5
20211119,23,87.0,89.7,85.3,88.5,87.6,576,12.2,1.7,69.0,0.0,109.8,5,19,11,0.45,1.5
20211120,0,15.8,16.6,15.6,15.5,15.9,248,11.0,1.3,77.0,0.0,109.8,6,20,11,4.16,1.5
20211120,1,39.9,38.6,42.2,40.5,40.3,0,12.1,1.3,71.0,0.0,109.8,6,20,11,0.0,1.5
20211120,2,25.6,26.6,24.7,26.6,25.9,0,12.0,1.6,73.0,0.0,109.8,6,20,11,0.0,1.5
20211120,3,97.4,99.6,97.9,93.6,97.1,0,11.9,1.8,75.0,0.0,109.8,6,20,11,0.0,1.5
20211120,4,23.4,24.4,24.8,24.6,24.3,0,11.6,1.5,78.0,0.0,109.8,6,20,11,0.0,1.5
20211120,5,23.8,24.6,24.6,23.9,24.2,0,11.0,1.5,80.0,0.0,109.8,6,20,11,0.0,1.5
20211120,6,21.4,21.0,22.7,22.5,21.9,0,11.2,1.7,81.0,0.0,109.8,6,20,11,0.0,1.5
20211120,7,16.1,16.6,17.0,15.5,16.3,461,10.9,1.9,83.0,0.0,109.8,6,20,11,4.2,1.5
20211120,8,21.6,21.0,21.6,21.9,21.5,0,11.3,2.4,84.0,0.0,109.8,6,20,11,0.0,1.5
20211120,9,71.6,70.1,73.3,70.8,71.4,0,13.3,1.3,77.0,0.0,109.8,6,20,11,0.0,1.0
20211120,10,87.0,82.9,82.9,89.9,85.7,411,15.2,1.4,70.0,0.0,109.8,6,20,11,0.3,1.0
20211120,11,17.8,18.7,17.7,18.0,18.0,0,16.3,1.3,63.0,0.0,109.8,6,20,11,0.0,1.0
20211120,12,88.4,86.2,91.7,88.3,88.6,0,18.4,1.7,51.0,0.0,109.8,6,20,11,0.0,1.0
20211120,13,94.8,95.0,94.9,99.5,96.1,0,18.9,1.2,51.0,0.0,109.8,6,20,11,0.0,1.0
20211120,14,80.0,79.0,81.9,78.8,79.9,0,18.8,1.3,50.0,0.0,109.8,6,20,11,0.0,1.0
20211120,15,50.0,52.8,51.5,48.3,50.7,31,19.2,1.4,48.0,0.0,109.8,6,20,11,0.8,1.0
20211120,16,25.3,24.8,24.6,25.6,25.1,0,18.1,0.9,50.0,0.0,109.8,6,20,11,0.0,1.0
20211120,17,17.0,17.6,17.8,17.3,17.4,0,16.3,0.6,60.0,0.0,109.8,6,20,11,0.0,1.0
20211120,18,22.2,23.1,22.1,22.0,22.4,0,14.9,0.3,69.0,0.0,109.8,6,20,11,0.0,1.0
20211120,19,34.8,34.5,33.6,34.7,34.4,0,13.9,0.5,76.0,0.0,109.8,6,20,11,0.0,1.5
20211120,20,119.0,117.3,124.2,125.6,121.5,0,13.1,0.1,80.0,0.0,109.8,6,20,11,0.0,1.5
20211120,21,19.8,20.4,19.6,20.4,20.0,0,13.7,2.7,78.0,0.0,109.8,6,20,11,0.0,1.5
20211120,22,25.5,26.8,26.3,24.3,25.7,0,12.6,1.8,84.0,0.0,109.8,6,20,11,0.0,1.5
20211120,23,87.0,89.7,87.5,84.0,87.0,479,11.5,0.1,86.0,0.0,109.8,6,20,11,1.11,1.5
20211121,0,22.6,21.9,22.3,23.9,22.7,0,10.8,0.5,91.0,0.0,109.8,7,21,11,0.0,1.5
20211121,1,26.2,27.4,27.2,26.9,26.9,0,11.3,0.4,93.0,0.0,109.8,7,21,11,0.0,1.5
20211121,2,50.0,49.3,50.5,52.5,50.6,471,10.6,0.3,95.0,0.0,109.8,7,21,11,1.07,1.5
20211121,3,26.5,26.7,26.2,25.9,26.3,0,9.8,0.8,97.0,0.0,109.8,7,21,11,0.0,1.5
20211121,4,23.2,24.1,22.1,23.9,23.3,0,10.0,0.4,97.0,0.0,109.8,7,21,11,0.0,1.5
20211121,5,54.7,52.7,57.3,56.1,55.2,0,10.4,1.9,97.0,0.0,109.8,7,21,11,0.0,1.5
20211121,6,15.8,16.3,14.9,15.4,15.6,0,10.4,0.4,93.0,0.0,109.8,7,21,11,0.0,1.5
20211121,7,21.0,21.2,21.9,21.1,21.3,0,10.4,1.3,90.0,0.0,109.8,7,21,11,0.0,1.5
20211121,8,15.0,15.7,14.7,15.2,15.2,1116,11.1,0.1,87.0,0.0,109.8,7,21,11,2.97,1.5
20211121,9,20.3,19.5,20.6,20.3,20.2,0,11.2,0.2,89.0,0.0,109.8,7,21,11,0.0,1.0
20211121,10,32.7,32.4,34.4,34.0,33.4,0,12.7,0.7,83.0,0.0,109.8,7,21,11,0.0,1.0
20211121,11,87.0,90.5,83.4,90.5,87.8,659,14.3,0.7,76.0,0.0,109.8,7,21,11,0.24,1.0
20211121,12,22.8,21.5,23.0,23.8,22.8,0,16.6,0.7,66.0,0.0,109.8,7,21,11,0.0,1.0
20211121,13,81.6,77.8,84.2,84.6,82.0,0,17.1,1.4,66.0,0.0,109.8,7,21,11,0.0,1.0
20211121,14,17.7,18.7,18.2,17.7,18.1,0,18.2,1.6,64.0,0.0,109.8,7,21,11,0.0,1.0
20211121,15,50.0,48.7,50.2,49.3,49.6,617,17.6,2.1,64.0,0.0,109.8,7,21,11,0.75,1.0
20211121,16,54.9,58.0,55.7,57.1,56.4,0,17.7,2.1,62.0,0.0,109.8,7,21,11,0.0,1.0
20211121,17,22.5,21.6,23.2,22.5,22.4,0,17.0,1.0,66.0,0.0,109.8,7,21,11,0.0,1.0
20211121,18,20.2,19.9,21.0,19.6,20.2,0,16.4,2.6,65.0,0.0,109.8,7,21,11,0.0,1.0
20211121,19,22.1,22.8,22.8,22.1,22.5,0,16.4,1.9,64.0,0.0,109.8,7,21,11,0.0,1.5
20211121,20,19.5,19.9,19.2,18.7,19.3,0,14.6,0.1,69.0,0.0,109.8,7,21,11,0.0,1.5
20211121,21,22.5,22.7,23.8,23.0,23.0,0,14.5,1.1,68.0,0.0,109.8,7,21,11,0.0,1.5
20211121,22,87.0,87.3,86.3,85.3,86.5,0,14.4,2.3,71.0,0.0,109.8,7,21,11,0.0,1.5
20211121,23,56.2,58.5,53.0,54.6,55.6,0,12.9,0.7,79.0,0.0,109.8,7,21,11,0.0,1.5
20211122,0,87.0,84.2,85.6,91.8,87.1,530,15.6,1.8,73.0,0.0,109.8,1,22,11,1.17,1.5
20211122,1,138.0,137.0,131.8,142.6,137.4,0,15.2,2.6,72.0,0.0,109.8,1,22,11,0.0,1.5
20211122,2,50.0,47.9,47.7,51.7,49.3,449,15.9,3.7,69.0,0.0,109.8,1,22,11,0.7,1.5
20211122,3,37.8,38.2,36.8,38.4,37.8,0,15.2,1.9,71.0,0.0,109.8,1,22,11,0.0,1.5
20211122,4,22.2,21.5,21.0,23.1,22.0,0,14.5,0.2,73.0,0.0,109.8,1,22,11,0.0,1.5
20211122,5,37.1,36.4,37.9,38.3,37.4,0,14.8,1.1,61.0,0.0,109.8,1,22,11,0.0,1.5
20211122,6,15.8,15.7,15.0,16.0,15.6,2085,12.7,4.1,60.0,0.0,109.8,1,22,11,4.67,1.5
20211122,7,50.0,47.2,48.2,52.8,49.6,225,10.6,5.5,57.0,0.0,109.8,1,22,11,0.46,1.5
20211122,8,87.0,82.7,82.7,83.8,84.0,535,9.7,4.6,60.0,0.0,109.8,1,22,11,0.93,1.5
20211122,9,87.0,88.9,82.4,91.6,87.5,1097,9.5,3.5,56.0,0.0,109.8,1,22,11,1.34,1.0
20211122,10,138.0,136.8,134.2,136.4,136.4,1937,9.8,2.7,51.0,0.0,109.8,1,22,11,1.5,1.0
20211122,11,138.0,144.0,139.2,138.5,139.9,1282,10.1,3.8,47.0,0.0,109.8,1,22,11,1.25,1.0
20211122,12,138.0,141.2,145.7,131.8,139.2,2160,10.6,3.6,43.0,0.0,109.8,1,22,11,1.32,1.0
20211122,13,87.0,81.9,90.9,87.4,86.8,0,9.9,3.7,44.0,0.0,109.8,1,22,11,0.0,1.0
20211122,14,138.0,139.9,144.2,139.8,140.5,1341,9.4,3.9,42.0,0.0,109.8,1,22,11,0.01,1.0
20211122,15,87.0,82.8,83.6,92.2,86.4,472,9.2,4.3,41.0,0.0,109.8,1,22,11,0.78,1.0
20211122,16,87.0,89.9,84.5,92.0,88.4,1096,8.8,4.7,28.0,0.0,109.8,1,22,11,0.54,1.0
20211122,17,87.0,92.1,82.6,91.9,88.4,0,7.9,3.7,36.0,0.0,109.8,1,22,11,0.0,1.0
20211122,18,138.0,138.5,142.6,135.5,138.6,1523,7.1,2.4,40.0,0.0,109.8,1,22,11,1.45,1.0
20211122,19,21.6,22.1,20.5,22.9,21.8,0,6.4,2.1,40.0,0.0,109.8,1,22,11,0.0,1.5
20211122,20,102.7,99.5,103.4,102.2,102.0,0,5.7,2.9,42.0,0.0,109.8,1,22,11,0.0,1.5
20211122,21,23.8,23.6,23.1,24.8,23.8,0,5.0,2.6,44.0,0.0,109.8,1,22,11,0.0,1.5
20211122,22,21.3,22.2,20.6,20.6,21.2,0,4.2,2.6,49.0,0.0,109.8,1,22,11,0.0,1.5
20211122,23,51.2,49.2,54.2,51.2,51.4,909,3.3,1.6,55.0,0.0,109.8,1,22,11,0.48,1.5
20211123,0,87.0,84.6,89.7,91.9,88.3,0,2.7,1.5,56.0,0.0,109.8,2,23,11,0.0,1.5
20211123,1,25.8,25.6,26.8,27.2,26.4,0,2.8,1.6,56.0,0.0,109.8,2,23,11,0.0,1.5
20211123,2,21.8,22.4,22.0,22.3,22.1,0,2.3,1.1,58.0,0.0,109.8,2,23,11,0.0,1.5
20211123,3,87.0,85.7,90.9,90.1,88.4,482,3.0,1.1,54.0,0.0,109.8,2,23,11,0.28,1.5
20211123,4,87.0,91.5,88.5,83.6,87.6,279,1.6,0.4,63.0,0.0,109.8,2,23,11,0.26,1.5
20211123,5,87.0,82.8,91.7,89.3,87.7,763,2.4,1.0,59.0,0.0,109.8,2,23,11,0.91,1.5
20211123,6,55.6,54.7,54.1,56.4,55.2,904,2.8,1.2,57.0,0.0,109.8,2,23,11,0.69,1.5
20211123,7,87.0,89.2,88.0,82.7,86.7,779,3.3,1.9,58.0,0.0,109.8,2,23,11,1.38,1.5
20211123,8,15.0,14.5,15.3,14.3,14.8,371,3.3,2.7,54.0,0.0,109.8,2,23,11,4.64,1.5
20211123,9,45.6,46.5,45.0,43.5,45.2,0,4.3,2.6,50.0,0.0,109.8,2,23,11,0.0,1.0
20211123,10,138.0,132.4,144.3,141.7,139.1,1638,4.9,4.1,39.0,0.0,109.8,2,23,11,0.6,1.0
20211123,11,51.1,48.4,54.0,48.9,50.6,781,5.9,3.9,37.0,0.0,109.8,2,23,11,0.82,1.0
20211123,12,138.0,131.7,137.9,137.5,136.3,2187,7.2,4.0,35.0,0.0,109.8,2,23,11,0.97,1.0
20211123,13,87.0,91.5,85.9,85.5,87.5,0,8.0,4.5,34.0,0.0,109.8,2,23,11,0.0,1.0
20211123,14,138.0,138.9,137.5,138.8,138.3,1284,8.5,4.3,33.0,0.0,109.8,2,23,11,0.1,1.0
20211123,15,26.8,27.8,27.9,27.5,27.5,0,9.4,3.0,33.0,0.0,109.8,2,23,11,0.0,1.0
20211123,16,82.6,80.9,84.0,84.4,83.0,0,8.8,3.4,36.0,0.0,109.8,2,23,11,0.0,1.0
20211123,17,87.0,88.0,82.2,87.2,86.1,138,7.3,1.7,42.0,0.0,109.8,2,23,11,1.13,1.0
20211123,18,87.0,86.9,87.4,86.6,87.0,668,5.4,0.7,51.0,0.0,109.8,2,23,11,0.77,1.0
20211123,19,56.6,59.6,53.3,55.9,56.4,0,5.2,1.8,51.0,0.0,109.8,2,23,11,0.0,1.5
20211123,20,56.0,57.7,57.9,58.4,57.5,0,5.2,1.9,49.0,0.0,109.8,2,23,11,0.0,1.5
20211123,21,26.5,27.2,26.0,26.0,26.4,0,4.0,1.0,55.0,0.0,109.8,2,23,11,0.0,1.5
20211123,22,21.7,20.5,21.6,21.1,21.2,0,5.2,1.0,46.0,0.0,109.8,2,23,11,0.0,1.5
20211123,23,87.0,87.5,90.1,89.5,88.5,0,5.5,0.6,46.0,0.0,109.8,2,23,11,0.0,1.5
20211124,0,27.6,27.5,26.1,27.1,27.1,0,5.3,1.0,51.0,0.0,109.8,3,24,11,0.0,1.5
20211124,1,16.1,16.9,15.4,16.8,16.3,0,5.2,2.0,53.0,0.0,109.8,3,24,11,0.0,1.5
20211124,2,87.0,84.5,85.9,85.2,85.6,0,5.2,2.0,55.0,0.0,109.8,3,24,11,0.0,1.5
20211124,3,138.0,134.2,133.5,141.3,136.8,732,5.1,1.4,59.0,0.0,109.8,3,24,11,1.41,1.5
20211124,4,23.0,22.8,22.6,21.7,22.5,0,5.0,0.2,62.0,0.0,109.8,3,24,11,0.0,1.5
20211124,5,63.7,61.7,67.5,62.8,63.9,1775,4.9,0.4,66.0,0.0,109.8,3,24,11,1.24,1.5
20211124,6,53.1,50.7,55.2,52.1,52.8,1373,4.6,0.4,65.0,0.0,109.8,3,24,11,0.16,1.5
20211124,7,87.0,90.7,91.0,90.3,89.8,301,4.3,0.3,69.0,0.0,109.8,3,24,11,0.23,1.5
20211124,8,87.0,87.6,91.6,91.9,89.5,1184,5.2,1.1,65.0,0.0,109.8,3,24,11,0.86,1.5
20211124,9,87.0,90.8,85.3,86.6,87.4,0,6.6,2.6,60.0,0.0,109.8,3,24,11,0.0,1.0
20211124,10,138.0,143.5,134.6,143.4,139.9,1826,8.9,3.7,49.0,0.0,109.8,3,24,11,0.74,1.0
20211124,11,138.0,134.4,133.6,141.3,136.8,2191,10.4,2.8,38.0,0.0,109.8,3,24,11,0.03,1.0
20211124,12,138.0,138.8,143.5,145.7,141.5,0,11.3,3.0,38.0,0.0,109.8,3,24,11,0.0,1.0
20211124,13,138.0,131.1,141.0,143.2,138.3,768,11.9,3.3,38.0,0.0,109.8,3,24,11,1.03,1.0
20211124,14,138.0,144.9,133.6,131.0,136.9,1498,11.8,4.1,37.0,0.0,109.8,3,24,11,1.16,1.0
20211124,15,138.0,136.4,136.0,141.5,138.0,1298,12.5,3.1,36.0,0.0,109.8,3,24,11,1.27,1.0
20211124,16,138.0,136.2,138.1,138.6,137.7,1270,12.4,3.0,34.0,0.0,109.8,3,24,11,1.57,1.0
20211124,17,138.0,134.7,138.5,130.0,135.3,379,11.4,2.1,36.0,0.0,109.8,3,24,11,1.43,1.0
20211124,18,55.1,54.8,57.7,53.5,55.3,72,10.4,1.8,40.0,0.0,109.8,3,24,11,0.9,1.0
20211124,19,87.0,84.4,85.8,91.4,87.2,510,9.1,1.9,47.0,0.0,109.8,3,24,11,0.97,1.5
20211124,20,16.2,16.0,17.0,17.0,16.6,699,9.4,1.6,47.0,0.0,109.8,3,24,11,0.0,1.5
20211124,21,87.0,90.1,86.4,90.1,88.4,264,7.6,0.6,52.0,0.0,109.8,3,24,11,0.66,1.5
20211124,22,26.7,27.8,27.5,28.2,27.6,0,7.3,0.1,52.0,0.0,109.8,3,24,11,0.0,1.5
20211124,23,87.0,85.0,91.5,90.2,88.4,440,8.1,1.3,48.0,0.0,109.8,3,24,11,0.72,1.5
20211125,0,87.0,86.7,91.3,81.9,86.7,0,5.5,0.0,62.0,0.0,109.8,4,25,11,0.0,1.5
20211125,1,24.8,25.9,23.5,24.2,24.6,0,4.8,0.3,68.0,0.0,109.8,4,25,11,0.0,1.5
20211125,2,87.0,82.3,83.9,82.1,83.8,513,7.4,3.4,61.0,0.0,109.8,4,25,11,0.0,1.5
20211125,3,22.4,23.4,22.3,21.3,22.3,0,8.3,3.6,59.0,0.0,109.8,4,25,11,0.0,1.5
20211125,4,87.0,84.1,86.3,84.1,85.4,134,7.1,2.1,65.0,0.0,109.8,4,25,11,0.0,1.5
20211125,5,87.0,88.9,88.5,87.0,87.8,0,7.6,2.9,65.0,0.0,109.8,4,25,11,0.0,1.5
20211125,6,25.2,25.4,26.5,26.3,25.8,0,8.0,3.4,63.0,0.0,109.8,4,25,11,0.0,1.5
20211125,7,54.8,55.1,52.3,57.2,54.8,0,8.0,3.6,64.0,0.0,109.8,4,25,11,0.0,1.5
20211125,8,138.0,144.0,137.2,139.9,139.8,2145,8.3,3.5,64.0,0.0,109.8,4,25,11,0.92,1.5
20211125,9,138.0,131.4,132.9,145.1,136.8,1372,9.7,4.0,59.0,0.0,109.8,4,25,11,0.88,1.0
20211125,10,138.0,135.5,144.5,138.0,139.0,1381,12.5,2.3,53.0,0.0,109.8,4,25,11,1.59,1.0
20211125,11,15.0,15.1,15.8,15.7,15.4,34,14.0,3.3,47.0,0.0,109.8,4,25,11,1.5,1.0
20211125,12,138.0,143.2,137.6,137.2,139.0,1558,14.7,3.1,43.0,0.0,109.8,4,25,11,0.8,1.0
20211125,13,87.0,84.0,82.9,84.7,84.6,0,15.1,3.9,40.0,0.0,109.8,4,25,11,0.0,1.0
20211125,14,15.0,15.5,15.5,15.7,15.4,1469,15.7,3.0,39.0,0.0,109.8,4,25,11,2.57,1.0
20211125,15,138.0,136.3,141.3,136.1,137.9,975,15.7,2.0,39.0,0.0,109.8,4,25,11,1.73,1.0
20211125,16,138.0,132.8,135.6,138.1,136.1,1016,15.8,1.2,35.0,0.0,109.8,4,25,11,1.18,1.0
20211125,17,138.0,142.3,144.4,135.2,140.0,820,13.7,1.2,41.0,0.0,109.8,4,25,11,1.06,1.0
20211125,18,138.0,131.2,145.9,140.7,139.0,1742,12.6,1.9,40.0,0.0,109.8,4,25,11,1.2,1.0
20211125,19,21.6,21.6,21.7,22.9,22.0,0,12.0,1.5,35.0,0.0,109.8,4,25,11,0.0,1.5
20211125,20,87.0,82.4,87.7,82.0,84.8,0,10.9,2.0,37.0,0.0,109.8,4,25,11,0.0,1.5
20211125,21,23.7,23.3,23.1,24.8,23.7,0,10.4,3.4,41.0,0.0,109.8,4,25,11,0.0,1.5
20211125,22,87.0,88.1,87.9,81.8,86.2,311,9.6,3.5,43.0,0.0,109.8,4,25,11,1.01,1.5
20211125,23,18.3,18.4,18.2,18.0,18.2,483,8.8,2.7,47.0,0.0,109.8,4,25,11,1.46,1.5
20211126,0,138.0,136.4,134.7,132.5,135.4,164,7.3,1.6,53.0,0.0,109.8,5,26,11,1.74,1.5
20211126,1,87.0,86.3,82.5,89.7,86.4,579,7.3,2.0,49.0,0.0,109.8,5,26,11,0.55,1.5
20211126,2,13.7,13.3,13.3,13.0,13.3,0,7.4,1.4,35.0,0.0,109.8,5,26,11,0.0,1.5
20211126,3,87.0,86.5,83.8,87.6,86.2,507,7.0,1.7,37.0,0.0,109.8,5,26,11,0.38,1.5
20211126,4,87.0,91.7,87.4,84.9,87.8,441,6.9,2.7,41.0,0.0,109.8,5,26,11,1.54,1.5
20211126,5,87.0,90.7,88.1,83.2,87.2,639,6.5,2.4,46.0,0.0,109.8,5,26,11,0.0,1.5
20211126,6,111.2,106.5,112.6,114.8,111.3,0,6.4,3.1,47.0,0.0,109.8,5,26,11,0.0,1.5
20211126,7,50.0,47.2,49.3,48.3,48.7,202,6.2,4.1,45.0,0.0,109.8,5,26,11,0.54,1.5
20211126,8,87.0,91.5,86.2,84.1,87.2,235,6.3,3.6,41.0,0.0,109.8,5,26,11,0.0,1.5
20211126,9,138.0,138.4,143.5,134.3,138.6,1145,7.4,3.3,34.0,0.0,109.8,5,26,11,1.67,1.0
20211126,10,138.0,138.6,137.6,139.4,138.4,1548,8.4,2.9,30.0,0.0,109.8,5,26,11,2.08,1.0
20211126,11,138.0,142.6,146.1,140.6,141.8,628,9.1,3.7,25.0,0.0,109.8,5,26,11,1.97,1.0
20211126,12,87.0,85.1,86.4,82.0,85.1,0,10.1,2.9,24.0,0.0,109.8,5,26,11,0.0,1.0
20211126,13,87.0,86.8,88.6,84.3,86.7,520,11.3,3.5,21.0,0.0,109.8,5,26,11,0.99,1.0
20211126,14,87.0,91.9,82.3,86.3,86.9,718,11.8,1.2,21.0,0.0,109.8,5,26,11,0.38,1.0
20211126,15,138.0,140.9,140.5,135.2,138.6,0,11.9,2.7,22.0,0.0,109.8,5,26,11,0.0,1.0
20211126,16,138.0,132.3,143.8,144.4,139.6,1997,11.6,2.5,22.0,0.0,109.8,5,26,11,1.1,1.0
20211126,17,138.0,131.9,145.3,142.8,139.5,1704,10.1,2.8,25.0,0.0,109.8,5,26,11,0.41,1.0
20211126,18,138.0,133.1,146.2,140.1,139.4,1462,8.7,0.8,29.0,0.0,109.8,5,26,11,2.25,1.0
20211126,19,34.9,36.0,34.0,34.2,34.8,0,7.0,1.3,36.0,0.0,109.8,5,26,11,0.0,1.5
20211126,20,138.0,134.6,139.2,141.3,138.3,0,6.7,0.7,38.0,0.0,109.8,5,26,11,0.0,1.5
20211126,21,17.3,16.3,17.2,18.0,17.2,0,7.4,1.2,39.0,0.0,109.8,5,26,11,0.0,1.5
20211126,22,87.0,91.6,87.7,88.0,88.6,292,7.4,1.3,42.0,0.0,109.8,5,26,11,0.64,1.5
20211126,23,27.3,26.2,26.2,28.2,27.0,0,6.5,1.3,47.0,0.0,109.8,5,26,11,0.0,1.5
20211127,0,108.4,102.0,113.0,111.6,108.8,0,6.4,1.4,49.0,0.0,109.8,6,27,11,0.0,1.5
20211127,1,21.4,20.7,22.5,21.6,21.5,0,5.9,1.5,52.0,0.0,109.8,6,27,11,0.0,1.5
20211127,2,17.8,17.2,17.7,17.4,17.5,315,5.4,1.0,56.0,0.0,109.8,6,27,11,2.04,1.5
20211127,3,87.0,86.2,84.7,89.6,86.9,157,5.3,1.7,59.0,0.0,109.8,6,27,11,1.01,1.5
20211127,4,50.0,52.5,47.8,48.2,49.6,496,4.0,2.0,68.0,0.0,109.8,6,27,11,0.21,1.5
20211127,5,19.1,20.0,19.5,19.7,19.6,0,4.1,2.4,58.0,0.0,109.8,6,27,11,0.0,1.5
20211127,6,21.3,21.2,20.8,22.1,21.4,0,3.9,2.6,59.0,0.0,109.8,6,27,11,0.0,1.5
20211127,7,74.7,73.9,78.4,77.6,76.2,0,3.6,2.9,61.0,0.0,109.8,6,27,11,0.0,1.5
20211127,8,23.5,23.7,24.0,23.4,23.6,0,3.9,3.2,59.0,0.0,109.8,6,27,11,0.0,1.5
20211127,9,87.0,84.3,88.5,83.8,85.9,533,5.0,3.1,55.0,0.0,109.8,6,27,11,0.63,1.0
20211127,10,21.4,20.3,21.6,20.4,20.9,0,6.4,3.3,48.0,0.0,109.8,6,27,11,0.0,1.0
20211127,11,21.6,22.7,20.4,22.2,21.7,0,8.5,1.9,40.0,0.0,109.8,6,27,11,0.0,1.0
20211127,12,30.4,29.3,32.0,31.8,30.9,0,10.1,1.9,34.0,0.0,109.8,6,27,11,0.0,1.0
20211127,13,25.3,24.4,25.7,25.8,25.3,0,10.7,1.3,28.0,0.0,109.8,6,27,11,0.0,1.0
20211127,14,87.0,86.7,92.2,83.3,87.3,1085,11.4,2.1,26.0,0.0,109.8,6,27,11,0.41,1.0
20211127,15,21.1,21.1,21.2,22.2,21.4,0,11.3,1.6,27.0,0.0,109.8,6,27,11,0.0,1.0
20211127,16,28.5,26.9,29.2,30.2,28.7,0,11.2,1.1,25.0,0.0,109.8,6,27,11,0.0,1.0
20211127,17,23.3,22.3,22.1,23.1,22.7,0,9.5,1.9,43.0,0.0,109.8,6,27,11,0.0,1.0
20211127,18,17.3,17.0,17.6,17.5,17.4,0,8.0,1.5,45.0,0.0,109.8,6,27,11,0.0,1.0
20211127,19,87.0,88.9,89.8,89.9,88.9,591,7.2,2.2,49.0,0.0,109.8,6,27,11,0.74,1.5
20211127,20,63.3,61.2,65.4,65.1,63.8,888,7.2,1.8,49.0,0.0,109.8,6,27,11,0.88,1.5
20211127,21,50.0,49.5,51.6,52.8,51.0,587,5.3,0.1,58.0,0.0,109.8,6,27,11,0.0,1.5
20211127,22,87.0,87.6,84.1,83.0,85.4,95,5.2,0.7,56.0,0.0,109.8,6,27,11,0.46,1.5
20211127,23,22.7,23.8,24.0,22.9,23.4,0,4.5,0.8,59.0,0.0,109.8,6,27,11,0.0,1.5
20211128,0,22.3,21.8,23.6,22.8,22.6,0,4.0,1.3,61.0,0.0,109.8,7,28,11,0.0,1.5
20211128,1,23.8,22.8,22.6,24.9,23.5,0,3.8,2.2,65.0,0.0,109.8,7,28,11,0.0,1.5
20211128,2,85.9,85.8,90.4,89.8,88.0,0,3.9,1.0,68.0,0.0,109.8,7,28,11,0.0,1.5
20211128,3,87.0,89.6,84.8,92.0,88.4,0,3.0,0.5,74.0,0.0,109.8,7,28,11,0.0,1.5
20211128,4,21.6,20.6,22.1,21.6,21.5,0,3.5,1.0,76.0,0.0,109.8,7,28,11,0.0,1.5
20211128,5,50.0,49.5,49.0,52.0,50.1,0,2.6,0.6,82.0,0.0,109.8,7,28,11,0.0,1.5
20211128,6,21.2,20.0,22.4,21.0,21.2,0,2.0,0.1,83.0,0.0,109.8,7,28,11,0.0,1.5
20211128,7,23.4,22.1,22.3,23.2,22.8,0,1.6,0.6,83.0,0.0,109.8,7,28,11,0.0,1.5
20211128,8,20.4,20.4,20.4,19.8,20.2,0,3.2,0.1,82.0,0.0,109.8,7,28,11,0.0,1.5
20211128,9,50.0,48.8,49.6,51.9,50.1,209,6.1,0.3,68.0,0.0,109.8,7,28,11,1.43,1.0
20211128,10,21.1,22.0,20.7,22.3,21.5,0,8.3,0.9,59.0,0.0,109.8,7,28,11,0.0,1.0
20211128,11,114.3,115.7,116.3,111.0,114.3,0,11.6,1.3,47.0,0.0,109.8,7,28,11,0.0,1.0
20211128,12,20.5,20.4,19.6,19.4,20.0,0,12.7,2.4,32.0,0.0,109.8,7,28,11,0.0,1.0
20211128,13,21.5,21.3,22.1,22.3,21.8,0,14.0,2.1,39.0,0.0,109.8,7,28,11,0.0,1.0
20211128,14,28.4,28.4,30.0,28.8,28.9,0,14.3,2.4,39.0,0.0,109.8,7,28,11,0.0,1.0
20211128,15,87.0,82.2,90.2,91.8,87.8,643,13.5,2.0,44.0,0.0,109.8,7,28,11,0.45,1.0
20211128,16,21.0,22.0,21.9,20.4,21.3,0,13.1,1.5,50.0,0.0,109.8,7,28,11,0.0,1.0
20211128,17,78.6,83.3,77.3,74.6,78.4,0,12.0,0.7,53.0,0.0,109.8,7,28,11,0.0,1.0
20211128,18,33.5,32.2,32.8,33.5,33.0,0,10.2,0.3,56.0,0.0,109.8,7,28,11,0.0,1.0
20211128,19,32.7,31.2,32.8,31.1,32.0,0,9.4,0.8,58.0,0.0,109.8,7,28,11,0.0,1.5
20211128,20,23.1,22.1,21.8,22.4,22.4,0,8.1,0.1,66.0,0.0,109.8,7,28,11,0.0,1.5
20211128,21,25.4,25.9,26.8,24.3,25.6,0,7.8,1.3,52.0,0.0,109.8,7,28,11,0.0,1.5
20211128,22,24.4,24.9,23.4,23.6,24.1,0,7.3,1.7,60.0,0.0,109.8,7,28,11,0.0,1.5
20211128,23,47.7,49.7,50.0,45.4,48.2,0,6.3,0.8,66.0,0.0,109.8,7,28,11,0.0,1.5
20211129,0,17.1,17.6,16.2,18.0,17.2,0,5.5,0.7,60.0,0.0,109.8,1,29,11,0.0,1.5
20211129,1,138.0,137.2,143.3,134.3,138.2,439,5.0,0.5,68.0,0.0,109.8,1,29,11,1.5,1.5
20211129,2,25.2,25.5,24.1,25.0,25.0,0,5.4,0.9,59.0,0.0,109.8,1,29,11,0.0,1.5
20211129,3,59.3,60.6,56.0,62.1,59.5,0,4.5,0.1,65.0,0.0,109.8,1,29,11,0.0,1.5
20211129,4,33.8,33.9,34.7,34.5,34.2,0,4.0,0.1,60.0,0.0,109.8,1,29,11,0.0,1.5
20211129,5,138.0,137.6,134.4,140.0,137.5,1462,4.2,0.6,63.0,0.0,109.8,1,29,11,0.7,1.5
20211129,6,87.0,88.5,89.2,89.1,88.4,1138,3.1,0.6,68.0,0.0,109.8,1,29,11,0.48,1.5
20211129,7,44.2,44.5,44.5,45.9,44.8,0,3.2,0.3,69.0,0.0,109.8,1,29,11,0.0,1.5
20211129,8,26.6,27.1,25.4,27.8,26.7,0,4.5,0.6,66.0,0.0,109.8,1,29,11,0.0,1.5
20211129,9,138.0,139.9,145.2,140.4,140.9,2206,7.7,0.7,60.0,0.0,109.8,1,29,11,0.99,1.0
20211129,10,87.0,89.3,86.5,91.1,88.5,347,9.8,1.6,52.0,0.0,109.8,1,29,11,0.77,1.0
20211129,11,87.0,88.5,89.4,87.4,88.1,138,12.5,1.0,41.0,0.0,109.8,1,29,11,0.44,1.0
20211129,12,138.0,138.3,138.0,134.3,137.2,2360,14.8,1.0,26.0,0.0,109.8,1,29,11,1.67,1.0
20211129,13,138.0,141.0,139.7,144.3,140.8,1115,16.4,1.3,17.0,0.0,109.8,1,29,11,1.73,1.0
20211129,14,138.0,137.2,134.7,138.7,137.1,343,17.4,1.6,20.0,0.0,109.8,1,29,11,1.45,1.0
20211129,15,50.0,48.5,48.2,52.4,49.8,634,15.7,2.0,35.0,0.0,109.8,1,29,11,1.04,1.0
20211129,16,138.0,129.7,138.7,130.4,134.2,1243,15.6,1.4,32.0,0.0,109.8,1,29,11,0.7,1.0
20211129,17,87.0,87.6,86.4,85.9,86.7,0,13.3,1.0,53.0,0.0,109.8,1,29,11,0.0,1.0
20211129,18,138.0,139.5,136.2,145.4,139.8,1227,13.1,1.6,33.0,0.0,109.8,1,29,11,1.2,1.0
20211129,19,20.6,21.8,21.0,20.0,20.8,0,12.0,0.8,36.0,0.0,109.8,1,29,11,0.0,1.5
20211129,20,23.6,23.2,24.1,24.9,24.0,0,10.9,0.1,34.0,0.0,109.8,1,29,11,0.0,1.5
20211129,21,24.8,24.5,23.4,26.2,24.7,0,10.6,0.6,39.0,0.0,109.8,1,29,11,0.0,1.5
20211129,22,87.0,83.9,85.3,91.0,86.8,0,8.8,0.2,47.0,0.0,109.8,1,29,11,0.0,1.5
20211129,23,138.0,130.9,136.5,139.1,136.1,1895,8.1,0.3,51.0,0.0,109.8,1,29,11,1.0,1.5
20211130,0,87.0,89.8,82.8,88.5,87.0,839,7.6,0.6,55.0,0.0,109.8,2,30,11,0.32,1.5
20211130,1,87.0,84.4,84.2,90.9,86.6,430,7.8,1.4,57.0,0.0,109.8,2,30,11,0.28,1.5
20211130,2,104.9,106.3,99.3,108.4,104.7,0,6.8,0.0,64.0,0.0,109.8,2,30,11,0.0,1.5
20211130,3,15.0,15.3,15.9,15.2,15.4,0,7.9,0.5,60.0,0.0,109.8,2,30,11,0.0,1.5
20211130,4,138.0,137.5,141.9,146.0,140.8,359,7.0,1.4,64.0,0.0,109.8,2,30,11,0.61,1.5
20211130,5,68.4,71.5,65.0,69.9,68.7,0,7.6,0.1,72.0,0.0,109.8,2,30,11,0.0,1.5
20211130,6,17.2,17.1,16.2,18.2,17.2,1393,8.0,0.5,71.0,0.0,109.8,2,30,11,0.0,1.5
20211130,7,87.0,84.8,89.3,82.4,85.9,471,8.4,1.9,74.0,0.0,109.8,2,30,11,0.16,1.5
20211130,8,87.0,91.1,86.4,83.2,86.9,257,10.3,0.4,70.0,0.0,109.8,2,30,11,0.52,1.5
20211130,9,87.0,90.8,90.0,86.5,88.6,529,9.6,0.2,94.0,1.4,109.8,2,30,11,0.0,1.0
20211130,10,87.0,83.5,91.4,85.8,86.9,0,10.1,1.5,97.0,0.0,109.8,2,30,11,0.0,1.0
20211130,11,87.0,82.1,88.0,90.0,86.8,730,12.9,4.4,97.0,0.0,109.8,2,30,11,0.47,1.0
20211130,12,138.0,131.2,132.8,132.4,133.6,1268,12.0,4.5,95.0,13.3,109.8,2,30,11,2.16,1.0
20211130,13,138.0,134.5,142.7,145.9,140.3,2026,12.0,2.4,97.0,0.0,109.8,2,30,11,1.8,1.0
20211130,14,58.9,62.2,62.1,57.6,60.2,0,11.9,1.8,97.0,0.0,109.8,2,30,11,0.0,1.0
20211130,15,138.0,139.0,139.3,136.8,138.3,1826,11.8,0.6,97.0,6.5,109.8,2,30,11,2.09,1.0
20211130,16,138.0,135.9,141.0,134.3,137.3,0,11.7,1.5,97.0,0.0,109.8,2,30,11,0.0,1.0
20211130,17,138.0,144.4,135.3,139.3,139.2,2140,12.3,2.9,86.0,0.0,109.8,2,30,11,1.49,1.0
20211130,18,138.0,137.2,136.0,130.7,135.5,1921,11.6,3.2,75.0,0.8,109.8,2,30,11,1.86,1.0
20211130,19,87.0,85.1,89.4,83.3,86.2,538,11.9,4.6,62.0,0.0,109.8,2,30,11,0.14,1.5
20211130,20,18.8,19.8,19.8,19.4,19.5,208,10.6,4.2,61.0,0.0,109.8,2,30,11,1.54,1.5
20211130,21,23.2,24.2,23.6,22.3,23.3,0,8.8,3.7,67.0,0.0,109.8,2,30,11,0.0,1.5
20211130,22,18.8,19.6,19.5,18.2,19.0,0,6.8,2.9,65.0,0.0,109.8,2,30,11,0.0,1.5
20211130,23,43.3,43.4,41.6,44.8,43.3,0,6.7,3.6,50.0,0.0,109.8,2,30,11,0.0,1.5
20211201,0,50.0,51.7,48.3,47.6,49.4,324,6.2,4.5,44.0,0.0,109.8,3,1,12,0.0,1.5
20211201,1,87.0,83.7,87.3,86.3,86.1,0,5.7,3.3,46.0,0.0,109.8,3,1,12,0.0,1.5
20211201,2,25.5,25.7,24.5,24.0,24.9,0,5.2,3.2,48.0,0.0,109.8,3,1,12,0.0,1.5
20211201,3,138.0,146.0,140.2,135.5,139.9,627,4.7,3.7,47.0,0.0,109.8,3,1,12,1.73,1.5
20211201,4,55.6,54.2,54.2,56.9,55.2,950,4.0,2.8,48.0,0.0,109.8,3,1,12,1.92,1.5
20211201,5,50.0,51.8,51.7,47.5,50.2,0,3.7,3.5,42.0,0.0,109.8,3,1,12,0.0,1.5
20211201,6,51.3,51.2,53.2,53.7,52.4,632,3.2,3.5,41.0,0.0,109.8,3,1,12,0.51,1.5
20211201,7,24.3,23.0,24.2,25.5,24.2,0,3.1,3.0,39.0,0.0,109.8,3,1,12,0.0,1.5
20211201,8,138.0,142.4,132.7,131.5,136.1,0,3.1,3.4,35.0,0.0,109.8,3,1,12,0.0,1.5
20211201,9,138.0,132.5,140.4,146.1,139.2,2145,3.6,3.1,35.0,0.0,109.8,3,1,12,1.17,1.0
20211201,10,87.0,88.4,92.1,84.9,88.1,0,4.0,4.1,32.0,0.0,109.8,3,1,12,0.0,1.0
20211201,11,87.0,82.7,88.3,82.7,85.2,382,4.2,5.2,33.0,0.0,109.8,3,1,12,0.11,1.0
20211201,12,87.0,91.7,82.2,81.8,85.7,961,4.2,3.0,35.0,0.0,109.8,3,1,12,0.65,1.0
20211201,13,87.0,84.8,82.0,86.0,85.0,1467,5.0,3.9,32.0,0.0,109.8,3,1,12,1.0,1.0
20211201,14,138.0,133.5,135.0,140.1,136.6,1129,5.0,4.2,29.0,0.0,109.8,3,1,12,0.31,1.0
20211201,15,138.0,131.9,133.0,135.2,134.5,1192,4.7,3.9,26.0,0.0,109.8,3,1,12,1.4,1.0
20211201,16,17.8,18.8,18.5,18.5,18.4,357,4.4,3.9,27.0,0.0,109.8,3,1,12,2.67,1.0
20211201,17,50.0,51.3,52.1,51.3,51.2,793,3.2,2.4,27.0,0.0,109.8,3,1,12,0.97,1.0
20211201,18,138.0,142.0,134.0,135.5,137.4,505,2.5,2.2,27.0,0.0,109.8,3,1,12,1.35,1.0
20211201,19,22.6,22.6,22.1,23.2,22.6,0,1.9,3.7,29.0,0.0,109.8,3,1,12,0.0,1.5
20211201,20,26.0,25.9,25.2,27.4,26.1,0,1.2,3.2,29.0,0.0,109.8,3,1,12,0.0,1.5
20211201,21,138.0,131.5,144.8,131.3,136.4,1265,0.4,2.0,32.0,0.0,109.8,3,1,12,1.11,1.5
20211201,22,138.0,139.0,138.0,134.8,137.4,1403,0.2,2.1,32.0,0.0,109.8,3,1,12,1.17,1.5
20211201,23,22.8,22.1,23.2,22.7,22.7,0,-1.0,0.6,40.0,0.0,109.8,3,1,12,0.0,1.5
20211202,0,87.0,92.0,86.1,87.0,88.0,382,-1.3,1.9,39.0,0.0,109.8,4,2,12,0.35,1.5
20211202,1,50.0,51.8,50.8,50.3,50.7,547,-0.6,3.0,35.0,0.0,109.8,4,2,12,1.46,1.5
20211202,2,138.0,136.6,136.1,134.7,136.4,0,-1.5,0.7,40.0,0.0,109.8,4,2,12,0.0,1.5
20211202,3,87.0,83.4,85.3,88.7,86.1,0,-1.7,1.7,42.0,0.0,109.8,4,2,12,0.0,1.5
20211202,4,87.0,90.0,88.4,88.5,88.5,953,-1.0,1.9,41.0,0.0,109.8,4,2,12,0.66,1.5
20211202,5,87.0,83.1,88.0,87.8,86.5,0,-1.6,2.0,46.0,0.0,109.8,4,2,12,0.0,1.5
20211202,6,20.4,19.6,19.9,19.5,19.8,0,-0.3,2.6,43.0,0.0,109.8,4,2,12,0.0,1.5
20211202,7,87.0,84.0,83.3,86.8,85.3,799,-0.9,2.0,47.0,0.0,109.8,4,2,12,0.57,1.5
20211202,8,87.0,87.6,85.6,85.5,86.4,562,0.5,2.7,46.0,0.0,109.8,4,2,12,0.0,1.5
20211202,9,20.7,21.4,20.5,20.7,20.8,0,2.0,3.8,45.0,0.0,109.8,4,2,12,0.0,1.0
20211202,10,138.0,134.9,140.1,145.0,139.5,431,3.4,3.4,42.0,0.0,109.8,4,2,12,0.92,1.0
20211202,11,87.0,82.7,91.3,86.8,87.0,0,4.5,4.1,39.0,0.0,109.8,4,2,12,0.0,1.0
20211202,12,138.0,137.4,130.3,130.0,133.9,1816,5.8,3.8,35.0,0.0,109.8,4,2,12,1.71,1.0
20211202,13,138.0,142.1,133.8,137.0,137.7,931,6.6,3.0,34.0,0.0,109.8,4,2,12,1.19,1.0
20211202,14,138.0,133.4,132.9,143.3,136.9,1210,7.7,1.7,30.0,0.0,109.8,4,2,12,1.53,1.0
20211202,15,138.0,133.4,138.0,142.6,138.0,1529,8.1,1.5,29.0,0.0,109.8,4,2,12,2.12,1.0
20211202,16,87.0,91.7,86.3,87.1,88.0,1486,7.8,1.5,28.0,0.0,109.8,4,2,12,0.96,1.0
20211202,17,16.1,17.0,16.5,15.6,16.3,619,6.1,1.1,36.0,0.0,109.8,4,2,12,3.89,1.0
20211202,18,138.0,146.1,133.7,137.4,138.8,933,4.1,0.0,44.0,0.0,109.8,4,2,12,0.91,1.0
20211202,19,20.9,21.7,21.1,21.1,21.2,0,4.7,1.4,43.0,0.0,109.8,4,2,12,0.0,1.5
20211202,20,138.0,132.8,144.4,146.3,140.4,1033,4.4,1.3,47.0,0.0,109.8,4,2,12,0.0,1.5
20211202,21,23.6,22.8,24.8,24.0,23.8,0,3.1,0.6,57.0,0.0,109.8,4,2,12,0.0,1.5
20211202,22,87.0,85.3,91.8,89.0,88.3,1337,2.2,0.2,60.0,0.0,109.8,4,2,12,0.43,1.5
20211202,23,138.0,135.0,142.5,137.9,138.4,578,4.0,2.6,56.0,0.0,109.8,4,2,12,0.96,1.5
20211203,0,87.0,91.8,91.2,85.5,88.9,522,3.6,2.7,55.0,0.0,109.8,5,3,12,0.62,1.5
20211203,1,22.1,22.9,21.4,22.9,22.3,0,2.3,1.5,63.0,0.0,109.8,5,3,12,0.0,1.5
20211203,2,20.0,20.5,19.3,20.0,20.0,0,5.7,3.1,51.0,0.0,109.8,5,3,12,0.0,1.5
20211203,3,138.0,132.8,129.8,146.2,136.7,1062,6.0,2.4,54.0,0.0,109.8,5,3,12,1.1,1.5
20211203,4,87.0,91.3,89.2,86.6,88.5,600,5.6,2.6,57.0,0.0,109.8,5,3,12,0.32,1.5
20211203,5,25.3,26.3,26.6,24.0,25.6,0,5.1,1.1,62.0,0.0,109.8,5,3,12,0.0,1.5
20211203,6,138.0,132.4,132.8,141.0,136.0,1198,4.6,0.5,65.0,0.0,109.8,5,3,12,0.3,1.5
20211203,7,26.0,27.2,26.4,24.6,26.0,0,6.8,2.6,59.0,0.0,109.8,5,3,12,0.0,1.5
20211203,8,138.0,134.2,142.1,133.9,137.0,1709,6.8,0.5,61.0,0.0,109.8,5,3,12,0.78,1.5
20211203,9,138.0,131.1,145.1,135.6,137.5,3751,8.2,1.7,54.0,0.0,109.8,5,3,12,1.71,1.0
20211203,10,52.1,53.1,53.0,53.6,53.0,0,9.5,2.0,50.0,0.0,109.8,5,3,12,0.0,1.0
20211203,11,138.0,140.5,145.8,137.9,140.6,0,7.8,3.7,59.0,0.0,109.8,5,3,12,0.0,1.0
20211203,12,138.0,131.3,135.4,130.2,133.7,978,9.8,2.6,47.0,0.0,109.8,5,3,12,2.03,1.0
20211203,13,138.0,135.0,135.5,139.9,137.1,809,10.6,3.8,33.0,0.0,109.8,5,3,12,1.1,1.0
20211203,14,138.0,146.2,138.7,136.5,139.8,1036,10.1,2.9,35.0,0.0,109.8,5,3,12,1.34,1.0
20211203,15,24.3,24.8,24.0,25.5,24.6,0,10.3,2.1,36.0,0.0,109.8,5,3,12,0.0,1.0
20211203,16,16.7,17.2,15.7,16.7,16.6,0,9.7,2.2,36.0,0.0,109.8,5,3,12,0.0,1.0
20211203,17,138.0,133.2,141.8,141.5,138.6,0,8.1,1.8,40.0,0.0,109.8,5,3,12,0.0,1.0
20211203,18,138.0,131.0,142.2,133.3,136.1,0,7.1,2.2,40.0,0.0,109.8,5,3,12,0.0,1.0
20211203,19,138.0,134.3,142.1,142.3,139.2,1889,6.5,3.3,39.0,0.0,109.8,5,3,12,1.75,1.5
20211203,20,50.0,48.5,49.1,51.3,49.7,535,4.9,2.5,42.0,0.0,109.8,5,3,12,0.33,1.5
20211203,21,87.0,84.2,87.2,91.2,87.4,337,4.5,4.1,43.0,0.0,109.8,5,3,12,0.6,1.5
20211203,22,22.8,22.0,22.4,21.5,22.2,0,3.6,5.0,37.0,0.0,109.8,5,3,12,0.0,1.5
20211203,23,20.9,21.1,19.7,20.8,20.6,0,3.0,5.2,38.0,0.0,109.8,5,3,12,0.0,1.5
20211204,0,25.2,24.7,25.4,25.7,25.2,0,2.7,4.9,38.0,0.0,109.8,6,4,12,0.0,1.5
20211204,1,26.0,27.0,24.8,24.7,25.6,0,2.8,4.3,30.0,0.0,109.8,6,4,12,0.0,1.5
20211204,2,87.1,83.8,82.7,86.2,84.9,0,2.5,4.8,30.0,0.0,109.8,6,4,12,0.0,1.5
20211204,3,23.6,23.5,24.3,24.9,24.1,0,2.4,4.2,32.0,0.0,109.8,6,4,12,0.0,1.5
20211204,4,87.0,81.9,81.9,86.3,84.3,583,2.0,3.4,35.0,0.0,109.8,6,4,12,0.13,1.5
20211204,5,19.0,19.0,20.0,20.1,19.5,0,1.7,2.6,34.0,0.0,109.8,6,4,12,0.0,1.5
20211204,6,22.4,21.2,22.4,21.2,21.8,0,1.6,3.2,34.0,0.0,109.8,6,4,12,0.0,1.5
20211204,7,20.0,21.1,21.2,20.5,20.7,0,1.8,3.2,35.0,0.0,109.8,6,4,12,0.0,1.5
20211204,8,80.3,83.1,76.0,81.1,80.1,0,2.0,2.5,36.0,0.0,109.8,6,4,12,0.0,1.5
20211204,9,21.9,21.9,22.1,21.9,22.0,0,3.5,3.0,32.0,0.0,109.8,6,4,12,0.0,1.0
20211204,10,21.4,20.3,21.0,22.6,21.3,0,5.4,3.0,31.0,0.0,109.8,6,4,12,0.0,1.0
20211204,11,24.6,24.9,25.6,23.5,24.6,0,6.3,4.1,30.0,0.0,109.8,6,4,12,0.0,1.0
20211204,12,26.6,27.4,26.2,27.9,27.0,0,7.4,3.5,30.0,0.0,109.8,6,4,12,0.0,1.0
20211204,13,30.5,29.4,29.6,31.2,30.2,0,8.6,3.8,33.0,0.0,109.8,6,4,12,0.0,1.0
20211204,14,21.6,21.8,22.5,21.0,21.7,0,8.8,5.0,34.0,0.0,109.8,6,4,12,0.0,1.0
20211204,15,87.0,90.3,85.7,91.2,88.6,762,9.0,4.6,36.0,0.0,109.8,6,4,12,0.84,1.0
20211204,16,28.3,29.2,26.7,28.1,28.1,0,8.7,3.5,42.0,0.0,109.8,6,4,12,0.0,1.0
20211204,17,87.0,90.2,85.9,90.3,88.4,79,7.9,2.2,47.0,0.0,109.8,6,4,12,0.49,1.0
20211204,18,72.1,75.4,73.4,71.1,73.0,0,6.5,1.1,53.0,0.0,109.8,6,4,12,0.0,1.0
20211204,19,45.1,47.5,43.8,47.0,45.8,0,5.9,1.6,57.0,0.0,109.8,6,4,12,0.0,1.5
20211204,20,51.2,50.6,50.8,52.0,51.2,0,5.0,1.9,64.0,0.0,109.8,6,4,12,0.0,1.5
20211204,21,21.2,21.4,20.1,20.3,20.8,0,4.7,1.6,70.0,0.0,109.8,6,4,12,0.0,1.5
20211204,22,87.0,90.0,87.9,88.6,88.4,662,3.8,2.0,73.0,0.0,109.8,6,4,12,0.59,1.5
20211204,23,21.1,21.6,21.7,20.3,21.2,0,3.1,1.8,76.0,0.0,109.8,6,4,12,0.0,1.5
20211205,0,87.0,92.2,86.1,86.1,87.8,0,2.6,1.4,76.0,0.0,109.8,7,5,12,0.0,1.5
20211205,1,23.6,22.2,23.4,22.7,23.0,0,2.9,1.9,73.0,0.0,109.8,7,5,12,0.0,1.5
20211205,2,17.8,17.5,16.9,16.8,17.2,0,2.5,1.3,72.0,0.0,109.8,7,5,12,0.0,1.5
20211205,3,65.8,64.1,63.4,63.5,64.2,0,2.6,2.5,71.0,0.0,109.8,7,5,12,0.0,1.5
20211205,4,19.8,19.2,19.0,19.9,19.5,0,2.1,0.7,71.0,0.0,109.8,7,5,12,0.0,1.5
20211205,5,64.0,61.9,63.9,63.9,63.4,0,1.2,0.6,75.0,0.0,109.8,7,5,12,0.0,1.5
20211205,6,59.6,61.1,59.8,59.6,60.0,0,1.7,0.9,72.0,0.0,109.8,7,5,12,0.0,1.5
20211205,7,20.4,19.4,21.5,19.8,20.3,0,1.4,1.2,75.0,0.0,109.8,7,5,12,0.0,1.5
20211205,8,95.8,98.6,90.9,97.9,95.8,0,2.0,0.7,74.0,0.0,109.8,7,5,12,0.0,1.5
20211205,9,87.0,89.0,88.0,89.1,88.3,542,3.9,1.7,65.0,0.0,109.8,7,5,12,0.11,1.0
20211205,10,17.4,16.9,17.5,17.1,17.2,531,6.2,1.4,59.0,0.0,109.8,7,5,12,5.52,1.0
20211205,11,50.0,48.5,50.1,52.3,50.2,131,9.2,1.4,52.0,0.0,109.8,7,5,12,2.07,1.0
20211205,12,24.6,25.0,25.7,25.0,25.1,0,11.6,1.4,49.0,0.0,109.8,7,5,12,0.0,1.0
20211205,13,25.5,26.3,24.6,26.2,25.6,0,12.2,1.7,47.0,0.0,109.8,7,5,12,0.0,1.0
20211205,14,51.0,53.3,48.2,49.6,50.5,0,12.1,1.5,38.0,0.0,109.8,7,5,12,0.0,1.0
20211205,15,87.0,90.7,88.8,81.8,87.1,820,12.2,1.4,39.0,0.0,109.8,7,5,12,0.03,1.0
20211205,16,18.9,20.0,18.5,19.7,19.3,0,11.4,1.7,55.0,0.0,109.8,7,5,12,0.0,1.0
20211205,17,23.2,23.4,21.9,24.1,23.2,0,10.1,0.5,62.0,0.0,109.8,7,5,12,0.0,1.0
20211205,18,87.0,91.3,84.4,83.1,86.5,382,8.8,0.6,70.0,0.0,109.8,7,5,12,0.3,1.0
20211205,19,18.3,19.0,17.9,18.0,18.3,0,8.5,1.3,73.0,0.0,109.8,7,5,12,0.0,1.5
20211205,20,23.4,24.5,23.7,23.9,23.9,0,7.7,1.8,75.0,0.0,109.8,7,5,12,0.0,1.5
20211205,21,23.1,21.7,22.2,23.5,22.6,0,6.7,0.2,81.0,0.0,109.8,7,5,12,0.0,1.5
20211205,22,47.2,49.8,46.7,49.2,48.2,0,6.2,0.2,80.0,0.0,109.8,7,5,12,0.0,1.5
20211205,23,49.5,49.3,49.4,47.4,48.9,0,5.3,0.1,85.0,0.0,109.8,7,5,12,0.0,1.5
20211206,0,17.9,18.5,17.8,17.7,18.0,0,4.7,0.7,85.0,0.0,109.8,1,6,12,0.0,1.5
20211206,1,88.3,84.3,93.3,84.0,87.5,0,4.7,1.5,85.0,0.0,109.8,1,6,12,0.0,1.5
20211206,2,77.5,76.5,73.3,76.5,76.0,0,4.6,1.2,87.0,0.0,109.8,1,6,12,0.0,1.5
20211206,3,138.0,134.2,145.5,130.0,136.9,0,3.8,0.4,91.0,0.0,109.8,1,6,12,0.0,1.5
20211206,4,31.6,30.8,31.9,33.1,31.8,0,4.3,1.3,91.0,0.0,109.8,1,6,12,0.0,1.5
20211206,5,87.0,83.1,90.1,87.3,86.9,735,4.4,1.3,87.0,0.0,109.8,1,6,12,0.57,1.5
20211206,6,27.3,28.3,27.1,28.4,27.8,0,3.6,0.7,82.0,0.0,109.8,1,6,12,0.0,1.5
20211206,7,15.0,14.1,14.9,14.2,14.6,125,3.5,0.7,89.0,0.0,109.8,1,6,12,5.43,1.5
20211206,8,76.8,75.1,80.3,74.3,76.6,0,4.6,0.3,85.0,0.0,109.8,1,6,12,0.0,1.5
20211206,9,138.0,132.6,144.6,134.0,137.3,804,6.8,1.0,74.0,0.0,109.8,1,6,12,0.87,1.0
20211206,10,24.4,24.7,23.6,24.1,24.2,0,10.0,0.9,61.0,0.0,109.8,1,6,12,0.0,1.0
20211206,11,87.0,84.4,83.9,90.2,86.4,1323,10.9,0.8,58.0,0.0,109.8,1,6,12,0.0,1.0
20211206,12,138.0,134.0,137.9,136.1,136.5,2035,12.7,0.7,54.0,0.0,109.8,1,6,12,1.97,1.0
20211206,13,87.0,86.9,91.2,83.9,87.2,0,14.3,1.6,51.0,0.0,109.8,1,6,12,0.0,1.0
20211206,14,138.0,140.5,135.1,130.8,136.1,783,13.9,1.6,54.0,0.0,109.8,1,6,12,1.53,1.0
20211206,15,138.0,131.7,140.5,131.0,135.3,1776,14.7,1.8,58.0,0.0,109.8,1,6,12,0.38,1.0
20211206,16,138.0,132.6,141.4,142.3,138.6,1372,13.3,1.6,66.0,0.0,109.8,1,6,12,0.91,1.0
20211206,17,138.0,133.8,142.6,137.1,137.9,1542,12.9,1.5,70.0,0.0,109.8,1,6,12,2.02,1.0
20211206,18,87.0,91.9,87.7,89.4,89.0,0,12.2,0.7,74.0,0.0,109.8,1,6,12,0.0,1.0
20211206,19,87.0,85.9,86.0,88.9,86.9,808,10.8,1.4,69.0,0.0,109.8,1,6,12,1.1,1.5
20211206,20,87.0,88.0,91.9,83.2,87.5,695,10.4,1.6,68.0,0.0,109.8,1,6,12,0.87,1.5
20211206,21,138.0,133.7,139.8,132.1,135.9,766,9.1,0.0,75.0,0.0,109.8,1,6,12,1.06,1.5
20211206,22,138.0,137.8,141.8,142.2,140.0,359,8.7,1.3,76.0,0.0,109.8,1,6,12,1.15,1.5
20211206,23,39.1,37.1,38.4,40.1,38.7,0,9.4,2.4,70.0,0.0,109.8,1,6,12,0.0,1.5
20211207,0,87.0,82.1,88.8,85.7,85.9,577,8.9,2.2,71.0,0.0,109.8,2,7,12,0.4,1.5
20211207,1,16.6,16.5,16.1,15.8,16.2,0,8.3,2.9,73.0,0.0,109.8,2,7,12,0.0,1.5
20211207,2,138.0,136.3,133.8,129.9,134.5,178,8.0,2.1,74.0,0.0,109.8,2,7,12,1.65,1.5
20211207,3,87.0,83.2,89.2,84.8,86.0,1067,8.0,2.0,73.0,0.0,109.8,2,7,12,0.1,1.5
20211207,4,15.9,16.3,15.9,15.0,15.8,889,7.2,1.6,77.0,0.0,109.8,2,7,12,1.6,1.5
20211207,5,21.3,22.6,21.8,20.6,21.6,0,7.4,1.6,75.0,0.0,109.8,2,7,12,0.0,1.5
20211207,6,22.0,21.7,21.4,21.8,21.7,0,7.0,2.2,75.0,0.0,109.8,2,7,12,0.0,1.5
20211207,7,23.4,23.7,23.7,22.3,23.3,0,6.7,1.7,75.0,0.0,109.8,2,7,12,0.0,1.5
20211207,8,64.8,68.4,64.4,61.7,64.8,0,6.8,2.2,73.0,0.0,109.8,2,7,12,0.0,1.5
20211207,9,138.0,143.5,139.6,144.6,141.4,1211,8.0,2.2,71.0,0.0,109.8,2,7,12,1.7,1.0
20211207,10,23.0,22.9,22.4,23.2,22.9,0,10.7,4.0,60.0,0.0,109.8,2,7,12,0.0,1.0
20211207,11,138.0,141.9,141.6,145.2,141.7,1598,12.0,3.5,56.0,0.0,109.8,2,7,12,1.22,1.0
20211207,12,138.0,131.8,143.1,135.4,137.1,1628,13.0,3.6,53.0,0.0,109.8,2,7,12,1.93,1.0
20211207,13,87.0,87.1,84.5,88.8,86.9,78,13.6,3.7,51.0,0.0,109.8,2,7,12,0.13,1.0
20211207,14,138.0,134.3,134.7,133.1,135.0,1612,14.3,3.5,44.0,0.0,109.8,2,7,12,1.21,1.0
20211207,15,87.0,83.5,88.7,88.2,86.8,1019,14.1,3.0,41.0,0.0,109.8,2,7,12,0.08,1.0
20211207,16,138.0,136.8,141.2,131.9,137.0,861,13.3,3.4,46.0,0.0,109.8,2,7,12,1.16,1.0
20211207,17,138.0,131.9,141.4,129.8,135.3,1280,12.1,3.0,56.0,0.0,109.8,2,7,12,0.46,1.0
20211207,18,138.0,141.3,141.0,145.1,141.4,1474,11.0,2.7,68.0,0.0,109.8,2,7,12,0.98,1.0
20211207,19,15.5,15.4,15.3,15.6,15.4,0,10.7,3.2,71.0,0.0,109.8,2,7,12,0.0,1.5
20211207,20,50.0,50.2,49.4,52.6,50.6,224,10.5,3.3,73.0,0.0,109.8,2,7,12,0.0,1.5
20211207,21,73.8,70.7,71.6,72.3,72.1,0,10.2,2.8,74.0,0.0,109.8,2,7,12,0.0,1.5
20211207,22,87.0,83.2,83.4,85.2,84.7,163,10.0,3.0,71.0,0.0,109.8,2,7,12,0.74,1.5
20211207,23,64.6,65.2,66.1,63.8,64.9,0,10.2,2.9,61.0,0.0,109.8,2,7,12,0.0,1.5
20211208,0,22.5,23.8,21.4,23.1,22.7,0,10.0,3.0,60.0,0.0,109.8,3,8,12,0.0,1.5
20211208,1,58.7,55.9,61.8,59.2,58.9,248,9.1,2.0,65.0,0.0,109.8,3,8,12,1.23,1.5
20211208,2,22.7,22.1,23.6,23.9,23.1,0,8.6,3.1,73.0,0.0,109.8,3,8,12,0.0,1.5
20211208,3,87.0,90.9,90.7,82.0,87.6,12,8.0,2.1,77.0,0.0,109.8,3,8,12,0.0,1.5
20211208,4,17.7,16.8,18.6,18.1,17.8,1723,8.0,3.2,77.0,0.0,109.8,3,8,12,8.14,1.5
20211208,5,87.0,90.9,86.0,85.2,87.3,993,8.2,3.8,68.0,0.0,109.8,3,8,12,1.57,1.5
20211208,6,51.0,51.1,53.1,49.0,51.0,283,8.3,3.1,67.0,0.0,109.8,3,8,12,0.81,1.5
20211208,7,85.2,84.3,81.7,85.3,84.1,0,8.4,2.0,64.0,0.0,109.8,3,8,12,0.0,1.5
20211208,8,19.3,18.9,18.2,19.3,18.9,0,8.3,2.7,62.0,0.0,109.8,3,8,12,0.0,1.5
20211208,9,138.0,134.6,142.7,132.0,136.8,1449,8.9,2.7,61.0,0.0,109.8,3,8,12,0.9,1.0
20211208,10,87.0,85.0,82.6,83.9,84.6,215,10.1,3.7,56.0,0.0,109.8,3,8,12,1.67,1.0
20211208,11,17.6,18.4,18.6,17.4,18.0,0,10.9,3.0,56.0,0.0,109.8,3,8,12,0.0,1.0
20211208,12,138.0,141.7,140.9,136.5,139.3,1304,11.3,3.1,54.0,0.0,109.8,3,8,12,0.54,1.0
20211208,13,87.0,88.8,89.6,85.1,87.6,1120,12.1,3.0,49.0,0.0,109.8,3,8,12,0.5,1.0
20211208,14,138.0,142.9,133.8,132.2,136.7,1835,12.6,3.0,47.0,0.0,109.8,3,8,12,1.35,1.0
20211208,15,138.0,134.0,140.9,129.8,135.7,1290,12.7,2.5,48.0,0.0,109.8,3,8,12,1.88,1.0
20211208,16,138.0,140.0,130.4,145.8,138.6,265,11.6,2.2,52.0,0.0,109.8,3,8,12,1.27,1.0
20211208,17,15.0,14.9,15.6,15.8,15.3,57,10.5,2.1,56.0,0.0,109.8,3,8,12,1.83,1.0
20211208,18,138.0,142.7,132.5,137.7,137.7,2053,9.6,2.0,60.0,0.0,109.8,3,8,12,0.81,1.0
20211208,19,36.7,35.9,37.6,38.9,37.3,0,9.2,2.6,61.0,0.0,109.8,3,8,12,0.0,1.5
20211208,20,35.1,35.7,33.9,35.8,35.1,0,7.9,2.4,67.0,0.0,109.8,3,8,12,0.0,1.5
20211208,21,73.4,76.8,69.6,69.6,72.4,0,8.0,2.0,68.0,0.0,109.8,3,8,12,0.0,1.5
20211208,22,23.5,23.2,23.4,22.4,23.1,0,6.8,1.9,74.0,0.0,109.8,3,8,12,0.0,1.5
20211208,23,111.5,105.7,107.1,117.1,110.4,0,6.4,1.5,78.0,0.0,109.8,3,8,12,0.0,1.5
20211209,0,56.0,56.1,57.5,56.9,56.6,353,6.5,1.8,80.0,0.0,109.8,4,9,12,0.58,1.5
20211209,1,87.0,85.4,84.3,90.6,86.8,209,6.1,1.0,81.0,0.0,109.8,4,9,12,0.0,1.5
20211209,2,87.0,88.8,85.4,91.2,88.1,255,6.0,1.0,86.0,0.0,109.8,4,9,12,0.46,1.5
20211209,3,23.6,24.9,23.8,23.5,24.0,0,5.8,0.3,86.0,0.0,109.8,4,9,12,0.0,1.5
20211209,4,50.0,49.9,48.7,47.3,49.0,480,6.0,1.2,85.0,0.0,109.8,4,9,12,0.47,1.5
20211209,5,138.0,137.4,136.0,132.8,136.0,334,7.0,2.1,83.0,0.0,109.8,4,9,12,0.35,1.5
20211209,6,23.7,24.1,24.6,22.5,23.7,0,6.6,2.0,85.0,0.0,109.8,4,9,12,0.0,1.5
20211209,7,87.0,82.9,83.7,83.8,84.4,0,5.6,1.3,88.0,0.0,109.8,4,9,12,0.0,1.5
20211209,8,87.0,84.4,82.6,86.1,85.0,171,5.5,1.7,87.0,0.0,109.8,4,9,12,0.98,1.5
20211209,9,138.0,144.9,135.2,131.7,137.4,0,7.0,1.4,85.0,0.0,109.8,4,9,12,0.0,1.0
20211209,10,138.0,140.8,136.7,132.5,137.0,610,10.4,2.0,72.0,0.0,109.8,4,9,12,0.88,1.0
20211209,11,138.0,129.9,138.7,137.1,135.9,1286,13.1,2.0,62.0,0.0,109.8,4,9,12,0.57,1.0
20211209,12,138.0,133.1,135.9,135.4,135.6,1545,13.8,1.3,56.0,0.0,109.8,4,9,12,1.15,1.0
20211209,13,50.0,51.1,51.7,49.8,50.7,512,13.7,2.2,54.0,0.0,109.8,4,9,12,0.88,1.0
20211209,14,87.0,89.8,82.2,86.3,86.3,0,13.9,1.5,53.0,0.0,109.8,4,9,12,0.0,1.0
20211209,15,87.0,90.5,86.3,88.5,88.1,21,13.7,1.5,52.0,0.0,109.8,4,9,12,0.0,1.0
20211209,16,138.0,134.6,136.1,145.2,138.5,1207,13.1,1.2,58.0,0.0,109.8,4,9,12,1.36,1.0
20211209,17,138.0,145.1,140.4,131.5,138.8,2191,12.3,1.2,62.0,0.0,109.8,4,9,12,0.78,1.0
20211209,18,87.0,87.6,91.9,82.8,87.3,369,11.7,1.3,64.0,0.0,109.8,4,9,12,1.19,1.0
20211209,19,87.0,89.1,87.1,90.7,88.5,325,11.2,1.6,67.0,0.0,109.8,4,9,12,0.67,1.5
20211209,20,23.0,23.3,24.3,23.0,23.4,0,11.0,1.6,70.0,0.0,109.8,4,9,12,0.0,1.5
20211209,21,87.0,83.1,84.9,89.8,86.2,788,10.9,1.9,71.0,0.0,109.8,4,9,12,0.29,1.5
20211209,22,138.0,145.7,130.2,133.3,136.8,1231,10.1,1.8,75.0,0.0,109.8,4,9,12,0.82,1.5
20211209,23,87.0,83.1,83.5,90.4,86.0,539,9.5,1.4,79.0,0.0,109.8,4,9,12,0.41,1.5
20211210,0,24.2,23.5,23.9,25.4,24.2,0,8.9,0.7,81.0,0.0,109.8,5,10,12,0.0,1.5
20211210,1,138.0,143.2,135.0,140.2,139.1,0,8.3,0.5,84.0,0.0,109.8,5,10,12,0.0,1.5
20211210,2,23.1,23.4,22.0,22.0,22.6,0,7.8,0.8,86.0,0.0,109.8,5,10,12,0.0,1.5
20211210,3,24.0,25.0,23.8,25.1,24.5,0,7.5,0.7,89.0,0.0,109.8,5,10,12,0.0,1.5
20211210,4,81.6,81.8,80.0,84.5,82.0,0,7.3,0.5,91.0,0.0,109.8,5,10,12,0.0,1.5
20211210,5,51.0,50.2,48.7,52.5,50.6,0,7.1,0.4,91.0,0.0,109.8,5,10,12,0.0,1.5
20211210,6,138.0,145.0,134.6,130.3,137.0,1083,6.3,0.0,93.0,0.0,109.8,5,10,12,1.49,1.5
20211210,7,87.0,82.2,91.0,90.1,87.6,101,5.7,0.4,97.0,0.0,109.8,5,10,12,0.42,1.5
20211210,8,23.8,24.8,23.2,22.8,23.6,0,6.8,0.1,96.0,0.0,109.8,5,10,12,0.0,1.5
20211210,9,19.9,19.3,20.4,19.2,19.7,0,8.8,0.1,84.0,0.0,109.8,5,10,12,0.0,1.0
20211210,10,23.4,24.4,23.7,23.6,23.8,0,11.3,0.6,72.0,0.0,109.8,5,10,12,0.0,1.0
20211210,11,100.6,96.2,99.7,97.8,98.6,0,13.6,1.8,63.0,0.0,109.8,5,10,12,0.0,1.0
20211210,12,138.0,139.3,133.7,140.7,137.9,1344,16.4,1.6,51.0,0.0,109.8,5,10,12,1.1,1.0
20211210,13,138.0,144.4,135.8,139.8,139.5,1454,15.7,2.1,55.0,0.0,109.8,5,10,12,1.25,1.0
20211210,14,15.0,15.0,15.2,14.3,14.9,79,15.8,1.6,62.0,0.0,109.8,5,10,12,1.56,1.0
20211210,15,87.0,89.6,85.4,88.6,87.6,310,16.0,2.4,52.0,0.0,109.8,5,10,12,0.29,1.0
20211210,16,138.0,143.0,133.3,145.0,139.8,1031,16.1,2.3,52.0,0.0,109.8,5,10,12,0.13,1.0
20211210,17,138.0,141.9,131.6,132.4,136.0,1452,15.0,2.1,56.0,0.0,109.8,5,10,12,1.71,1.0
20211210,18,138.0,145.0,144.3,139.6,141.7,1749,13.6,1.6,60.0,0.0,109.8,5,10,12,1.41,1.0
20211210,19,50.0,49.7,49.6,49.1,49.6,264,13.1,1.9,63.0,0.0,109.8,5,10,12,0.29,1.5
20211210,20,87.0,83.6,88.3,86.6,86.4,141,11.3,3.1,71.0,0.0,109.8,5,10,12,1.26,1.5
20211210,21,87.0,82.3,86.9,84.8,85.3,207,10.2,2.3,76.0,0.0,109.8,5,10,12,0.47,1.5
20211210,22,51.1,49.5,53.4,50.2,51.0,0,9.8,2.2,76.0,0.0,109.8,5,10,12,0.0,1.5
20211210,23,87.0,83.3,87.5,82.1,85.0,834,8.9,1.9,79.0,0.0,109.8,5,10,12,0.02,1.5
20211211,0,87.0,87.6,86.8,92.0,88.4,0,8.7,1.9,78.0,0.0,109.8,6,11,12,0.0,1.5
20211211,1,19.6,18.9,20.6,19.9,19.8,0,8.9,1.1,73.0,0.0,109.8,6,11,12,0.0,1.5
20211211,2,87.0,82.2,89.3,87.0,86.4,116,8.0,1.5,77.0,0.0,109.8,6,11,12,0.8,1.5
20211211,3,15.0,14.2,14.3,14.8,14.6,0,8.7,2.2,74.0,0.0,109.8,6,11,12,0.0,1.5
20211211,4,60.9,63.3,58.5,61.2,61.0,0,8.3,1.7,72.0,0.0,109.8,6,11,12,0.0,1.5
20211211,5,25.5,25.8,26.4,25.1,25.7,0,8.0,1.7,72.0,0.0,109.8,6,11,12,0.0,1.5
20211211,6,48.3,47.5,50.2,47.5,48.4,0,7.7,2.8,78.0,0.0,109.8,6,11,12,0.0,1.5
20211211,7,87.0,91.1,87.5,86.6,88.1,593,7.2,2.6,81.0,0.0,109.8,6,11,12,0.63,1.5
20211211,8,28.2,26.7,28.4,27.4,27.7,0,7.6,2.0,80.0,0.0,109.8,6,11,12,0.0,1.5
20211211,9,51.4,54.4,52.2,49.4,51.8,0,8.7,1.7,75.0,0.0,109.8,6,11,12,0.0,1.0
20211211,10,87.0,88.2,86.4,87.6,87.3,602,10.7,1.7,67.0,0.0,109.8,6,11,12,0.63,1.0
20211211,11,18.8,18.1,19.2,19.6,18.9,0,11.6,2.2,61.0,0.0,109.8,6,11,12,0.0,1.0
20211211,12,50.0,51.1,47.7,47.9,49.2,1160,13.0,2.2,56.0,0.0,109.8,6,11,12,0.72,1.0
20211211,13,26.3,27.1,27.8,24.8,26.5,0,13.8,1.7,53.0,0.0,109.8,6,11,12,0.0,1.0
20211211,14,40.4,40.1,41.6,39.2,40.3,0,13.9,1.0,52.0,0.0,109.8,6,11,12,0.0,1.0
20211211,15,24.7,25.8,25.1,26.1,25.4,0,14.7,0.9,48.0,0.0,109.8,6,11,12,0.0,1.0
20211211,16,87.0,83.4,85.1,90.4,86.5,586,13.4,1.8,55.0,0.0,109.8,6,11,12,0.65,1.0
20211211,17,25.5,24.8,24.5,25.8,25.2,0,12.7,1.4,57.0,0.0,109.8,6,11,12,0.0,1.0
20211211,18,87.0,82.8,86.1,91.5,86.8,0,11.5,1.9,66.0,0.0,109.8,6,11,12,0.0,1.0
20211211,19,50.0,48.3,51.0,49.7,49.8,128,10.9,2.2,67.0,0.0,109.8,6,11,12,0.58,1.5
20211211,20,23.4,22.7,23.8,24.8,23.7,0,10.2,1.6,68.0,0.0,109.8,6,11,12,0.0,1.5
20211211,21,15.0,15.8,14.8,14.6,15.0,260,10.0,2.3,68.0,0.0,109.8,6,11,12,4.9,1.5
20211211,22,24.2,23.0,24.5,23.4,23.8,0,9.6,1.5,68.0,0.0,109.8,6,11,12,0.0,1.5
20211211,23,22.3,22.1,23.1,22.7,22.6,0,9.0,0.9,71.0,0.0,109.8,6,11,12,0.0,1.5
20211212,0,23.9,24.0,22.5,23.6,23.5,0,9.1,1.1,68.0,0.0,109.8,7,12,12,0.0,1.5
20211212,1,50.0,52.4,49.7,50.8,50.7,534,8.8,0.8,68.0,0.0,109.8,7,12,12,0.0,1.5
20211212,2,21.1,22.4,21.8,20.6,21.5,0,9.0,2.1,62.0,0.0,109.8,7,12,12,0.0,1.5
20211212,3,119.8,123.4,120.5,121.5,121.3,0,8.9,2.5,66.0,0.0,109.8,7,12,12,0.0,1.5
20211212,4,21.8,23.0,22.2,21.2,22.0,0,8.4,2.0,69.0,0.0,109.8,7,12,12,0.0,1.5
20211212,5,27.4,28.3,27.5,25.9,27.3,0,8.4,1.2,66.0,0.0,109.8,7,12,12,0.0,1.5
20211212,6,25.4,26.8,26.9,26.7,26.4,0,8.2,2.9,65.0,0.0,109.8,7,12,12,0.0,1.5
20211212,7,60.0,61.5,56.8,62.8,60.3,1391,8.4,2.9,54.0,0.0,109.8,7,12,12,0.77,1.5
20211212,8,87.0,82.6,86.9,91.9,87.1,149,7.8,2.2,58.0,0.0,109.8,7,12,12,1.18,1.5
20211212,9,24.3,24.0,23.1,24.9,24.1,0,9.3,2.3,56.0,0.0,109.8,7,12,12,0.0,1.0
20211212,10,16.3,16.6,15.6,16.7,16.3,542,9.3,3.0,55.0,0.0,109.8,7,12,12,1.45,1.0
20211212,11,62.4,61.3,61.5,62.8,62.0,0,9.2,2.9,53.0,0.0,109.8,7,12,12,0.0,1.0
20211212,12,15.8,15.4,15.1,15.1,15.4,853,10.0,2.9,46.0,0.0,109.8,7,12,12,2.13,1.0
20211212,13,16.9,17.1,17.8,16.3,17.0,0,10.6,2.4,42.0,0.0,109.8,7,12,12,0.0,1.0
20211212,14,22.5,23.7,23.7,21.9,23.0,0,10.8,4.1,36.0,0.0,109.8,7,12,12,0.0,1.0
20211212,15,38.2,36.1,37.4,40.0,37.9,0,11.1,4.3,34.0,0.0,109.8,7,12,12,0.0,1.0
20211212,16,53.5,55.2,54.4,51.4,53.6,493,10.7,3.7,28.0,0.0,109.8,7,12,12,0.55,1.0
20211212,17,106.0,108.8,106.4,111.4,108.2,0,9.2,2.8,31.0,0.0,109.8,7,12,12,0.0,1.0
20211212,18,21.5,22.7,22.3,21.6,22.0,0,8.1,2.3,34.0,0.0,109.8,7,12,12,0.0,1.0
20211212,19,91.9,96.6,93.3,94.3,94.0,0,7.0,1.8,37.0,0.0,109.8,7,12,12,0.0,1.5
20211212,20,23.9,24.7,22.5,22.8,23.5,0,6.0,3.5,35.0,0.0,109.8,7,12,12,0.0,1.5
20211212,21,20.8,20.9,21.5,20.2,20.8,0,4.7,2.1,33.0,0.0,109.8,7,12,12,0.0,1.5
20211212,22,24.7,23.8,25.4,26.1,25.0,0,2.8,2.7,38.0,0.0,109.8,7,12,12,0.0,1.5
20211212,23,63.1,63.4,63.2,61.3,62.8,932,1.7,3.5,35.0,0.0,109.8,7,12,12,0.16,1.5
20211213,0,115.7,119.4,121.3,112.9,117.3,0,0.6,3.5,31.0,0.0,109.8,1,13,12,0.0,1.5
20211213,1,138.0,144.6,144.8,133.0,140.1,0,-0.1,4.3,40.0,0.0,109.8,1,13,12,0.0,1.5
20211213,2,21.9,22.7,22.0,20.9,21.9,0,-0.7,2.6,46.0,0.0,109.8,1,13,12,0.0,1.5
20211213,3,53.8,51.8,54.5,52.1,53.0,166,-1.3,2.8,47.0,0.0,109.8,1,13,12,0.0,1.5
20211213,4,138.0,139.7,146.2,140.4,141.1,0,-1.6,3.9,42.0,0.0,109.8,1,13,12,0.0,1.5
20211213,5,87.0,85.2,84.9,86.5,85.9,632,-2.1,4.3,41.0,0.0,109.8,1,13,12,0.36,1.5
20211213,6,87.0,81.9,85.2,87.6,85.4,0,-2.5,4.0,41.0,0.0,109.8,1,13,12,0.0,1.5
20211213,7,18.9,18.2,18.2,18.0,18.3,0,-2.7,3.7,40.0,0.0,109.8,1,13,12,0.0,1.5
20211213,8,87.0,83.0,91.1,90.2,87.8,0,-2.6,3.6,37.0,0.0,109.8,1,13,12,0.0,1.5
20211213,9,87.0,90.6,89.6,90.0,89.3,81,-1.3,2.2,34.0,0.0,109.8,1,13,12,0.49,1.0
20211213,10,138.0,134.0,131.5,130.1,133.4,0,0.0,2.7,28.0,0.0,109.8,1,13,12,0.0,1.0
20211213,11,138.0,134.4,146.0,136.1,138.6,545,1.8,2.3,23.0,0.0,109.8,1,13,12,1.1,1.0
20211213,12,138.0,145.6,141.8,130.9,139.1,986,3.4,2.1,19.0,0.0,109.8,1,13,12,1.1,1.0
20211213,13,87.0,85.7,90.7,90.0,88.4,0,4.6,3.0,18.0,0.0,109.8,1,13,12,0.0,1.0
20211213,14,138.0,129.9,130.5,141.9,135.1,1807,6.2,2.1,16.0,0.0,109.8,1,13,12,1.28,1.0
20211213,15,138.0,134.4,138.1,144.7,138.8,1028,6.5,2.4,14.0,0.0,109.8,1,13,12,1.69,1.0
20211213,16,87.0,83.0,89.1,84.2,85.8,0,6.1,1.9,16.0,0.0,109.8,1,13,12,0.0,1.0
20211213,17,87.0,82.9,87.4,86.5,86.0,903,4.9,2.3,13.0,0.0,109.8,1,13,12,0.39,1.0
20211213,18,138.0,131.0,140.8,132.8,135.6,2272,3.4,2.0,15.0,0.0,109.8,1,13,12,1.02,1.0
20211213,19,50.6,51.2,52.5,49.8,51.0,0,2.7,3.3,18.0,0.0,109.8,1,13,12,0.0,1.5
20211213,20,53.0,51.0,52.2,53.1,52.3,0,1.4,2.5,23.0,0.0,109.8,1,13,12,0.0,1.5
20211213,21,36.5,35.9,38.0,34.5,36.2,0,0.7,2.9,24.0,0.0,109.8,1,13,12,0.0,1.5
20211213,22,87.0,90.8,83.5,89.2,87.6,607,0.4,3.2,26.0,0.0,109.8,1,13,12,0.33,1.5
20211213,23,138.0,136.7,134.2,138.7,136.9,1103,0.0,2.6,27.0,0.0,109.8,1,13,12,1.48,1.5
20211214,0,87.0,91.3,82.2,90.4,87.7,357,-0.5,2.1,28.0,0.0,109.8,2,14,12,1.06,1.5
20211214,1,87.0,87.0,85.6,84.6,86.1,1015,-0.8,2.3,29.0,0.0,109.8,2,14,12,0.21,1.5
20211214,2,61.3,60.6,60.4,64.3,61.6,0,-1.2,2.3,30.0,0.0,109.8,2,14,12,0.0,1.5
20211214,3,50.0,51.5,51.8,53.0,51.6,117,-1.0,2.8,32.0,0.0,109.8,2,14,12,0.8,1.5
20211214,4,87.0,82.5,88.6,91.4,87.4,0,-0.9,2.3,40.0,0.0,109.8,2,14,12,0.0,1.5
20211214,5,17.4,16.5,17.3,18.0,17.3,0,-0.6,1.7,48.0,0.0,109.8,2,14,12,0.0,1.5
20211214,6,87.0,88.6,88.6,90.3,88.6,183,-0.8,1.4,54.0,0.0,109.8,2,14,12,0.58,1.5
20211214,7,22.1,22.1,20.9,22.3,21.8,0,-0.3,2.8,56.0,0.0,109.8,2,14,12,0.0,1.5
20211214,8,87.0,90.0,83.7,83.8,86.1,314,0.2,1.5,57.0,0.0,109.8,2,14,12,0.01,1.5
20211214,9,138.0,144.9,140.1,140.9,141.0,2057,3.0,0.7,51.0,0.0,109.8,2,14,12,1.3,1.0
20211214,10,87.0,85.8,88.5,89.2,87.6,821,5.0,1.0,45.0,0.0,109.8,2,14,12,0.0,1.0
20211214,11,138.0,139.6,142.5,146.0,141.5,233,6.0,1.8,43.0,0.0,109.8,2,14,12,0.2,1.0
20211214,12,138.0,138.0,136.4,138.7,137.8,3035,7.7,2.6,39.0,0.0,109.8,2,14,12,1.58,1.0
20211214,13,24.9,26.3,25.6,24.2,25.3,0,8.3,2.8,36.0,0.0,109.8,2,14,12,0.0,1.0
20211214,14,138.0,143.5,141.0,141.0,140.9,1346,8.8,3.1,36.0,0.0,109.8,2,14,12,1.02,1.0
20211214,15,87.0,91.3,91.8,92.0,90.5,549,8.6,2.6,36.0,0.0,109.8,2,14,12,0.54,1.0
20211214,16,138.0,133.9,133.3,132.7,134.5,571,8.8,2.2,37.0,0.0,109.8,2,14,12,1.12,1.0
20211214,17,138.0,142.5,138.9,135.1,138.6,2165,7.6,1.6,38.0,0.0,109.8,2,14,12,0.81,1.0
20211214,18,87.0,84.6,88.1,87.4,86.8,1226,6.2,1.2,43.0,0.0,109.8,2,14,12,0.47,1.0
20211214,19,87.0,84.0,92.2,83.6,86.7,0,5.1,0.4,47.0,0.0,109.8,2,14,12,0.0,1.5
20211214,20,22.1,23.3,21.3,20.8,21.9,0,5.7,2.7,46.0,0.0,109.8,2,14,12,0.0,1.5
20211214,21,22.7,21.4,22.8,22.3,22.3,0,6.1,3.5,46.0,0.0,109.8,2,14,12,0.0,1.5
20211214,22,49.3,52.1,48.4,51.5,50.3,0,5.5,2.7,49.0,0.0,109.8,2,14,12,0.0,1.5
20211214,23,24.5,23.5,24.6,23.2,24.0,0,4.8,2.2,53.0,0.0,109.8,2,14,12,0.0,1.5
20211215,0,87.0,90.3,84.2,86.3,87.0,213,3.2,0.0,58.0,0.0,109.8,3,15,12,0.0,1.5
20211215,1,54.0,52.5,51.1,55.7,53.3,707,3.0,0.1,61.0,0.0,109.8,3,15,12,1.77,1.5
20211215,2,53.6,52.6,54.1,56.5,54.2,254,2.7,0.2,64.0,0.0,109.8,3,15,12,0.0,1.5
20211215,3,138.0,133.3,135.3,146.0,138.2,1150,2.2,0.5,67.0,0.0,109.8,3,15,12,1.09,1.5
20211215,4,138.0,139.4,132.7,136.7,136.7,0,2.4,0.9,68.0,0.0,109.8,3,15,12,0.0,1.5
20211215,5,87.0,85.4,85.2,91.7,87.3,807,2.2,0.1,70.0,0.0,109.8,3,15,12,0.01,1.5
20211215,6,20.6,21.0,19.5,19.5,20.2,0,2.2,1.8,74.0,0.0,109.8,3,15,12,0.0,1.5
20211215,7,50.0,47.1,52.7,51.5,50.3,323,1.1,0.5,75.0,0.0,109.8,3,15,12,1.15,1.5
20211215,8,87.0,82.5,87.8,88.5,86.4,0,3.1,0.6,74.0,0.0,109.8,3,15,12,0.0,1.5
20211215,9,138.0,131.4,143.2,133.9,136.6,0,5.5,0.5,64.0,0.0,109.8,3,15,12,0.0,1.0
20211215,10,138.0,136.7,136.7,138.1,137.4,941,8.4,1.2,56.0,0.0,109.8,3,15,12,1.0,1.0
20211215,11,138.0,143.2,144.7,131.9,139.4,1338,11.3,1.8,46.0,0.0,109.8,3,15,12,0.95,1.0
20211215,12,138.0,144.4,137.7,144.2,141.1,2957,12.8,3.5,43.0,0.0,109.8,3,15,12,1.81,1.0
20211215,13,25.1,24.3,25.3,24.7,24.8,0,13.5,4.5,41.0,0.0,109.8,3,15,12,0.0,1.0
20211215,14,138.0,139.2,137.9,140.1,138.8,2258,15.0,2.0,41.0,0.0,109.8,3,15,12,1.32,1.0
20211215,15,138.0,142.4,141.9,132.3,138.6,805,14.5,2.9,42.0,0.0,109.8,3,15,12,1.41,1.0
20211215,16,15.0,14.6,15.1,14.5,14.8,723,14.2,3.6,39.0,0.0,109.8,3,15,12,0.99,1.0
20211215,17,138.0,136.5,134.2,146.1,138.7,1528,12.9,2.1,43.0,0.0,109.8,3,15,12,0.53,1.0
20211215,18,138.0,138.4,132.1,142.2,137.7,1843,12.2,3.2,50.0,0.0,109.8,3,15,12,1.32,1.0
20211215,19,57.5,55.0,58.2,60.7,57.8,0,10.5,2.1,64.0,0.0,109.8,3,15,12,0.0,1.5
20211215,20,138.0,130.2,137.8,134.6,135.2,557,9.4,1.0,66.0,0.0,109.8,3,15,12,0.97,1.5
20211215,21,50.0,47.9,47.6,48.0,48.4,0,8.5,1.4,74.0,0.0,109.8,3,15,12,0.0,1.5
20211215,22,20.0,20.3,19.7,20.0,20.0,0,8.7,2.9,73.0,0.0,109.8,3,15,12,0.0,1.5
20211215,23,50.0,47.4,50.1,50.0,49.4,290,7.0,0.3,81.0,0.0,109.8,3,15,12,1.18,1.5
20211216,0,21.7,20.9,22.6,20.9,21.5,0,8.3,0.8,76.0,0.0,109.8,4,16,12,0.0,1.5
20211216,1,54.8,53.7,52.0,56.3,54.2,899,6.5,0.3,85.0,0.0,109.8,4,16,12,0.88,1.5
20211216,2,138.0,131.0,135.5,135.7,135.0,156,6.0,0.9,85.0,0.0,109.8,4,16,12,1.19,1.5
20211216,3,138.0,132.9,143.3,132.8,136.8,201,5.8,0.7,86.0,0.0,109.8,4,16,12,0.27,1.5
20211216,4,20.7,21.7,21.1,20.3,21.0,0,5.7,1.0,89.0,0.0,109.8,4,16,12,0.0,1.5
20211216,5,18.0,17.0,17.5,18.1,17.6,48,5.8,2.2,84.0,0.0,109.8,4,16,12,8.42,1.5
20211216,6,138.0,140.5,143.7,141.8,141.0,0,6.5,1.5,84.0,0.0,109.8,4,16,12,0.0,1.5
20211216,7,22.7,22.4,22.7,22.7,22.6,0,7.2,0.1,78.0,0.0,109.8,4,16,12,0.0,1.5
20211216,8,138.0,140.9,138.0,138.4,138.8,1285,7.7,1.5,73.0,0.0,109.8,4,16,12,1.12,1.5
20211216,9,138.0,139.5,145.9,132.0,138.8,192,7.0,1.1,89.0,0.6,109.8,4,16,12,1.44,1.0
20211216,10,28.1,27.2,29.6,29.5,28.6,0,7.0,0.7,96.0,0.0,109.8,4,16,12,0.0,1.0
20211216,11,138.0,143.7,135.7,145.1,140.6,1937,7.5,0.4,97.0,0.0,109.8,4,16,12,0.86,1.0
20211216,12,87.0,86.9,83.2,88.9,86.5,172,8.0,0.5,97.0,2.7,109.8,4,16,12,0.57,1.0
20211216,13,138.0,143.3,135.1,130.0,136.6,81,8.1,0.5,97.0,0.0,109.8,4,16,12,0.42,1.0
20211216,14,138.0,136.4,130.2,138.6,135.8,1676,8.5,0.8,96.0,0.0,109.8,4,16,12,1.47,1.0
20211216,15,138.0,146.0,130.1,140.1,138.6,2143,8.9,0.8,94.0,0.2,109.8,4,16,12,1.12,1.0
20211216,16,138.0,142.5,136.3,146.2,140.8,2234,9.9,0.4,84.0,0.0,109.8,4,16,12,1.32,1.0
20211216,17,138.0,145.7,145.3,146.2,143.8,1137,8.9,1.5,88.0,0.0,109.8,4,16,12,1.54,1.0
20211216,18,138.0,138.2,144.1,143.9,141.0,1309,8.3,1.0,93.0,0.0,109.8,4,16,12,0.59,1.0
20211216,19,87.0,86.7,87.1,82.4,85.8,0,8.7,1.4,80.0,0.0,109.8,4,16,12,0.0,1.5
20211216,20,87.7,90.4,88.4,92.5,89.8,0,7.4,0.1,86.0,0.0,109.8,4,16,12,0.0,1.5
20211216,21,24.4,25.5,23.0,24.7,24.4,0,7.7,1.4,91.0,0.0,109.8,4,16,12,0.0,1.5
20211216,22,138.0,145.7,133.3,143.0,140.0,1499,8.0,1.9,77.0,0.0,109.8,4,16,12,0.88,1.5
20211216,23,19.1,18.7,18.0,18.9,18.7,0,7.6,2.7,69.0,0.0,109.8,4,16,12,0.0,1.5
20211217,0,50.0,51.8,51.5,48.9,50.6,124,7.5,1.4,57.0,0.0,109.8,5,17,12,1.03,1.5
20211217,1,52.2,50.4,50.0,52.0,51.2,767,7.6,1.6,50.0,0.0,109.8,5,17,12,2.23,1.5
20211217,2,87.0,87.5,90.9,83.3,87.2,156,7.3,1.4,52.0,0.0,109.8,5,17,12,0.37,1.5
20211217,3,87.0,83.7,88.5,85.5,86.2,0,8.4,3.2,53.0,0.0,109.8,5,17,12,0.0,1.5
20211217,4,50.0,49.1,48.4,52.1,49.9,705,8.2,1.9,57.0,0.0,109.8,5,17,12,1.26,1.5
20211217,5,93.2,98.0,89.4,88.0,92.2,0,7.7,3.3,57.0,0.0,109.8,5,17,12,0.0,1.5
20211217,6,22.3,21.4,22.6,21.4,21.9,0,6.1,3.8,43.0,0.0,109.8,5,17,12,0.0,1.5
20211217,7,22.6,23.0,23.7,21.6,22.7,0,4.7,2.8,48.0,0.0,109.8,5,17,12,0.0,1.5
20211217,8,138.0,139.5,141.6,136.4,138.9,1137,4.1,3.5,48.0,0.0,109.8,5,17,12,1.13,1.5
20211217,9,138.0,131.7,135.5,146.2,137.8,144,4.0,4.5,38.0,0.0,109.8,5,17,12,2.06,1.0
20211217,10,138.0,135.1,139.4,132.6,136.3,0,3.2,5.0,30.0,0.0,109.8,5,17,12,0.0,1.0
20211217,11,15.2,15.3,14.9,14.6,15.0,370,3.0,5.2,27.0,0.0,109.8,5,17,12,0.0,1.0
20211217,12,19.6,18.9,20.8,20.6,20.0,0,2.7,5.6,24.0,0.0,109.8,5,17,12,0.0,1.0
20211217,13,138.0,143.0,142.1,144.3,141.9,1533,2.7,5.4,22.0,0.0,109.8,5,17,12,1.28,1.0
20211217,14,138.0,145.8,139.9,130.3,138.5,2157,2.2,5.7,19.0,0.0,109.8,5,17,12,0.48,1.0
20211217,15,87.0,84.0,86.2,89.6,86.7,446,2.0,4.6,22.0,0.0,109.8,5,17,12,0.0,1.0
20211217,16,138.0,132.8,140.0,140.6,137.8,203,0.9,5.1,25.0,0.0,109.8,5,17,12,1.24,1.0
20211217,17,138.0,137.3,135.4,142.4,138.3,969,-0.3,6.0,28.0,0.0,109.8,5,17,12,1.24,1.0
20211217,18,138.0,142.1,130.2,137.9,137.0,1425,-1.4,5.6,30.0,0.0,109.8,5,17,12,1.08,1.0
20211217,19,50.0,48.7,49.4,52.9,50.2,273,-2.1,5.4,32.0,0.0,109.8,5,17,12,0.71,1.5
20211217,20,87.0,82.0,91.5,82.2,85.7,550,-3.0,5.1,33.0,0.0,109.8,5,17,12,1.81,1.5
20211217,21,138.0,138.7,140.1,133.6,137.6,979,-3.6,2.7,31.0,0.0,109.8,5,17,12,1.04,1.5
20211217,22,50.0,52.7,47.5,49.4,49.9,240,-4.4,3.6,31.0,0.0,109.8,5,17,12,1.1,1.5
20211217,23,87.0,85.9,91.0,86.5,87.6,685,-4.8,4.3,28.0,0.0,109.8,5,17,12,0.18,1.5
20211218,0,26.6,26.3,25.9,27.9,26.7,0,-5.1,5.0,30.0,0.0,109.8,6,18,12,0.0,1.5
20211218,1,75.7,80.0,73.4,76.2,76.3,0,-5.5,4.2,34.0,0.0,109.8,6,18,12,0.0,1.5
20211218,2,24.2,24.8,23.6,22.9,23.9,0,-5.9,2.8,37.0,0.0,109.8,6,18,12,0.0,1.5
20211218,3,30.2,31.0,30.5,29.9,30.4,0,-6.7,2.0,42.0,0.0,109.8,6,18,12,0.0,1.5
20211218,4,87.0,87.7,87.5,86.1,87.1,0,-7.5,2.9,44.0,0.0,109.8,6,18,12,0.0,1.5
20211218,5,40.3,42.6,40.3,42.6,41.4,0,-8.0,2.4,40.0,0.0,109.8,6,18,12,0.0,1.5
20211218,6,51.3,52.5,52.6,51.9,52.1,499,-7.9,3.6,37.0,0.0,109.8,6,18,12,1.02,1.5
20211218,7,25.1,26.3,24.5,25.5,25.4,0,-7.6,4.1,34.0,0.0,109.8,6,18,12,0.0,1.5
20211218,8,27.9,28.6,28.8,28.6,28.5,0,-7.5,3.2,34.0,0.0,109.8,6,18,12,0.0,1.5
20211218,9,22.9,23.5,22.0,23.6,23.0,0,-5.7,3.6,29.0,0.0,109.8,6,18,12,0.0,1.0
20211218,10,22.2,21.6,23.0,22.6,22.4,0,-3.8,2.3,23.0,0.0,109.8,6,18,12,0.0,1.0
20211218,11,21.7,21.2,22.1,21.0,21.5,0,-1.5,2.6,19.0,0.0,109.8,6,18,12,0.0,1.0
20211218,12,18.7,19.3,19.1,19.5,19.2,0,-0.6,3.6,14.0,0.0,109.8,6,18,12,0.0,1.0
20211218,13,24.3,23.7,24.2,25.0,24.3,0,0.2,4.2,15.0,0.0,109.8,6,18,12,0.0,1.0
20211218,14,20.7,20.9,21.1,21.3,21.0,0,1.3,4.2,18.0,0.0,109.8,6,18,12,0.0,1.0
20211218,15,13.6,13.2,12.9,14.4,13.5,0,1.4,4.6,23.0,0.0,109.8,6,18,12,0.0,1.0
20211218,16,58.3,60.5,60.8,60.4,60.0,0,2.0,2.3,26.0,0.0,109.8,6,18,12,0.0,1.0
20211218,17,96.1,91.6,91.0,99.9,94.6,0,1.0,1.2,31.0,0.0,109.8,6,18,12,0.0,1.0
20211218,18,57.9,60.2,55.5,61.0,58.6,894,-0.4,0.1,37.0,0.0,109.8,6,18,12,0.77,1.0
20211218,19,24.4,24.7,24.6,23.4,24.3,0,0.0,2.6,34.0,0.0,109.8,6,18,12,0.0,1.5
20211218,20,87.0,83.7,89.5,87.0,86.8,1377,-0.2,2.2,31.0,0.0,109.8,6,18,12,0.32,1.5
20211218,21,20.5,20.6,19.5,20.7,20.3,0,-0.8,1.5,33.0,0.0,109.8,6,18,12,0.0,1.5
20211218,22,24.3,23.7,25.5,23.8,24.3,0,-0.9,0.7,35.0,0.0,109.8,6,18,12,0.0,1.5
20211218,23,39.4,38.6,41.6,41.0,40.2,0,-2.1,0.5,40.0,0.0,109.8,6,18,12,0.0,1.5
20211219,0,20.7,20.3,21.0,21.4,20.8,0,-2.0,0.3,42.0,0.0,109.8,7,19,12,0.0,1.5
20211219,1,24.5,23.2,24.4,25.1,24.3,0,-1.5,0.7,48.0,0.0,109.8,7,19,12,0.0,1.5
20211219,2,23.9,25.3,24.6,25.3,24.8,0,-2.0,0.2,51.0,0.0,109.8,7,19,12,0.0,1.5
20211219,3,22.2,21.0,21.7,21.6,21.6,0,0.1,2.8,56.0,0.0,109.8,7,19,12,0.0,1.5
20211219,4,21.8,22.2,21.8,22.4,22.0,0,0.7,2.8,60.0,0.0,109.8,7,19,12,0.0,1.5
20211219,5,81.8,80.5,85.9,82.3,82.6,0,0.8,2.2,64.0,0.0,109.8,7,19,12,0.0,1.5
20211219,6,15.0,15.3,15.8,14.7,15.2,229,0.5,0.5,66.0,0.0,109.8,7,19,12,8.37,1.5
20211219,7,58.4,57.4,61.4,56.0,58.3,0,0.7,2.0,63.0,0.0,109.8,7,19,12,0.0,1.5
20211219,8,23.8,24.3,23.1,24.9,24.0,0,1.7,0.9,68.0,0.0,109.8,7,19,12,0.0,1.5
20211219,9,22.3,22.9,21.6,22.6,22.4,0,3.1,2.7,51.0,0.0,109.8,7,19,12,0.0,1.0
20211219,10,25.0,25.6,24.4,26.0,25.2,0,3.4,3.9,44.0,0.0,109.8,7,19,12,0.0,1.0
20211219,11,68.0,64.8,67.5,68.4,67.2,0,3.9,4.3,37.0,0.0,109.8,7,19,12,0.0,1.0
20211219,12,18.4,18.7,18.0,17.8,18.2,0,4.2,4.1,33.0,0.0,109.8,7,19,12,0.0,1.0
20211219,13,52.5,51.1,51.7,51.5,51.7,0,5.0,4.4,31.0,0.0,109.8,7,19,12,0.0,1.0
20211219,14,21.8,20.6,22.1,21.5,21.5,0,5.6,3.7,29.0,0.0,109.8,7,19,12,0.0,1.0
20211219,15,82.3,81.5,84.9,87.0,83.9,0,5.7,3.7,28.0,0.0,109.8,7,19,12,0.0,1.0
20211219,16,27.4,27.2,28.2,25.8,27.2,0,5.7,3.6,28.0,0.0,109.8,7,19,12,0.0,1.0
20211219,17,22.3,22.2,23.1,23.6,22.8,0,4.7,3.8,30.0,0.0,109.8,7,19,12,0.0,1.0
20211219,18,22.8,23.4,21.5,24.1,23.0,0,4.0,2.5,30.0,0.0,109.8,7,19,12,0.0,1.0
20211219,19,58.0,56.7,54.9,61.5,57.8,0,2.6,1.2,33.0,0.0,109.8,7,19,12,0.0,1.5
20211219,20,87.0,85.1,90.0,86.8,87.2,24,2.0,0.6,35.0,0.0,109.8,7,19,12,0.94,1.5
20211219,21,21.1,20.0,21.2,22.3,21.2,0,0.7,0.5,42.0,0.0,109.8,7,19,12,0.0,1.5
20211219,22,43.5,44.5,43.9,43.0,43.7,0,0.1,0.3,48.0,0.0,109.8,7,19,12,0.0,1.5
20211219,23,20.5,20.7,19.4,19.3,20.0,0,-0.5,0.5,49.0,0.0,109.8,7,19,12,0.0,1.5
20211220,0,50.0,49.1,48.5,48.3,49.0,476,-1.2,0.1,53.0,0.0,109.8,1,20,12,0.91,1.5
20211220,1,27.6,28.3,28.1,29.1,28.3,0,-1.8,0.6,54.0,0.0,109.8,1,20,12,0.0,1.5
20211220,2,21.6,21.7,22.5,20.3,21.5,0,-1.0,0.2,55.0,0.0,109.8,1,20,12,0.0,1.5
20211220,3,87.0,86.7,91.4,87.5,88.2,86,-1.3,0.2,57.0,0.0,109.8,1,20,12,0.0,1.5
20211220,4,25.9,25.9,25.9,24.6,25.6,0,-0.3,0.8,56.0,0.0,109.8,1,20,12,0.0,1.5
20211220,5,22.6,23.0,22.7,22.0,22.6,0,2.5,2.9,53.0,0.0,109.8,1,20,12,0.0,1.5
20211220,6,87.0,88.7,90.5,82.7,87.2,419,-0.2,0.2,62.0,0.0,109.8,1,20,12,0.29,1.5
20211220,7,55.5,54.1,55.8,57.9,55.8,808,0.5,0.3,61.0,0.0,109.8,1,20,12,2.62,1.5
20211220,8,87.0,83.2,87.2,88.0,86.4,0,0.9,0.7,62.0,0.0,109.8,1,20,12,0.0,1.5
20211220,9,87.0,83.4,91.2,91.2,88.2,596,4.0,0.2,54.0,0.0,109.8,1,20,12,0.36,1.0
20211220,10,16.6,16.9,17.2,17.0,16.9,59,7.6,2.8,46.0,0.0,109.8,1,20,12,6.26,1.0
20211220,11,138.0,144.2,144.8,145.8,143.2,1521,9.4,1.8,42.0,0.0,109.8,1,20,12,1.95,1.0
20211220,12,138.0,136.5,133.3,138.2,136.5,1537,10.7,5.0,38.0,0.0,109.8,1,20,12,1.34,1.0
20211220,13,138.0,132.5,138.4,140.3,137.3,1086,11.3,3.5,38.0,0.0,109.8,1,20,12,0.76,1.0
20211220,14,138.0,142.2,143.7,139.3,140.8,315,11.4,3.4,39.0,0.0,109.8,1,20,12,0.0,1.0
20211220,15,138.0,143.5,131.6,137.7,137.7,1828,11.6,3.5,39.0,0.0,109.8,1,20,12,1.61,1.0
20211220,16,23.4,24.5,24.2,24.4,24.1,0,11.7,2.4,40.0,0.0,109.8,1,20,12,0.0,1.0
20211220,17,87.0,88.1,83.7,88.5,86.8,889,10.4,1.7,42.0,0.0,109.8,1,20,12,0.12,1.0
20211220,18,138.0,144.0,143.1,143.0,142.0,990,9.4,1.3,47.0,0.0,109.8,1,20,12,1.26,1.0
20211220,19,95.4,89.9,96.7,98.7,95.2,0,9.0,1.6,49.0,0.0,109.8,1,20,12,0.0,1.5
20211220,20,138.0,131.5,132.9,132.9,133.8,0,7.2,0.7,56.0,0.0,109.8,1,20,12,0.0,1.5
20211220,21,15.0,14.3,15.0,15.3,14.9,0,7.5,1.8,55.0,0.0,109.8,1,20,12,0.0,1.5
20211220,22,138.0,141.5,141.0,133.0,138.4,1527,6.6,1.0,60.0,0.0,109.8,1,20,12,0.6,1.5
20211220,23,23.4,22.2,23.8,23.6,23.2,0,7.5,1.5,57.0,0.0,109.8,1,20,12,0.0,1.5
20211221,0,87.0,87.0,86.2,88.9,87.3,591,6.6,0.5,60.0,0.0,109.8,2,21,12,0.34,1.5
20211221,1,22.6,22.5,23.7,23.9,23.2,0,5.0,0.1,68.0,0.0,109.8,2,21,12,0.0,1.5
20211221,2,24.4,23.8,24.5,23.0,23.9,0,5.8,1.4,65.0,0.0,109.8,2,21,12,0.0,1.5
20211221,3,22.4,23.4,22.4,21.3,22.4,0,5.2,0.4,66.0,0.0,109.8,2,21,12,0.0,1.5
20211221,4,87.0,83.6,82.4,82.6,83.9,0,5.3,0.2,65.0,0.0,109.8,2,21,12,0.0,1.5
20211221,5,87.0,85.5,91.4,85.9,87.4,291,5.2,1.8,66.0,0.0,109.8,2,21,12,0.45,1.5
20211221,6,23.3,24.1,22.4,24.2,23.5,0,3.5,0.7,72.0,0.0,109.8,2,21,12,0.0,1.5
20211221,7,23.3,22.0,23.4,24.3,23.2,0,3.6,0.4,74.0,0.0,109.8,2,21,12,0.0,1.5
20211221,8,87.0,88.8,90.2,89.5,88.9,296,5.3,1.8,67.0,0.0,109.8,2,21,12,0.56,1.5
20211221,9,138.0,143.2,133.3,144.6,139.8,1794,6.8,1.5,63.0,0.0,109.8,2,21,12,0.7,1.0
20211221,10,138.0,145.2,138.5,135.1,139.2,888,10.1,0.4,52.0,0.0,109.8,2,21,12,1.76,1.0
20211221,11,138.0,144.2,133.7,131.2,136.8,596,10.8,1.5,48.0,0.0,109.8,2,21,12,0.83,1.0
20211221,12,87.0,85.1,89.7,82.4,86.1,543,12.9,1.2,42.0,0.0,109.8,2,21,12,0.0,1.0
20211221,13,138.0,139.4,139.1,143.8,140.1,1585,13.9,1.9,40.0,0.0,109.8,2,21,12,1.18,1.0
20211221,14,138.0,131.0,143.9,141.8,138.7,1126,14.4,1.2,36.0,0.0,109.8,2,21,12,1.2,1.0
20211221,15,138.0,134.0,144.5,141.3,139.4,2415,14.5,1.4,36.0,0.0,109.8,2,21,12,1.41,1.0
20211221,16,50.0,47.6,50.9,49.0,49.4,0,14.6,1.0,34.0,0.0,109.8,2,21,12,0.0,1.0
20211221,17,87.0,85.1,89.4,85.7,86.8,959,12.5,1.6,38.0,0.0,109.8,2,21,12,1.07,1.0
20211221,18,87.0,90.9,87.5,91.8,89.3,0,10.8,1.4,45.0,0.0,109.8,2,21,12,0.0,1.0
20211221,19,53.6,52.6,52.9,50.8,52.5,0,10.0,1.3,48.0,0.0,109.8,2,21,12,0.0,1.5
20211221,20,87.0,87.6,88.5,89.9,88.2,0,10.0,2.0,48.0,0.0,109.8,2,21,12,0.0,1.5
20211221,21,18.5,18.4,19.4,18.1,18.6,0,9.4,2.6,49.0,0.0,109.8,2,21,12,0.0,1.5
20211221,22,87.0,86.6,86.1,82.2,85.5,117,9.7,1.7,47.0,0.0,109.8,2,21,12,0.33,1.5
20211221,23,50.0,52.8,48.9,51.5,50.8,0,8.8,1.6,49.0,0.0,109.8,2,21,12,0.0,1.5
20211222,0,87.0,84.9,85.8,85.2,85.7,463,8.6,3.3,52.0,0.0,109.8,3,22,12,0.4,1.5
20211222,1,50.0,50.8,49.6,51.3,50.4,138,8.3,3.7,53.0,0.0,109.8,3,22,12,0.05,1.5
20211222,2,138.0,136.7,130.9,141.4,136.8,1280,7.3,1.4,51.0,0.0,109.8,3,22,12,1.62,1.5
20211222,3,70.5,66.8,70.5,70.8,69.6,0,7.1,4.4,41.0,0.0,109.8,3,22,12,0.0,1.5
20211222,4,52.9,52.8,52.9,54.7,53.3,885,6.5,2.6,37.0,0.0,109.8,3,22,12,1.04,1.5
20211222,5,23.2,24.1,23.4,23.4,23.5,0,5.3,1.6,37.0,0.0,109.8,3,22,12,0.0,1.5
20211222,6,87.0,82.8,85.6,84.8,85.0,186,4.4,0.7,40.0,0.0,109.8,3,22,12,0.25,1.5
20211222,7,56.1,53.2,56.9,57.7,56.0,0,4.8,3.6,38.0,0.0,109.8,3,22,12,0.0,1.5
20211222,8,20.9,20.0,21.8,21.1,21.0,0,4.4,2.7,39.0,0.0,109.8,3,22,12,0.0,1.5
20211222,9,138.0,142.4,145.5,129.9,139.0,372,6.1,1.9,34.0,0.0,109.8,3,22,12,0.15,1.0
20211222,10,138.0,141.7,139.4,144.7,141.0,1803,7.8,2.2,32.0,0.0,109.8,3,22,12,1.99,1.0
20211222,11,138.0,139.1,130.4,138.8,136.6,0,9.5,2.3,36.0,0.0,109.8,3,22,12,0.0,1.0
20211222,12,138.0,137.5,145.8,144.1,141.4,731,10.9,1.7,34.0,0.0,109.8,3,22,12,0.53,1.0
20211222,13,138.0,144.4,141.4,144.3,142.0,1749,11.8,2.1,35.0,0.0,109.8,3,22,12,0.96,1.0
20211222,14,138.0,142.4,135.3,137.1,138.2,1018,12.0,2.3,24.0,0.0,109.8,3,22,12,1.36,1.0
20211222,15,138.0,143.2,132.2,138.1,137.9,2250,11.6,2.9,41.0,0.0,109.8,3,22,12,0.71,1.0
20211222,16,138.0,143.2,132.1,136.6,137.5,2339,10.6,1.8,45.0,0.0,109.8,3,22,12,0.57,1.0
20211222,17,87.0,88.5,83.5,86.5,86.4,0,9.1,0.5,49.0,0.0,109.8,3,22,12,0.0,1.0
20211222,18,87.0,86.6,82.3,91.1,86.8,0,7.7,0.4,54.0,0.0,109.8,3,22,12,0.0,1.0
20211222,19,50.0,52.2,52.4,51.7,51.6,665,7.7,1.5,47.0,0.0,109.8,3,22,12,0.0,1.5
20211222,20,87.0,91.4,87.4,83.1,87.2,1256,6.0,0.7,50.0,0.0,109.8,3,22,12,0.81,1.5
20211222,21,87.0,82.0,89.1,88.2,86.6,921,5.8,1.5,61.0,0.0,109.8,3,22,12,0.24,1.5
20211222,22,87.0,82.3,90.4,92.2,88.0,0,4.6,0.1,66.0,0.0,109.8,3,22,12,0.0,1.5
20211222,23,29.2,30.8,30.2,29.5,29.9,0,5.0,2.4,72.0,0.0,109.8,3,22,12,0.0,1.5
20211223,0,27.6,26.9,28.9,28.5,28.0,0,3.1,0.1,76.0,0.0,109.8,4,23,12,0.0,1.5
20211223,1,138.0,144.2,145.7,142.5,142.6,1102,4.2,1.2,78.0,0.0,109.8,4,23,12,2.66,1.5
20211223,2,87.0,85.8,86.4,85.4,86.2,542,3.8,2.1,75.0,0.0,109.8,4,23,12,0.02,1.5
20211223,3,138.0,131.7,145.5,135.9,137.8,1658,5.0,2.6,52.0,0.0,109.8,4,23,12,0.78,1.5
20211223,4,138.0,131.1,141.7,141.7,138.1,1183,4.8,3.2,41.0,0.0,109.8,4,23,12,0.91,1.5
20211223,5,55.9,53.6,53.0,55.9,54.6,744,4.8,3.1,37.0,0.0,109.8,4,23,12,1.05,1.5
20211223,6,51.0,49.5,52.1,51.4,51.0,601,4.6,3.0,35.0,0.0,109.8,4,23,12,0.56,1.5
20211223,7,87.0,86.9,88.9,89.2,88.0,722,4.3,3.2,34.0,0.0,109.8,4,23,12,0.73,1.5
20211223,8,92.8,95.0,97.3,95.9,95.2,0,4.7,3.4,31.0,0.0,109.8,4,23,12,0.0,1.5
20211223,9,138.0,146.1,135.9,134.2,138.6,2179,5.2,0.7,42.0,0.0,109.8,4,23,12,0.81,1.0
20211223,10,138.0,137.0,139.4,132.2,136.6,1603,7.5,1.0,29.0,0.0,109.8,4,23,12,0.54,1.0
20211223,11,138.0,138.3,129.9,134.6,135.2,1804,8.8,2.5,24.0,0.0,109.8,4,23,12,0.36,1.0
20211223,12,87.0,87.2,85.2,87.1,86.6,0,9.4,3.5,22.0,0.0,109.8,4,23,12,0.0,1.0
20211223,13,87.0,87.4,82.4,85.4,85.6,108,11.1,2.1,17.0,0.0,109.8,4,23,12,0.0,1.0
20211223,14,138.0,138.3,138.4,139.1,138.5,1390,12.1,2.3,19.0,0.0,109.8,4,23,12,0.96,1.0
20211223,15,138.0,129.9,143.3,130.6,135.4,671,11.5,2.5,20.0,0.0,109.8,4,23,12,0.99,1.0
20211223,16,138.0,129.7,133.1,138.2,134.8,1045,10.8,1.4,23.0,0.0,109.8,4,23,12,0.86,1.0
20211223,17,138.0,131.3,138.5,135.8,135.9,2646,9.1,2.1,27.0,0.0,109.8,4,23,12,1.98,1.0
20211223,18,113.0,107.6,109.0,113.5,110.8,0,7.4,1.5,30.0,0.0,109.8,4,23,12,0.0,1.0
20211223,19,19.2,19.7,18.3,19.0,19.0,0,7.1,3.2,33.0,0.0,109.8,4,23,12,0.0,1.5
20211223,20,19.3,18.6,19.3,18.8,19.0,0,6.1,1.9,38.0,0.0,109.8,4,23,12,0.0,1.5
20211223,21,22.0,23.0,20.9,23.1,22.2,0,6.4,2.2,38.0,0.0,109.8,4,23,12,0.0,1.5
20211223,22,87.0,91.5,87.9,83.7,87.5,879,6.1,1.8,39.0,0.0,109.8,4,23,12,1.01,1.5
20211223,23,87.0,92.0,82.1,88.9,87.5,0,5.0,0.6,44.0,0.0,109.8,4,23,12,0.0,1.5
20211224,0,27.1,28.5,25.8,28.5,27.5,0,6.1,1.3,40.0,0.0,109.8,5,24,12,0.0,1.5
20211224,1,25.3,24.6,25.5,25.4,25.2,0,3.6,0.3,51.0,0.0,109.8,5,24,12,0.0,1.5
20211224,2,22.4,22.4,22.6,23.4,22.7,0,3.5,0.0,55.0,0.0,109.8,5,24,12,0.0,1.5
20211224,3,27.6,26.5,26.0,26.4,26.6,0,4.0,0.8,49.0,0.0,109.8,5,24,12,0.0,1.5
20211224,4,87.0,90.2,87.8,86.9,88.0,0,3.6,0.2,51.0,0.0,109.8,5,24,12,0.0,1.5
20211224,5,87.0,91.1,90.5,86.6,88.8,554,4.0,1.2,50.0,0.0,109.8,5,24,12,0.31,1.5
20211224,6,32.5,33.9,33.4,30.6,32.6,0,4.2,2.0,51.0,0.0,109.8,5,24,12,0.0,1.5
20211224,7,33.8,33.5,32.3,33.6,33.3,0,4.1,1.9,51.0,0.0,109.8,5,24,12,0.0,1.5
20211224,8,16.7,17.2,16.9,16.4,16.8,440,4.5,2.3,51.0,0.0,109.8,5,24,12,0.0,1.5
20211224,9,138.0,131.3,140.9,140.8,137.8,1906,5.7,2.1,47.0,0.0,109.8,5,24,12,0.99,1.0
20211224,10,87.0,82.2,82.2,91.6,85.8,798,6.8,1.4,45.0,0.0,109.8,5,24,12,0.21,1.0
20211224,11,138.0,142.2,143.9,131.1,138.8,500,8.0,1.2,42.0,0.0,109.8,5,24,12,0.79,1.0
20211224,12,138.0,136.8,144.7,135.1,138.6,948,10.4,0.7,36.0,0.0,109.8,5,24,12,0.82,1.0
20211224,13,138.0,146.2,143.8,137.1,141.3,1256,10.4,2.6,36.0,0.0,109.8,5,24,12,0.87,1.0
20211224,14,138.0,131.3,143.4,137.3,137.5,1076,10.4,2.4,35.0,0.0,109.8,5,24,12,0.99,1.0
20211224,15,50.0,52.1,51.5,51.6,51.3,528,10.7,1.7,35.0,0.0,109.8,5,24,12,0.44,1.0
20211224,16,138.0,137.7,140.2,137.1,138.2,716,10.2,2.5,36.0,0.0,109.8,5,24,12,1.25,1.0
20211224,17,138.0,143.4,141.0,130.2,138.1,2194,9.4,1.6,40.0,0.0,109.8,5,24,12,1.48,1.0
20211224,18,138.0,143.3,143.1,141.5,141.5,2944,8.8,1.5,42.0,0.0,109.8,5,24,12,0.93,1.0
20211224,19,23.2,24.4,23.7,24.3,23.9,0,7.9,1.0,46.0,0.0,109.8,5,24,12,0.0,1.5
20211224,20,35.4,34.5,34.7,35.5,35.0,0,7.1,1.2,49.0,0.0,109.8,5,24,12,0.0,1.5
20211224,21,22.7,23.9,22.4,22.9,23.0,0,7.2,2.0,50.0,0.0,109.8,5,24,12,0.0,1.5
20211224,22,138.0,132.2,144.6,132.4,136.8,1568,6.5,1.9,57.0,0.0,109.8,5,24,12,1.87,1.5
20211224,23,87.0,82.6,82.0,84.1,83.9,726,5.4,3.8,56.0,0.0,109.8,5,24,12,0.04,1.5
20211225,0,23.1,22.9,23.7,22.4,23.0,0,4.2,2.8,61.0,0.0,109.8,6,25,12,0.0,1.5
20211225,1,50.0,52.0,52.7,49.6,51.1,357,3.3,3.9,55.0,0.0,109.8,6,25,12,0.0,1.5
20211225,2,67.3,67.1,69.0,70.8,68.6,0,1.4,3.5,53.0,0.0,109.8,6,25,12,0.0,1.5
20211225,3,50.0,52.0,53.0,50.1,51.3,143,0.2,5.0,53.0,0.0,109.8,6,25,12,0.99,1.5
20211225,4,26.4,27.1,27.0,25.4,26.5,0,-0.6,4.7,51.0,0.0,109.8,6,25,12,0.0,1.5
20211225,5,50.0,48.3,47.2,48.6,48.5,452,-1.5,5.5,48.0,0.0,109.8,6,25,12,0.3,1.5
20211225,6,75.8,79.9,78.8,74.7,77.3,0,-2.2,5.3,42.0,0.0,109.8,6,25,12,0.0,1.5
20211225,7,87.0,82.4,84.8,88.3,85.6,597,-3.1,2.5,32.0,0.0,109.8,6,25,12,0.6,1.5
20211225,8,16.1,16.9,16.0,16.0,16.2,0,-3.1,4.8,24.0,0.0,109.8,6,25,12,0.0,1.5
20211225,9,22.5,22.0,22.0,22.2,22.2,0,-2.2,5.5,16.0,0.0,109.8,6,25,12,0.0,1.0
20211225,10,15.3,15.3,14.9,15.4,15.2,1088,-1.9,5.1,19.0,0.0,109.8,6,25,12,0.0,1.0
20211225,11,25.8,25.6,25.6,25.0,25.5,0,-1.6,5.7,20.0,0.0,109.8,6,25,12,0.0,1.0
20211225,12,25.8,24.8,25.4,24.5,25.1,0,-1.1,5.6,16.0,0.0,109.8,6,25,12,0.0,1.0
20211225,13,20.9,20.5,21.2,19.7,20.6,0,-1.0,5.6,12.0,0.0,109.8,6,25,12,0.0,1.0
20211225,14,22.2,21.4,23.0,21.5,22.0,0,0.0,4.2,11.0,0.0,109.8,6,25,12,0.0,1.0
20211225,15,66.5,64.1,64.9,63.2,64.7,0,-0.4,4.4,11.0,0.0,109.8,6,25,12,0.0,1.0
20211225,16,24.7,23.8,23.9,24.2,24.2,0,-0.9,2.7,12.0,0.0,109.8,6,25,12,0.0,1.0
20211225,17,51.5,51.4,52.5,53.2,52.2,0,-2.5,2.9,12.0,0.0,109.8,6,25,12,0.0,1.0
20211225,18,87.0,90.1,88.8,89.3,88.8,552,-3.6,3.1,15.0,0.0,109.8,6,25,12,1.06,1.0
20211225,19,87.0,87.7,91.2,88.2,88.5,246,-4.2,3.7,14.0,0.0,109.8,6,25,12,0.73,1.5
20211225,20,22.1,23.1,20.8,23.0,22.2,0,-5.0,2.7,16.0,0.0,109.8,6,25,12,0.0,1.5
20211225,21,40.1,40.8,41.8,39.1,40.4,0,-5.6,3.2,16.0,0.0,109.8,6,25,12,0.0,1.5
20211225,22,29.0,29.7,29.1,30.3,29.5,0,-6.5,3.8,21.0,0.0,109.8,6,25,12,0.0,1.5
20211225,23,107.8,110.0,109.4,106.5,108.4,0,-6.9,5.1,26.0,0.0,109.8,6,25,12,0.0,1.5
20211226,0,22.0,21.9,20.9,21.7,21.6,0,-7.0,4.4,25.0,0.0,109.8,7,26,12,0.0,1.5
20211226,1,21.6,22.1,21.4,21.4,21.6,0,-7.2,4.2,28.0,0.0,109.8,7,26,12,0.0,1.5
20211226,2,21.6,20.5,20.9,20.6,20.9,0,-7.2,4.8,28.0,0.0,109.8,7,26,12,0.0,1.5
20211226,3,17.3,18.0,16.8,18.3,17.6,1105,-7.5,3.9,29.0,0.0,109.8,7,26,12,0.0,1.5
20211226,4,81.1,83.8,81.1,77.6,80.9,0,-8.0,4.1,30.0,0.0,109.8,7,26,12,0.0,1.5
20211226,5,22.7,22.0,23.6,22.3,22.7,0,-8.2,5.8,30.0,0.0,109.8,7,26,12,0.0,1.5
20211226,6,37.2,38.4,38.3,36.4,37.6,0,-8.7,4.9,33.0,0.0,109.8,7,26,12,0.0,1.5
20211226,7,21.8,20.5,22.0,20.7,21.2,0,-8.6,5.9,29.0,0.0,109.8,7,26,12,0.0,1.5
20211226,8,30.8,29.8,30.9,29.5,30.2,0,-8.8,3.5,29.0,0.0,109.8,7,26,12,0.0,1.5
20211226,9,79.3,75.2,78.6,75.0,77.0,0,-7.9,5.4,26.0,0.0,109.8,7,26,12,0.0,1.0
20211226,10,17.9,18.5,18.9,17.5,18.2,0,-6.8,4.5,22.0,0.0,109.8,7,26,12,0.0,1.0
20211226,11,24.2,24.9,24.4,25.3,24.7,0,-5.8,3.7,20.0,0.0,109.8,7,26,12,0.0,1.0
20211226,12,15.0,15.6,14.6,14.7,15.0,0,-4.8,4.1,18.0,0.0,109.8,7,26,12,0.0,1.0
20211226,13,56.7,53.3,54.9,54.1,54.8,1217,-4.1,3.5,16.0,0.0,109.8,7,26,12,0.06,1.0
20211226,14,24.9,24.9,25.2,25.3,25.1,0,-3.0,2.9,17.0,0.0,109.8,7,26,12,0.0,1.0
20211226,15,24.0,24.6,24.1,25.4,24.5,0,-3.1,2.5,17.0,0.0,109.8,7,26,12,0.0,1.0
20211226,16,27.6,26.5,26.0,26.7,26.7,0,-3.2,3.1,18.0,0.0,109.8,7,26,12,0.0,1.0
20211226,17,27.2,27.7,28.3,26.5,27.4,0,-3.8,2.7,19.0,0.0,109.8,7,26,12,0.0,1.0
20211226,18,28.0,26.6,28.7,29.6,28.2,0,-4.3,2.5,20.0,0.0,109.8,7,26,12,0.0,1.0
20211226,19,21.6,20.8,22.0,20.8,21.3,0,-5.0,1.3,20.0,0.0,109.8,7,26,12,0.0,1.5
20211226,20,19.6,19.5,18.6,19.6,19.3,0,-5.1,1.3,21.0,0.0,109.8,7,26,12,0.0,1.5
20211226,21,17.9,18.2,17.6,17.3,17.8,0,-4.9,2.5,21.0,0.0,109.8,7,26,12,0.0,1.5
20211226,22,81.6,78.1,85.9,85.8,82.8,0,-5.0,4.1,19.0,0.0,109.8,7,26,12,0.0,1.5
20211226,23,15.4,14.8,16.1,16.3,15.7,0,-5.5,4.5,21.0,0.0,109.8,7,26,12,0.0,1.5
20211227,0,50.0,48.2,48.7,51.9,49.7,123,-5.8,5.0,21.0,0.0,109.8,1,27,12,1.81,1.5
20211227,1,138.0,133.7,132.3,134.9,134.7,1209,-6.3,4.6,23.0,0.0,109.8,1,27,12,0.83,1.5
20211227,2,87.0,84.1,86.5,86.0,85.9,325,-6.3,4.8,27.0,0.0,109.8,1,27,12,0.08,1.5
20211227,3,54.2,53.5,53.3,52.5,53.4,556,-6.6,3.8,31.0,0.0,109.8,1,27,12,0.0,1.5
20211227,4,48.9,49.8,50.0,51.2,50.0,0,-7.3,1.8,35.0,0.0,109.8,1,27,12,0.0,1.5
20211227,5,138.0,137.0,145.7,144.9,141.4,1728,-6.7,3.0,35.0,0.0,109.8,1,27,12,1.08,1.5
20211227,6,106.9,110.4,105.1,105.9,107.1,0,-6.1,4.9,34.0,0.0,109.8,1,27,12,0.0,1.5
20211227,7,138.0,141.6,130.8,140.6,137.8,1394,-7.0,2.2,38.0,0.0,109.8,1,27,12,1.1,1.5
20211227,8,101.3,96.8,106.1,97.2,100.4,0,-6.0,2.8,38.0,0.0,109.8,1,27,12,0.0,1.5
20211227,9,17.3,16.4,16.3,17.2,16.8,0,-4.7,2.8,35.0,0.0,109.8,1,27,12,0.0,1.0
20211227,10,50.0,52.3,52.7,50.8,51.4,0,-3.2,4.9,28.0,0.0,109.8,1,27,12,0.0,1.0
20211227,11,138.0,131.0,140.7,136.1,136.4,1164,-2.3,4.8,22.0,0.0,109.8,1,27,12,1.55,1.0
20211227,12,138.0,132.2,145.3,135.6,137.8,1659,-0.9,4.3,21.0,0.0,109.8,1,27,12,0.54,1.0
20211227,13,15.9,15.0,15.3,14.9,15.3,221,-0.1,4.9,19.0,0.0,109.8,1,27,12,0.0,1.0
20211227,14,138.0,140.1,130.4,143.0,137.9,587,1.2,4.8,22.0,0.0,109.8,1,27,12,1.36,1.0
20211227,15,18.4,18.6,18.4,19.3,18.7,0,1.3,4.8,26.0,0.0,109.8,1,27,12,0.0,1.0
20211227,16,138.0,146.1,137.2,145.8,141.8,717,1.7,4.0,31.0,0.0,109.8,1,27,12,1.65,1.0
20211227,17,138.0,144.4,135.2,141.6,139.8,1982,1.4,2.5,37.0,0.0,109.8,1,27,12,0.49,1.0
20211227,18,138.0,136.5,145.6,138.8,139.7,2028,1.3,1.8,43.0,0.0,109.8,1,27,12,1.83,1.0
20211227,19,18.2,17.9,18.9,17.7,18.2,0,1.0,1.6,45.0,0.0,109.8,1,27,12,0.0,1.5
20211227,20,138.0,134.6,140.7,146.3,139.9,1766,1.6,1.3,42.0,0.0,109.8,1,27,12,1.28,1.5
20211227,21,25.0,24.0,24.0,25.3,24.6,0,1.4,1.7,46.0,0.0,109.8,1,27,12,0.0,1.5
20211227,22,87.0,83.2,89.4,88.9,87.1,61,1.9,1.7,52.0,0.0,109.8,1,27,12,0.9,1.5
20211227,23,87.0,83.2,89.4,88.9,87.1,748,2.4,2.5,55.0,0.0,109.8,1,27,12,0.44,1.5
20211228,0,87.0,83.0,86.2,90.6,86.7,0,0.9,1.0,56.0,0.0,109.8,2,28,12,0.0,1.5
20211228,1,51.9,50.3,54.5,48.8,51.4,284,0.1,1.1,54.0,0.0,109.8,2,28,12,0.0,1.5
20211228,2,17.6,17.2,16.9,17.0,17.2,0,0.2,1.1,62.0,0.0,109.8,2,28,12,0.0,1.5
20211228,3,37.8,39.9,36.7,38.6,38.2,0,1.4,1.1,64.0,0.0,109.8,2,28,12,0.0,1.5
20211228,4,138.0,139.3,130.8,144.5,138.2,470,1.2,1.8,65.0,0.0,109.8,2,28,12,1.04,1.5
20211228,5,138.0,146.1,142.9,141.1,142.0,968,-0.5,0.8,72.0,0.0,109.8,2,28,12,1.7,1.5
20211228,6,87.0,85.7,88.3,86.1,86.8,350,-0.5,0.8,75.0,0.0,109.8,2,28,12,0.05,1.5
20211228,7,15.1,15.0,14.8,14.8,14.9,1117,-0.3,0.4,73.0,0.0,109.8,2,28,12,2.93,1.5
20211228,8,23.0,22.5,22.1,23.7,22.8,0,0.8,1.3,71.0,0.0,109.8,2,28,12,0.0,1.5
20211228,9,138.0,132.7,130.4,142.0,135.8,2283,2.3,0.7,65.0,0.0,109.8,2,28,12,1.22,1.0
20211228,10,59.9,57.3,57.5,60.7,58.8,0,3.3,1.4,60.0,0.0,109.8,2,28,12,0.0,1.0
20211228,11,138.0,145.4,137.2,134.5,138.8,2078,4.5,1.7,53.0,0.0,109.8,2,28,12,0.0,1.0
20211228,12,87.0,92.1,84.4,91.4,88.7,0,6.3,1.8,49.0,0.0,109.8,2,28,12,0.0,1.0
20211228,13,67.0,63.3,65.1,67.4,65.7,0,7.6,2.6,41.0,0.0,109.8,2,28,12,0.0,1.0
20211228,14,138.0,132.2,144.2,142.8,139.3,1536,8.3,2.2,44.0,0.0,109.8,2,28,12,2.07,1.0
20211228,15,20.7,20.5,20.7,20.0,20.5,0,7.8,2.3,49.0,0.0,109.8,2,28,12,0.0,1.0
20211228,16,138.0,132.8,141.8,135.4,137.0,0,7.4,1.5,50.0,0.0,109.8,2,28,12,0.0,1.0
20211228,17,138.0,135.7,130.3,144.2,137.0,1507,6.4,0.3,53.0,0.0,109.8,2,28,12,0.78,1.0
20211228,18,138.0,131.9,135.8,130.5,134.0,2357,4.8,1.6,57.0,0.0,109.8,2,28,12,1.57,1.0
20211228,19,50.0,49.7,49.9,50.1,49.9,561,3.6,2.1,57.0,0.0,109.8,2,28,12,0.79,1.5
20211228,20,25.5,24.8,24.5,25.4,25.0,0,2.7,1.4,61.0,0.0,109.8,2,28,12,0.0,1.5
20211228,21,87.0,85.5,83.0,89.6,86.3,247,2.0,0.9,64.0,0.0,109.8,2,28,12,0.99,1.5
20211228,22,87.0,82.8,90.9,84.7,86.4,1151,1.2,0.9,67.0,0.0,109.8,2,28,12,0.67,1.5
20211228,23,138.0,136.8,145.3,133.3,138.4,132,1.2,0.8,67.0,0.0,109.8,2,28,12,0.96,1.5
20211229,0,87.0,92.0,82.6,91.4,88.2,184,1.6,2.0,65.0,0.0,109.8,3,29,12,0.04,1.5
20211229,1,21.3,20.9,20.9,21.5,21.2,0,0.3,0.2,73.0,0.0,109.8,3,29,12,0.0,1.5
20211229,2,24.1,25.2,25.4,23.0,24.4,0,-0.5,0.7,76.0,0.0,109.8,3,29,12,0.0,1.5
20211229,3,21.3,22.2,20.2,20.5,21.0,0,-0.7,0.7,80.0,0.0,109.8,3,29,12,0.0,1.5
20211229,4,138.0,145.5,140.4,146.3,142.6,1274,-0.3,0.5,74.0,0.0,109.8,3,29,12,1.6,1.5
20211229,5,28.4,29.4,30.0,27.4,28.8,0,-0.4,0.8,77.0,0.0,109.8,3,29,12,0.0,1.5
20211229,6,21.6,22.0,22.8,21.9,22.1,0,-0.1,0.7,73.0,0.0,109.8,3,29,12,0.0,1.5
20211229,7,17.5,18.2,17.4,17.3,17.6,16,-0.3,0.3,75.0,0.0,109.8,3,29,12,0.0,1.5
20211229,8,25.7,24.4,24.7,26.9,25.4,0,2.2,1.1,72.0,0.0,109.8,3,29,12,0.0,1.5
20211229,9,15.5,15.4,14.9,16.0,15.4,631,1.4,1.3,66.0,0.0,109.8,3,29,12,5.42,1.0
20211229,10,87.0,92.1,91.1,88.0,89.6,1236,3.6,0.4,65.0,0.0,109.8,3,29,12,0.01,1.0
20211229,11,87.0,89.8,91.3,81.9,87.5,462,6.7,0.6,50.0,0.0,109.8,3,29,12,1.0,1.0
20211229,12,138.0,145.7,139.8,144.3,142.0,2248,9.2,2.0,40.0,0.0,109.8,3,29,12,1.39,1.0
20211229,13,138.0,142.6,142.4,137.1,140.0,1377,10.8,2.1,33.0,0.0,109.8,3,29,12,1.54,1.0
20211229,14,87.0,90.9,89.5,91.5,89.7,178,9.9,2.1,31.0,0.0,109.8,3,29,12,0.47,1.0
20211229,15,87.0,89.2,88.7,87.0,88.0,0,10.3,3.1,32.0,0.0,109.8,3,29,12,0.0,1.0
20211229,16,87.0,89.7,90.4,89.0,89.0,630,9.8,3.7,34.0,0.0,109.8,3,29,12,0.0,1.0
20211229,17,138.0,138.4,141.1,130.9,137.1,889,8.8,2.1,39.0,0.0,109.8,3,29,12,0.73,1.0
20211229,18,87.0,91.4,87.4,89.6,88.8,1043,7.9,2.5,38.0,0.0,109.8,3,29,12,0.78,1.0
20211229,19,138.0,143.4,133.6,135.3,137.6,0,7.3,2.1,42.0,0.0,109.8,3,29,12,0.0,1.5
20211229,20,87.0,90.6,89.5,85.4,88.1,541,6.5,1.7,46.0,0.0,109.8,3,29,12,0.53,1.5
20211229,21,138.0,140.9,137.6,131.7,137.0,397,6.3,1.8,47.0,0.0,109.8,3,29,12,1.7,1.5
20211229,22,50.0,48.8,48.8,47.9,48.9,0,5.1,1.7,50.0,0.0,109.8,3,29,12,0.0,1.5
20211229,23,87.0,82.2,90.2,83.7,85.8,0,4.3,1.8,54.0,0.0,109.8,3,29,12,0.0,1.5
20211230,0,22.9,24.1,23.4,22.4,23.2,0,4.3,1.6,47.0,0.0,109.8,4,30,12,0.0,1.5
20211230,1,87.0,87.9,91.6,91.1,89.4,0,3.8,1.7,48.0,0.0,109.8,4,30,12,0.0,1.5
20211230,2,20.1,19.6,19.3,19.8,19.7,0,3.9,2.6,45.0,0.0,109.8,4,30,12,0.0,1.5
20211230,3,19.0,18.2,19.3,19.5,19.0,0,3.3,2.2,45.0,0.0,109.8,4,30,12,0.0,1.5
20211230,4,25.2,26.2,24.4,23.9,24.9,0,2.2,1.9,48.0,0.0,109.8,4,30,12,0.0,1.5
20211230,5,22.2,23.1,23.3,22.4,22.8,0,1.5,2.0,43.0,0.0,109.8,4,30,12,0.0,1.5
20211230,6,21.7,22.5,20.7,21.7,21.7,0,0.4,1.4,46.0,0.0,109.8,4,30,12,0.0,1.5
20211230,7,39.2,39.9,39.9,41.4,40.1,0,0.9,1.4,46.0,0.0,109.8,4,30,12,0.0,1.5
20211230,8,138.0,135.8,142.8,143.7,140.1,916,0.5,1.1,49.0,0.0,109.8,4,30,12,1.37,1.5
20211230,9,50.0,48.8,49.1,49.7,49.4,283,1.2,2.9,30.0,0.0,109.8,4,30,12,0.17,1.0
20211230,10,138.0,129.9,145.5,142.6,139.0,1867,1.6,3.8,22.0,0.0,109.8,4,30,12,0.87,1.0
20211230,11,60.0,62.4,62.5,57.8,60.7,1075,1.9,3.7,21.0,0.0,109.8,4,30,12,1.03,1.0
20211230,12,138.0,131.2,134.6,139.0,135.7,1363,2.3,3.8,18.0,0.0,109.8,4,30,12,0.05,1.0
20211230,13,138.0,140.2,129.8,131.0,134.8,1217,2.8,5.5,21.0,0.0,109.8,4,30,12,2.04,1.0
20211230,14,138.0,138.1,134.6,135.5,136.6,1859,3.5,3.3,22.0,0.0,109.8,4,30,12,1.49,1.0
20211230,15,138.0,138.4,134.4,133.5,136.1,1856,3.9,3.2,22.0,0.0,109.8,4,30,12,1.88,1.0
20211230,16,87.0,91.5,91.1,89.3,89.7,1634,4.3,3.2,24.0,0.0,109.8,4,30,12,0.0,1.0
20211230,17,87.0,82.1,91.9,86.9,87.0,0,3.3,1.6,27.0,0.0,109.8,4,30,12,0.0,1.0
20211230,18,138.0,142.5,130.9,142.2,138.4,788,2.5,1.1,32.0,0.0,109.8,4,30,12,1.78,1.0
20211230,19,26.1,24.7,26.0,26.1,25.7,0,2.9,2.9,39.0,0.0,109.8,4,30,12,0.0,1.5
20211230,20,23.1,21.8,23.2,22.0,22.5,0,1.8,2.4,49.0,0.0,109.8,4,30,12,0.0,1.5
20211230,21,22.7,22.5,21.6,23.3,22.5,0,1.1,5.1,47.0,0.0,109.8,4,30,12,0.0,1.5
20211230,22,22.1,20.9,21.8,23.0,22.0,0,0.6,4.7,44.0,0.0,109.8,4,30,12,0.0,1.5
20211230,23,20.0,20.7,19.6,21.0,20.3,0,-0.2,3.7,43.0,0.0,109.8,4,30,12,0.0,1.5
20211231,0,138.0,138.5,138.6,139.2,138.6,651,-0.6,2.4,45.0,0.0,109.8,5,31,12,2.26,1.5
20211231,1,50.0,47.2,51.0,51.5,49.9,136,-0.6,2.4,45.0,0.0,109.8,5,31,12,0.0,1.5
20211231,2,59.8,56.5,61.3,61.6,59.8,0,-0.6,2.4,45.0,0.0,109.8,5,31,12,0.0,1.5
20211231,3,50.0,50.7,47.8,47.9,49.1,177,-0.6,2.4,45.0,0.0,109.8,5,31,12,1.25,1.5
20211231,4,21.3,22.1,22.1,20.4,21.5,0,-0.6,2.4,45.0,0.0,109.8,5,31,12,0.0,1.5
20211231,5,87.0,86.4,88.9,82.5,86.2,276,-0.6,2.4,45.0,0.0,109.8,5,31,12,0.44,1.5
20211231,6,21.8,21.9,22.8,21.3,22.0,0,-0.6,2.4,45.0,0.0,109.8,5,31,12,0.0,1.5
20211231,7,90.1,93.3,89.6,89.8,90.7,1166,-0.6,2.4,45.0,0.0,109.8,5,31,12,0.0,1.5
20211231,8,16.7,16.9,17.5,17.7,17.2,5,-0.6,2.4,45.0,0.0,109.8,5,31,12,4.53,1.5
20211231,9,138.0,133.4,144.1,136.9,138.1,1878,-0.6,2.4,45.0,0.0,109.8,5,31,12,1.69,1.0
20211231,10,138.0,139.9,137.0,141.7,139.1,1749,-0.6,2.4,45.0,0.0,109.8,5,31,12,0.95,1.0
20211231,11,138.0,140.1,136.0,141.2,138.8,2006,-0.6,2.4,45.0,0.0,109.8,5,31,12,1.87,1.0
20211231,12,138.0,141.9,145.2,133.1,139.5,1908,-0.6,2.4,45.0,0.0,109.8,5,31,12,0.43,1.0
20211231,13,23.4,23.7,24.0,22.2,23.3,0,-0.6,2.4,45.0,0.0,109.8,5,31,12,0.0,1.0
20211231,14,138.0,145.8,145.1,138.8,141.9,2034,-0.6,2.4,45.0,0.0,109.8,5,31,12,0.53,1.0
20211231,15,138.0,133.0,142.9,141.3,138.8,1216,-0.6,2.4,45.0,0.0,109.8,5,31,12,1.27,1.0
20211231,16,138.0,145.5,139.8,146.3,142.4,2491,-0.6,2.4,45.0,0.0,109.8,5,31,12,1.35,1.0
20211231,17,138.0,138.6,131.6,135.7,136.0,612,-0.6,2.4,45.0,0.0,109.8,5,31,12,0.77,1.0
20211231,18,138.0,140.8,134.5,144.6,139.5,792,-0.6,2.4,45.0,0.0,109.8,5,31,12,1.56,1.0
20211231,19,87.0,82.8,91.9,85.8,86.9,0,-0.6,2.4,45.0,0.0,109.8,5,31,12,0.0,1.5
20211231,20,115.2,113.5,112.7,117.8,114.8,0,-0.6,2.4,45.0,0.0,109.8,5,31,12,0.0,1.5
20211231,21,87.0,89.8,82.8,88.0,86.9,312,-0.6,2.4,45.0,0.0,109.8,5,31,12,0.67,1.5
20211231,22,138.0,141.4,141.4,130.6,137.8,1444,-0.6,2.4,45.0,0.0,109.8,5,31,12,1.65,1.5
20211231,23,138.0,130.4,141.9,131.0,135.3,711,-0.6,2.4,45.0,0.0,109.8,5,31,12,1.08,1.5
