rank,date,title,real_url,content,is_missing
1,2026-02-25,6000 축포 쏜 코스피… 과열 경고등도 함께 점화,https://n.news.naver.com/mnews/article/469/0000916279,"주가 급등에 '한국판 공포지수' 3% 올라삼성전자·SK하이닉스… 코스피 38.5%""AI 거품론에 증시 흔들릴 수 있어"" 우려 25일 서울 중구 우리은행 딜링룸 전광판에 코스피 종가가 표시되고 있다. 박지연 인턴기자""한국 주식은 과열권에 진입했습니다.""올해 들어 44% 넘게 오른 코스피 상승세를 두고 KB증권이 내놓은 진단이다. 증권사들은 중장기 상승 추세가 견고하다면서도, 단기 급등에 따른 변동성 우려도 적잖다고 경고했다. 25일 한국거래소에 따르면, 한국판 공포지수로 통하는 코스피200 변동성지수(VKOSPI)는 전장보다 1.36포인트(2.83%) 오른 49.48을 기록했다. 7거래일 연속 상승이다. 코스피가 6,000선을 돌파하며 전례 없는 상승세를 보이고 있지만, 시장 불확실성과 투자자 의구심도 함께 커진 셈이다. 대신증권은 23일 보고서에서 ""거침없는 상승세가 지속되는 만큼 단기 변동성에 대한 경계 심리를 유지·강화해야 한다""며 ""과열 해소와 매물 소화는 불가피하다""고 분석했다. 한국은행도 최근 ""미국 관세, 통화정책 불확실성 부각 등에 따른 (주가) 변동성 확대 가능성에 유의해야 한다""고 지적했다.반도체주가 증시 이끌어… 엔비디아 실적에 주목인공지능(AI) 회의론이 사그라들지 않았다는 점은 우리 증시를 위협하는 변수다. 삼성전자와 SK하이닉스 두 대장주가 코스피에서 차지하는 비중이 38.5%에 달하는 만큼 반도체주 등락이 전체 증시를 흔들 수 있기 때문이다. 단기적으로는 25일(현지시간) 나오는 엔비디아 지난해 4분기 실적이 코스피 향방을 좌우할 것으로 보인다. 글로벌 AI 수요 확대에 따른 경쟁 과열 가능성도 배제할 수 없다. 서상영 미래에셋증권 연구원은 ""중국 기업들이 AI 수요에 대응하기 위해 5~7나노급 첨단 칩 웨이퍼(기판)를 2만 장에서 2030년까지 50만 장으로 증대시킬 거란 소식에 주목해야 한다""고 말했다. 반도체 공급확대는 호재지만, 경쟁이 심화되는 것은 악재여서 변동성이 커질 수 있다는 얘기다. 대외 환경도 녹록지 않다. 우선 미국 연방대법원의 상호관세 위법 판결 이후 도널드 트럼프 미 대통령이 관세를 15%로 인상하겠다고 맞불을 놓으면서 시장 불확실성이 급격히 커졌다. 미국과 이란 간 군사적 긴장감이 고조된 점도 불확실성을 키우고 있다. 수급 쏠림도 경계할 지점이다. 한지영 키움증권 연구원은 ""설 연휴 이후 코스피 8%대 급등을 만들어낸 주요 수급 주체는 금융투자""라며 ""특정 주체 쏠림이 심화될수록 증시 변동성은 커질 수 있다""고 말했다.",False
2,2026-02-25,코스피 6000 돌파 새 역사…“이젠 7000피 간다”,https://n.news.naver.com/mnews/article/018/0006224613,"5000 돌파 18거래일 만에 사상 첫 6000선반도체 실적 기대가 이끈 상승…“밸류 부담 크지 않아”주요 증권사 상단 7000선 제시…“7900 가능성도”AI 투자 둔화·유동성 변수는 리스크 요인[이데일리 박정수 기자] 코스피가 ‘5000피’를 달성한 지 한 달도 채 되지 않아 ‘6000피’ 시대를 열었다. 주요 증권사 리서치센터장들은 이번 상승을 반도체 실적 개선이 이끈 이익 장세로 평가하며 코스피 상단을 7000선 이상으로 제시했다. 코스피가 종가 기준 사상 처음 6000선을 돌파한 25일 오후 서울 중구 하나은행 본점 딜링룸에서 직원들이 축하 세리머니를 하고 있다. (사진=뉴스1) 사상 첫 6000 돌파…“반도체가 핵심 동력”25일 엠피닥터에 따르면 코스피는 전 거래일보다 1.91%(114.22포인트) 오른 6083.86에 거래를 마쳤다. 지난달 27일 종가 기준 5000선을 넘어선 지 18거래일 만의 신기록이다. 장중 기준으로도 지난 1월 22일(5019.54) 이후 한 달 남짓 만에 1000포인트 이상 상승했다.전문가들은 이번 상승의 가장 큰 동력으로 반도체 업황 회복과 기업 실적 개선 기대를 공통적으로 꼽았다.김동원 KB증권 리서치본부장은 “코스피 6000선 돌파는 단순한 유동성 장세라기보다 반도체를 중심으로 한 기업 실적 개선 기대가 반영된 결과”라며 “AI 투자 확대와 메모리 업황 회복으로 한국 증시의 이익 사이클이 재상승 국면에 진입했다는 점이 가장 큰 배경”이라고 설명했다.박희찬 미래에셋증권 리서치센터장도 “코스피 4000포인트 당시와 비교하면 주가수익비율(PER) 멀티플(배수)이 거의 비슷한 수준”이라며 “강력한 이익 성장세에 기반한 주가 상승으로 볼 수 있다”고 평가했다. 그는 “반도체 실적이 가파르게 올라오는 것이 핵심이며 반도체가 먼저 상승하고 이후 순환매가 뒤따르는 양상이 나타나고 있다”고 분석했다.코스피 밸류에이션 부담이 크지 않다는 점도 강조됐다. 이종형 키움증권 리서치센터장은 “코스피 PER 10배 초반 수준으로 역사적 평균에 불과하다”며 “반도체 중심의 영업이익 추정치 상향이 지속되는 한 증시 방향성은 상방으로 보는 것이 적절하다”고 진단했다.이번 상승은 과거 급등장과 달리 실적 기반이라는 점에서 차별화된다는 평가다. 정부의 친시장적 정책 기조와 이에 따른 개인 자금 유입도 상승을 뒷받침한 요인으로 꼽힌다.박희찬 센터장은 “개인 자금의 머니무브가 가장 중요한 동력”이라며 “예금에서 증시로 이동하는 자금 흐름은 시장 상황에 따라 이어질 가능성이 있다”고 전망했다.장기 자금 유입 가능성도 점친다. 윤석모 삼성증권 리서치센터장은 “국민연금과 퇴직연금, 국내시장 복귀계좌(RIA) 등 장기 자금 유입 가능성이 높아지고 있다”며 “이는 변동성을 크게 높이지 않으면서 한국 증시 디스카운트 해소에 기여할 수 있다”고 말했다. “7900도 가능”…코스피 상단 잇달아 상향주요 증권사들은 코스피 추가 상승에 무게를 두며 전망치 상단을 7000선 위로 잡고있다.하나증권은 장기적인 코스피 상단을 7900선 수준까지 제시하며 가장 낙관적인 전망을 내놨다. 반도체 업종 이익 전망치가 큰 폭으로 상향되고 있기 때문이다.지난해 12월 말 2026년 코스피 순이익 전망치는 330조원에서 현재 457조원으로 상향 조정됐다. 반도체는 같은 기간 137조원에서 259조원으로 늘어나며 전체 이익 추정치 상향분의 96%를 차지했다.2027년 코스피 순이익 전망치는 367조원에서 521조원으로 상향 조정됐다. 이 가운데 반도체 전망치는 145조원에서 288조원으로 늘어나며 상향분의 93%를 차지했다. 이에 따라 2026~2027년 코스피 내 반도체 순이익 비중은 55~56%로 역대 최고치를 기록할 것으로 예상된다.신한투자증권도 반도체 이익 증가 가능성을 반영해 코스피 상단을 높였다. 윤창용 리서치센터장은 “반도체 이익이 추가로 20~40% 증가할 경우 연내 지수 상단은 7300~7860포인트까지 가능하다”고 말했다.현대차증권은 반도체 이익 전망치 추가 상향과 고객예탁금 증가 등을 고려해 코스피 상단을 7500선까지 제시했다.조수홍 NH투자증권 리서치센터장은 “AI 관련 하드웨어 수요에 대한 높은 신뢰, 기업 거버넌스 질적 개선, 미국 자산 시장에 대한 신뢰(채권시장 안정) 등 크게 세 가지 이유로 코스피가 하반기에 7300선까지 도달할 수 있을 것”이라고 내다봤다. 이밖에 키움증권은 5200~7300포인트, 한국투자증권은 4900~7250포인트, KB증권은 5000~7000포인트 등을 제시했다.주도 업종으로는 반도체가 당분간 시장을 이끌 것으로 전망됐다. 박희찬 센터장은 “미국 빅테크 기업들의 대규모 자본지출 기조가 이어진다면 반도체 업황 강세는 한동안 유지될 것”이라며 “메모리 수요는 강한 반면 공급 확대 움직임은 제한적”이라고 말했다.반도체 외 유망 업종으로는 원전과 전력 인프라, 증권업 등이 꼽혔다. 조수홍 센터장은 “전력이 AI 인프라 병목의 핵심으로 지목되고 있다”며 “전력 인프라(전력기기·원전·ESS 등)에 대한 관심도 지속될 것”이라고 조언했다. “AI 투자 꺾이면 조정 가능성”한편에서는 AI 투자 사이클 둔화나 유동성 환경 변화가 나타날 경우 변동성이 확대될 수 있다고 경고했다.박희찬 센터장은 “실적 개선이 동반된 상승은 문제되지 않겠지만 자금 이동 효과 등으로 실적 없이 주가가 크게 오른 종목은 버블 양상이 나타날 수 있다”며 “특히 AI 투자 모멘텀이 꺾이면 그 수혜를 크게 보고 있는 한국 증시도 큰 조정에 직면할 수 있다”고 말했다.조수홍 센터장은 반도체 수요 둔화를 주요 위험 요인으로 꼽았다. 그는 “중국의 레거시 반도체 공급 확대나 가격 부담에 따른 수요 둔화 등이 발생할 경우 증시에 영향을 줄 수 있다”며 “다만 아직 그런 조짐은 보이지 않는다”고 말했다.윤석모 센터장은 글로벌 금융환경 변화를 변수로 지목했다. 그는 “미국 물가 안정 속도가 기대에 못 미칠 경우 금리 인하 전망이 후퇴하면서 위험자산 회피 움직임이 나타날 수 있다”고 말했다.코스피가 장기 상승 구조로 자리잡기 위해서는 기업 경쟁력 강화와 거버넌스 개선도 필요하다는 의견이 제시됐다.박희찬 센터장은 “실적은 결국 변동성을 겪을 수밖에 없고 그에 따라 국내 증시도 변동성을 겪게 될 것”이라며 “다만, 선진적 거버넌스와 글로벌 경쟁력 제고 등이 겸비되면 과거에 비해 주가 변동성이 완화될 수 있을 것”이라고 조언했다.",False
3,2026-02-25,코스피 랠리 주도한 개미...강력한 머니무브 주역으로 올라서,https://n.news.naver.com/mnews/article/008/0005322239,"코스피 6000 시대 코스피 상승기 투자자별 거래실적 추이/그래픽=김지영코스피가 6000선을 돌파하는 과정에서 개인투자자 자금이 강력한 상승 동력으로 작용했다. 부동산에 묶여 있던 자금이 증시로 이동하는 '머니무브'가 본격화하면서 투자자 예탁금도 100조원을 넘어섰다. 개인의 증시 자금 유입이 과거 고점 신호로 여겨졌지만, 시장 전반에 투자하는 ETF(상장지수펀드)로 자금이 모이면서 구조적 변화를 이끌었다는 분석이다. 25일 한국거래소에 따르면 코스피가 5000에서 6000까지 오른 약 한 달간(지난 1월28일부터 지난 24일까지) 개인은 2조333억원을, 기관은 9조5721억원을 순매수했고 외국인은 13조6540억원을 순매도했다. 코스피가 상승할수록 개인 투자자의 순매수 규모도 커졌다. 코스피가 4000에서 5000까지 오르는 3개월간(지난해 10월28일부터 지난 1월27일까지) 개인은 3조2835억원을 순매도했고, 3000에서 4000으로 오르는 약 4개월은 24조8051억원을 순매도했다. 금융투자업계는 ETF를 통한 개인 순매수도 확대된 것으로 분석했다. 기관 투자자 순매수 중 금융투자 부문은 개인의 ETF 매수의 결과로 풀이된다. 개인이 ETF를 매수하면 LP(유동성공급자)가 이를 설정·환매하면서 ETF 구성 종목을 시장에서 매입하게 된다. 해당 물량이 기관 중 금융투자 수급으로 집계된다.금융투자 순매수는 코스피가 3000에서 6000까지 오르는 동안 꾸준히 우상향했다. 3000에서 4000 사이 구간에는 10조7887억원, 4000에서 5000 사이 구간은 19조5163억원, 5000에서 6000 사이 구간은 10조7780억원 순매수가 일어났다. 투자자 예탁금도 급격히 늘었다. 코스피가 5000을 넘긴 지난달 28일 이후 투자자 예탁금은 꾸준히 100조원을 웃돌았다. 지난 2일에는 111조원을 넘기기도 했다. 코스피 지수가 4000~5000 사이 기간에는 76조~100조원 수준이었고, 3000~4000 구간에는 65조~87조원 수준이었다. 전문가들은 개인투자자 자금이 부동산에서 증시로 옮겨가고 있다고 설명한다. 피터 김 KB증권 글로벌투자전략가는 코스피 5000 달성 직후 ""금융 자산에 대한 부동산의 과도한 집중이 곧 반전될 것""이라며 ""이것이 앞으로 10년간 한국에서 일어날 가장 심오한 변화 중 하나""라고 강조했다. 금융투자업계는 이같은 개인의 '머니무브'가 달라진 개미(개인투자자)의 위상을 보여준다고 설명한다. 과거에는 개인이 개별 주식 매매에 집중했다면, 최근에는 ETF와 같은 지수 전반에 베팅하는 형태로 바뀌었다는 점에서 차이가 있다. 노동길 신한투자증권 연구원은 ""통상 개인 순매수 확대는 고점 신호로 받아들여지기 쉬웠는데, 특히 2020년~2021년 팬데믹 이후 경험은 개인 자금 유입을 과열의 전조로 인식하게 만들었다""면서 ""이번 흐름은 개인의 자금 유입 경로가 ETF를 통해 이뤄지고 있어 당시(팬데믹 직후)와 구조가 분명히 다르다""고 강조했다. 신한투자증권에 따르면 팬데믹 발발 직후 2021년 초부터 같은 해 3월 말까지 13주간 개인투자자는 코스피·코스닥 현물을 42조원 매입했다. ETF 매수는 미미했다. 반면 지난해 말부터 지난 20일까지 13주간의 개인투자자는 코스피·코스닥 현물을 순매도했고, ETF는 약 13조7000억원 순매수했다. 이 중 코스피·코스닥 등 증시 전반에 투자하는 시장형 ETF 유입이 8조4000억원으로 61%에 달했다. 노 연구원은 ""이번 개인의 머니무브를 단순 고점 신호로 단정하기는 어렵다""며 ""ETF 중심으로 수급 유입은 지수 및 대표 주 중심의 수급을 강화할 것""이라고 했다. 일각에서는 순매도 랠리를 이어가고 있는 외국인 투자자 수급도 개선될 것이라는 관측이 나온다. 외국인은 올해 들어(YTD) 코스피에서 10조원 이상을 순매도했지만, 이는 반도체·자동차 등 급등한 종목에 대한 차익실현 움직임일 뿐이라는 것이다. YTD 기준 외국인 순매도 상위 종목은 삼성전자(11조1554억원)·SK하이닉스(5조6152억원)·현대차(5조2376억원)이다. 반면 지수를 통해 한국에 투자하는 EWY(iShares MSCI South Korea ETF)으로는 올해 들어 약 4조7000억원이 유입됐다. 이는 지난해 연간 유입액인 약 2조6000억원을 두 배 가까이 뛰어넘는 수준이다. 한지영 키움증권 연구원은 ""외국인 순매도의 대부분이 반도체(약 15조원), 자동차(약 6조원)에 집중됐음을 감안하면 연초 폭등에 대한 차익실현 성격이 강해 보인다""며 ""동시에 단순 지수를 추종하는 외국인 패시브 수급 유입은 가속화됐다""고 설명했다.",False
4,2026-02-25,"관리종목 해제 가능할까…인스코비, ‘상폐 분수령’ 결산 감사 촉각",https://n.news.naver.com/mnews/article/018/0006224602,"반기 의견거절 전력 속 결산 임박…주가는 1년새 70%↓지난해 연간 당기순손실 234억…영업이익은 흑자전환주주명부 열람 가처분 일부 인용…경영권 분쟁 변수 부각[이데일리 신하연 기자] 반기보고서 의견거절로 상장폐지 우려가 불거졌던 코스피 상장사 인스코비(006490)의 정기 감사의견 결과에 관심이 쏠리고 있다. 감사 결과에 따라 상장 유지 여부가 갈릴 수 있어서다. 여기에 최근 주주명부 열람 가처분 소송까지 법원이 일부 인용하면서 지배구조 변수도 새롭게 부각되고 있다. 25일 금융감독원 전자공시시스템에 따르면 서울남부지방법원은 이달 초 주주가 인스코비를 상대로 제기한 주주명부 열람·등사 가처분 신청을 일부 인용해 인스코비가 주주명부를 열람·복사할 수 있도록 허용하도록 결정했다. 통상 주주명부 열람 가처분은 경영권 분쟁이나 주주권 행사 과정에서 제기되는 경우가 많다는 점에서, 시장에서는 향후 주주 행동주의나 지배구조 갈등으로 확산될 가능성도 배제할 수 없다는 관측이 나온다. 감사의견 확보가 최대 현안으로 떠오른 상황에서 경영권 변수까지 더해진 셈이다.인스코비는 감사 리스크 해소를 위해 관계사 구조 정리에 속도를 내고 있다. 종속회사였던 셀루메드는 지난달 170억원 규모의 제3자배정 유상증자를 실시하면서 최대주주가 인스코비에서 ‘티디랜드마크조합1호’으로 변경됐다. 이에 따라 인스코비의 셀루메드 지분율은 18.2%에서 12.1%로 낮아졌다. 셀루메드는 내달 임시주주총회를 통해 이사회 및 경영진 교체 절차도 진행할 예정이다.셀루메드는 그간 인스코비 감사 리스크의 핵심 요인으로 지목돼 왔다. 미국 뷰첼 파파스와의 장기 로열티 소송에서 최종 패소하며 160억원대 배상금 지급 의무가 확정됐고, 이 과정에서 대규모 우발채무와 추가 손상차손 가능성이 동시에 부각됐다. 실제 인스코비는 셀루메드 관련 손상차손을 인식하며 연결 재무제표상 부담이 가시화된 바 있다.특히 셀루메드의 재무 여력만으로는 배상금 전액을 기한 내 상환하기 어렵다는 점이 문제로 지적됐다. 최대주주였던 인스코비가 추가 자금 지원에 나설 경우 재무 부담이 더욱 확대될 수 있다는 우려가 감사 과정에서도 주요 변수로 작용해 왔다. 이번 경영권 이양은 이러한 잠재 리스크를 구조적으로 차단하기 위한 조치로 해석된다.시장에서는 셀루메드 지배력 정리를 통해 인스코비 연결 재무제표에서 발생하던 핵심 불확실성이 상당 부분 제거됐다는 평가가 나온다. 지속적인 영업적자와 소송 대응 비용 부담이 연결 실적에 반영되던 구조에서 벗어나면서 재무 건전성 측면의 가시성이 개선됐다는 분석이다.다만 최근 발표된 연간 실적에서는 재무 체력의 명암이 동시에 확인됐다. 인스코비의 2025년 연결 기준 매출액은 1055억원으로 전년 대비 약 5% 증가했고, 영업이익은 38억원을 기록하며 전년도 영업손실에서 흑자전환했다. 알뜰폰(MVNO) 사업을 중심으로 한 캐시카우 구조가 수익성 회복을 견인한 것으로 풀이된다.반면 당기순이익은 232억원 순손실을 기록하며 적자전환했다. 관계기업 투자주식 가치 하락에 따른 평가손실과 유동부채 증가에 따른 금융비용 확대가 반영된 영향이다.재무상태도 부담 요인이다. 지난해 말 기준 인스코비의 자기자본은 349억원으로 자본금인 629억원에 미치지 못해 부분 자본잠식 상태다. 자본잠식률은 46.0%로 전년 20.6%에서 확대됐다. 한국거래소 규정에 따르면, 사업연도 말 기준 자본 전액이 잠식되거나 자본금의 50% 이상 잠식이 지속될 경우 상장폐지 사유에 해당한다.인스코비 주가는 최근 1년 사이 70% 넘게 하락했다. 이날 종가는 537원이다.회사 관계자는 “관리종목 해제는 감사보고서가 최종적으로 확정돼야 알 수 있는 부분이라 현재로서는 말씀드릴 수 있는 내용이 없다”면서도 “최대한 적정의견이 나올 수 있도록 감사인과 협의를 지속하고 있으며, 부정적인 결과가 나오지 않도록 관리하고 있다”고 말했다.자본잠식 이슈에 대해서도 “자본잠식률이 50%를 넘지 않아 당장 상장폐지 등의 문제가 발생하는 상황은 아니지만, 여전히 높은 수준인 것은 사실”이라며 “단기간에 해소할 수 있는 사안은 아닌 만큼 현재로서는 당면 과제 대응에 집중할 계획”이라고 설명했다. 다만 일각에서 제기되는 자본확충 가능성과 관련해서는 선을 그었다. 회사 관계자는 “유상증자나 감자 등과 관련해서는 현재까지 논의된 바 없다”고 밝혔다.",False
5,2026-02-25,"'3차 상법개정안' 통과…""금융주 투자 매력 여전""",https://n.news.naver.com/mnews/article/215/0001243026,"[와우퀵] 투자정보 플랫폼박혜진 대신증권 연구원은 25일 한국경제TV에 출연해 ""올해 증권주가 90% 넘게 오르며 지수 상승을 이끌었지만 최근 고점에서 숨 고르기에 들어간 모습""이라며 ""3차 상법 개정은 단기 재료를 넘어 코스피 상장사의 지배구조와 투자 환경을 바꾸는 이슈""라고 말했다.이어 ""상법 개정의 궁극적인 목적은 국내 기업 지배구조 개선이며, 이번 개정안의 핵심은 자사주""라며 ""기업이 보유 자사주를 소각할 경우 주당 가치가 올라가기 때문에 기존 주주 입장에서는 매우 긍정적""이라고 설명했다.박 연구원은 ""지난주 상법 개정 기대감만으로 보험주가 상한가를 기록하는 등 기대가 선반영된 구간이 있었다""며 ""법안 통과 전후로 '셀온(sell on news)' 흐름이 나올 수 있지만, 이벤트 소화 과정에서 나타나는 일시적인 조정으로 보는 게 맞다""고 진단했다.그러면서 ""증권주를 포함한 금융주는 급등 부담에도 불구하고 여전히 실적·밸류에이션 기준에서 투자 매력이 남아 있다""며 ""상법 개정을 계기로 주주환원과 지배구조 개선이 구체화될수록 금융주 전반의 추가 상승 여력을 기대할 수 있는 구간""이라고 덧붙였다.● 핵심 포인트- 올해 증권주가 큰 폭으로 오르며 지수 상승을 이끌었지만, 최근 고점 구간에서 숨 고르기에 들어간 모습임.- 3차 상법 개정은 단기 이벤트를 넘어 코스피 상장사의 지배구조와 투자 환경을 바꾸는 이슈로 평가됨.- 개정안 핵심인 자사주 소각이 확대되면 주당가치가 올라 기존 주주에게 긍정적이라는 기대가 반영됐음.- 법안 통과 전후 ‘셀온’ 조정 가능성, 실적·밸류 매력은 남아 주주환원·지배구조 개선이 구체화될수록 금융주 추가 상승 여력 부각됨.● 방송 원문<앵커>증시 상승에 일조했던 게 증권주고 올해 한 90% 넘게 올랐다고는 하는데 최근 고점에서 꺾이는 모양새입니다.3차 상법 개정 재료가 단기 모멘텀일까요? <박혜진 대신증권 연구원>벌써 3차 상법 개정이잖아요. 상법 개정은 개정의 맥락은 국내 시장 그리고 코스피에 상장된 기업들의 거버넌스를 궁극적으로 개선시키는 겁니다.그러면 사실은 당연히 투자 환경이 좋아질 수밖에 없고 이번에 자사주가 가장 큰 화두잖아요.사실 기업들이 보유하고 있는 자사주를 소각을 시킨다면 개인 투자자 그러니까 투자자 입장에서는 굉장히 환영할 만한 일이죠.<앵커>셀온 여부가 관전 포인트인데 혹시나 기대했었던 게 이미 다 반영돼서 이게 고점인가라는 부분은 어떻게 보세요?<박혜진 대신증권 연구원>그런데 사실은 저번 주 생각을 해 보시면 상법 개정 때문에 보험주가 상한가 가고 그랬었어요. 그래서 분명히 셀온은 나올 겁니다.분명히 셀온은 나올 거지만 그거는 사실은 일시적인 흐름이고 주식이라는 거는 장기적인 관점에서 좋은 주식은 오를 수밖에 없잖아요.사실은 너무 급등한 면이 있기 때문에 조정을 받을 수 있다고 보지만 제가 봤을 때 금융주는 지금 투자하기 굉장히 좋은 시기인 거는 맞다고 판단하고 있습니다.실적 기반으로 여전히 밸류에이션에 대한 부담감은 그렇게 높아지지는 않았다는 부분을 보시면 추가적인 상승 여력에 대한 기대치를 이어갈 수 있다, 이렇게 말씀드릴 수 있을 것 같습니다.",False
6,2026-02-25,"한달여만 1,000포인트 올랐다…압도적 세계 1위(종합)[코스피 6,000]",https://n.news.naver.com/mnews/article/001/0015924544,"상승 속도도 최고…3,000→4,000 4년·4,000→5,000 석달·5,000→6,000 한달증권가, 코스피 질주에 연간 목표치 줄상향…노무라 ""8천피도 가능"" 코스피, 열린 6000의 문(서울=연합뉴스) 김성민 기자 = 코스피가 장중 6000을 넘어선 가운데 25일 서울 중구 하나은행 본점 딜링룸에서 직원들이 기뻐하고 있다. 2026.2.25 ksm7976@yna.co.kr (서울=연합뉴스) 고은지 기자 = 코스피가 꿈의 지수라 불리던 '5천피'(코스피 5,000포인트)를 넘어서 '6천피'를 달성하기까지는 불과 한 달여밖에 걸리지 않았다. 25일 한국거래소에 따르면 코스피가 1,000에서 2,000이 되기까지는 18년 4개월(1989년 3월 31일∼2007년 7월 25일), 2,000에서 3,000이 되기까지는 13년 5개월(2007년 7월 25일∼2021년 1월 7일), 3,000에서 4,000이 되기까지는 4년 9개월(2021년 1월 7일∼2025년 10월 27일)이 걸렸다. 지난해 상반기까지만해도 코스피는 정치적 혼란 속에 정체 국면을 나타냈으나 '코스피 5,000 달성'을 목표로 내건 새 정부 출범 이후 빠르게 오르기 시작했다. 이재명 정부 출범 직전 거래일인 지난해 6월 2일 2,698.97이었던 코스피는 같은 해 10월 27일 4,000대를 돌파했다. 이후 인공지능(AI) 거품론이 대두되면서 미국 기술주가 주춤하자 코스피도 숨 고르기에 들어갔다. 그러나 연말 '산타 랠리'를 계기로 코스피는 다시 상승세를 타기 시작했고, 일단 올라가기 시작한 코스피는 거침없이 질주했다. 새해 첫 거래일인 지난 1월 2일 4,224.53으로 장을 연 코스피는 12거래일 연속 상승하며 19일 종가 기준 4,904.66까지 치솟았다. 12거래일 연속 상승은 2019년 9월 4∼24일(13거래일) 다음으로 가장 긴 기록이었다. 코스피, 장중 사상 첫 5,000선 돌파(서울=연합뉴스) 이진욱 기자 = 코스피가 장중 5,000을 넘어선 가운데 22일 오전 서울 중구 하나은행 딜링룸에서 외환 딜러들이 세리머니를 펼치고 있다. 2026.1.22 cityboy@yna.co.kr 1월 22일 코스피는 장중 5,019.54까지 오르며 '꿈의 5천피'를 달성했다. 지수는 5,000선 터치 후 상승세가 둔화해 4,942.53에 거래를 마쳤다. 3거래일 후인 같은 달 27일에는 5,084.85에 장을 마감해 종가 기준으로도 5,000선을 넘어섰다. 코스피는 꿈의 지수를 찍은 후 오히려 상승세가 더 가팔라졌다. 종가 기준 5,000선을 넘어선 지난 1월 27일 이후 이날까지 코스피가 전장 대비 하락한 날은 4일에 불과했다. 이달 들어서는 코스피가 급등락하는 '롤러코스터 장세'도 나타났다. 지난 2일 프로그램 매도호가 일시 효력정지(사이드카)가 발동된 데 이어 다음날인 3일 매수 사이드카, 6일 다시 매도 사이드카가 발동됐다. 유가증권시장의 뜨거운 열기는 코스닥 시장으로도 번지면서 지난 19일에는 코스닥 시장에서도 매수 사이드카가 발동됐다. 뜨거운 투자 열기 속 코스피는 지난 19일부터 5일 연속 상승하며 이날 개장과 함께 6,000선을 돌파했고, 전날보다 114.22포인트(1.91%) 오른 6,083.86에 장을 마쳤다. 5,000에서 6,000으로 1,000포인트가 오르기까지 걸린 기간은 불과 한 달 남짓이다. 코스피는 연초 이후 44%가량 올라 20% 남짓의 상승률을 보인 튀르키예와 대만, 브라질, 태국 등을 제치고 압도적인 수익률 1위를 달리고 있다. 25% 넘게 상승한 코스닥도 2위를 기록 중이다. 지난해 코스피는 76% 올라 주요 20개국(G20) 및 경제협력개발기구(OECD) 회원국들 큰 폭으로 따돌리고 1위를 기록했다. 거래소는 ""인공지능(AI) 메모리 반도체 수요 확대와 실적 호조로 전기·전자 업종이 증시 상승을 주도하는 가운데 지정학적 위기에 방산 관련 업종이 강세를 보였고, 해외 대형 프로젝트 수주 및 발전 설비 수출이 가시화되며 조선·원전(기계·장비), 건설 업종도 상승세를 나타냈다""고 분석했다. 또 ""금융·증권·보험 업종은 배당 기대와 거래대금 증가, 예탁금 확대 등에 따른 실적 개선으로 증시 상승을 뒷받침했다""고 평가했다. 주식 열풍 (PG)[박은주 제작] 사진합성·일러스트 역대급 '불장'이 그동안 주식시장에 큰 관심이 없던 사람들을 시장으로 불러 모으며 증시 자금도 눈덩이처럼 불어났다. 고객이 증권사 계좌에 넣어둔 잔금의 총합인 투자자 예탁금은 지난달 27일 100조원을 돌파해 지난 2일 사상 최대인 111조2천965억원까지 늘었다. 최근 수치인 지난 24일 기준 107조9천31억원이다. 증권사에서 자금을 빌린 뒤 갚지 않은 금액인 신용거래융자 잔고는 지난달 29일 처음 30조원이 넘었고, 지난 24일에는 31조9천602억원까지 증가했다. 주식거래 활동계좌 수는 지난달 28일 처음으로 1억개를 넘어섰고 지난 24일에는 1억180만3천688개로 숫자가 더욱 불었다. 주식거래 활동계좌는 예탁 자산이 10만원 이상이면서 최근 6개월간 한 차례 이상 거래가 이뤄진 위탁매매 계좌 및 증권저축 계좌를 말한다. 한국 인구가 약 5천만명인 점을 고려하면 국민 1명당 주식거래 계좌를 2개 이상 보유한 셈이다. 코스피의 급등 랠리에 증권가는 올해 예상치를 다시 올려잡고 있다. 키움증권은 최근 올해 코스피 예상 상단을 기존 6,000에서 7,300으로 상향 조정했다. 한지영 연구원은 ""미국 도널드 트럼프 행정부의 관세정책과 케빈 워시 차기 의장 체제 하 연방준비제도(연준·Fed) 통화정책의 불확실성, 미국 인공지능(AI)주 수익성 불안 등 대외 상황이 그다지 녹록지 않지만, 코스피는 그만한 외풍에 견딜만한 펀더멘털(기초여건)과 밸류에이션(평가가치)을 보유하고 있다는 점에 주목해야 한다""고 그 이유를 설명했다. 노무라금융투자는 올해 상반기 코스피 목표치로 최대 8,000을 제시했다. 신디 박·이동민 연구원은 ""상법 개정의 실질적 이행, 유가증권시장과 코스닥 시장의 구조적 개선, 주주권 보호의 후퇴 방지 등이 담보된다면 코스피가 8,000선도 넘어설 수 있다""고 예상했다. 거래소는 ""업종 전반의 실적 개선과 자본시장 활성화 정책 효과가 이어질 경우 상승 흐름이 지속될 가능성이 있다""며 ""다만 단기 급등에 따른 차익실현 수요, 미국의 관세 정책 불확실성, 지정학적 긴장 고조 등은 경계 요인""이라고 진단했다. eun@yna.co.kr",False
7,2026-02-25,이제는 '코스피 6000' 시대…시가총액도 5000조 돌파,https://n.news.naver.com/mnews/article/648/0000044760,"외인 1조3000억 매도에도 기관·개인이 쓸어 담아로봇 기대감에 현대차 8.76%, 기아 12.77% 상승 코스피가 장중 6000을 넘어선 25일 오전 서울 중구 하나은행 본점 딜링룸에서 직원들이 축하 세레머니를 하고 있다./사진=이명근 기자 qwe123@코스피가 연일 무섭게 오르고 있다. 전날 장중 6000포인트를 터치했던 코스피는 25일에는 장중 한때 6144.71포인트까지 찍으며 상승세를 이었다.한국거래소에 따르면 이날 코스피는 전거래일보다 1.91% 오른 6083.86포인트로 장을 마쳤다. 지난 1월 27일 5000포인트를 넘긴 지 한 달도 채 지나지 않아 6000포인트까지 돌파했다. 설 연휴 휴장까지 고려하면 거래일 기준으로는 단 17거래일만에 1000포인트가 오르는 가파른 상승이다. 이날 코스피 시가총액은 5016조원을 기록하며 사상 처음 5000조원을 돌파했다.이날 외국인은 1조2910억원어치 순매도에 나섰지만, 기관과 개인이 동반매수하며 코스피 상승을 주도했다. 기관은 8800억원, 개인은 2300억원을 순매수했다.전날 20만원을 찍은 삼성전자는 1.75% 오른 20만3500원, 100만닉스를 달성한 SK하이닉스는 1.29% 오른 101만8000원에 각각 정규장을 마쳤다.이날은 반도체보다 자동차주가 더 돋보였다. 현대차는 8.76% 급등한 57만2000원, 기아는 12.77%나 오른 19만6700원에 마감했다. 고려아연은 12.9%, 삼성생명이 10% 올랐고, 대규모 주주환원계획을 밝힌 미래에셋증권은 이날도 8.9% 상승했다.코스닥은 전날보다 0.02% 오른 1165.25포인트에 머물렀다. 코스닥 정책 기대감에 개인이 3930억원을 쓸어담았지만 기관이 1300억원, 외국인이 2360억원 순매도했다.전날에 이어 로봇 관련주가 많이 올랐다. 레인보우로보틱스는 8.23%, 클로봇은 5.79% 올랐고, 전날 24% 넘게 올랐던 현대무벡스는 이날도 6.27% 상승했다.임정은 KB증권 연구원은 ""내일 새벽에 예정된 엔비디아 및 세일즈포스 실적 발표가 최근 부각된 AI산업 잠식 우려의 방향성을 가늠할 이벤트로 판단된다""면서 ""AI관련 업종 중심으로 상승했던 국내 증시도 결과에 따라 반응할 수 있어 외국인 순매도 기조와 함께 단기 변동성에 유의해야 한다""고 분석했다.",False
8,2026-02-25,소각 의무법 지연 틈 타…자사주 처분 막차타기 '눈총',https://n.news.naver.com/mnews/article/018/0006224589,"'자사주 의무 소각' 상법 개정안, 본회의 통과 지연되다 오늘 통과 지난해 연말부터 올해 초까지 자사주 처분 러시올해 1~2월에만 2395억 처분…2024년 전체 규모와 맞먹어상법 개정 후에도 법인세법 개정 등 후속 조치도 필요[이데일리 권오석 기자] 상장사들이 자기주식(자사주)을 처분하려는 움직임이 분주하다. 자사주 소각 의무화를 골자로 한 상법 개정안의 처리가 지연된 틈을 타, 지난해 연말부터 올해 초까지 자사주 처분 러시가 이어지는 상황이다. 이에 현 정권의 주주환원 기조에 역행한다는 따가운 눈총을 받고 있다. 윤한홍 국민의힘 의원이 지난 24일 서울 여의도 국회에서 열린 제432회국회(임시회) 8차 본회의에서 상법 일부개정법률안(대안)에 대한 무제한 토론(필리버스터)을 하고 있다. (사진=방인권 기자)25일 한국거래소 정보데이터시스템에 따르면, 올해 들어 이날까지 처분된 자사주 총 규모는 약 2395억원이었다. 지난 한 해 전체 처분 규모(약 8948억원)와 비교하면, 두 달도 안 돼 가파른 추이를 보인 셈이다. 이는 2024년 한 해 전체 처분 규모(약 2874억원)와도 맞먹는 수치다.올해 자사주 처분 규모 1위 ‘엘앤에프’올해 자사주 처분 규모가 가장 많은 상장사는 코스피 기업인 엘앤에프(066970)였다. 엘앤에프는 운영자금을 조달한다는 명분으로 지난 13일 약 565억원 상당의 자사주(보통주 50만주)를 처분했다. 회사 측은 “50만주는 현재 발행주식총수의 1.2%에 해당하며, 이에 따라 유통주식 수가 증가하나 시간외대량매매를 통한 시장가격을 반영한 처분으로 그 영향은 제한적일 것으로 예상한다”고 설명했다.엘엔에프는 지난해에도 상장사 중 가장 많은 약 1226억원 규모의 자사주(보통주 100만주)를 매각했었다. 이로써 남은 자사주 규모는 약 33억원이라고 회사 측은 공시했다.자사주를 대상으로 한 교환사채 발행도 여전하다. 코스닥 기업인 위닉스(044340)는 자사주를 담보로 60억원 규모의 교환사채를 발행한다고 전날(24일) 공시했다. 처분 예정 주식 수는 보통주 112만 29주다. 교환사채 발행은 자사주 소각을 회피하기 위한 대표적인 ‘꼼수’ 방식으로, 금융당국이 발행에 제동을 걸기 위해 지난해 공시 기준을 강화하기도 했었다.지난해 자사주 처분 공시, 12월에 대거 몰려자사주 소각 의무화 법안의 통과 가능성이 높아지면서 자사주 처분이 급증하기 시작한 것으로 조사됐다. 전날 황현영 자본시장연구원 연구위원이 발간한 ‘자사주 제도 개선의 필요성과 상법 개정안의 주요 쟁점’ 보고서에 따르면, 지난해 자사주 처분 전체 공시의 25.3%(164건)가 12월 한 달에 몰려 있었다.특히 12월 한 달 간 이뤄진 자사주 처분은 절반 이상(55.5%)이 특정 대상 처분이었으며 교환사채 발행도 23건이 있었다는 점에 주목했다. 황 연구위원은 “제도 변화에 앞서 자기주식을 지배권 안정 또는 승계 구조 정비에 활용하려는 유인이 상당했음을 방증한다”고 분석했다.이날 국회 본회의를 통과한 3차 상법 개정안은 △자사주 신규 취득 시 1년 이내 소각 △기존 보유 자사주 1년 6개월 이내 소각 등의 내용을 담고 있다. 다만 임직원 보상 또는 우리사주제도 실시 등 일정한 사유가 있을 경우에는 예외를 인정하기로 했다. 상법 통과 후에도 법인세법 개정 등 후속 검토 필요자사주를 소각하면 유통 주식 수가 낮아져 기존 주주들이 보유한 주식의 가치가 올라가는 주주환원 효과가 나타난다. 이러한 주주환원 정책을 발판삼아 증시를 부양하겠다는 게 현 정권의 목표로, 그간 두 차례에 걸친 상법 개정을 비롯해 공시 기준 강화 등의 효과로 ‘6000피’(코스피 6000)를 달성할 수 있었다는 게 시장의 중론이다.현 정부는 이번 3차 상법 개정안 통과 이후에도 △‘중복상장 제도 개선’ 자본시장법 개정 △주가 누르기 방지법 등 후속 조치도 진행한다는 방침이다.황 연구위원은 향후 과제에 대해 “자사주를 ‘자산’으로 전제해 그 처분을 손익거래로 취급한 법인세법 관련 규정의 개정이 필요하며 합병으로 취득한 자사주를 소각하는 경우의 처리 문제 등 세법 전반에 대한 검토도 요구된다”고 조언했다.",False
9,2026-02-25,'육천피' 불장에 공매도 대기자금 '역대 최대'…대차잔고153조 돌파,https://n.news.naver.com/mnews/article/018/0006224584,"공매도 선행지표…연초 대비 40조 급증반도체·2차전지 대형주 중심 하락 베팅VKOSPI 7거래일 연속 상승…급등장에 변동성 경계심리↑[이데일리 김윤정 기자] 코스피가 6000선을 돌파한 가운데 공매도 규모를 가늠할 수 있는 대차거래 잔액도 150조원을 넘어서 사상 최대치를 경신했다. 지수 급등 속 향후 조정 가능성에 대비하려는 투자 수요가 늘어난 것으로 해석된다. 코스피가 6000선을 넘긴 6083.86에 마감한 25일 오후 서울 중구 하나은행 딜링룸에서 딜러들이 코스피 6000 돌파 세리머니를 하고 있다. (사진=뉴시스)25일 금융투자협회에 따르면 국내 증시 대차거래 잔액은 전날(24일) 기준 153조136억원으로 집계됐다. 연초 첫 거래일(113조1043억원)과 비교하면 약 40조원 증가한 규모다.대차거래는 투자자가 주식을 빌린 뒤 아직 상환하지 않은 물량을 의미한다. 주가 하락을 예상한 외국인·기관투자자들이 공매도 목적으로 주로 활용하는 거래 방식이다. 증권가에서는 대차거래 잔액이 증가하면 공매도 거래량도 함께 늘어나는 경향이 있어 통상 공매도 선행지표로 여겨진다.이처럼 공매도 이후 상환되지 않은 잔액이 크다는 것은 향후 주가 하락에 대비한 포지션이 확대됐다는 뜻으로 풀이된다. 코스피가 이달 들어 가파르게 상승하면서 단기 과열 부담이 커진 점이 하락 베팅 확대로 이어졌다는 분석이다.코스피는 이달 들어 전날까지 14.27% 상승했다. 이날은 개장과 동시에 6000선을 돌파한 뒤 6083.86에 마감하며 종가 기준으로도 6000선을 지켰다.대차거래 잔액 상위 종목은 반도체·2차전지·바이오 등 대형주 중심으로 나타났다. 전날 기준 대차거래 잔액 1위는 삼성전자로 18조7788억원이었다. 이어 SK하이닉스(15조6175억원), 현대차(3조6968억원), 한미반도체(3조2562억원), LG에너지솔루션(3조976억원), 셀트리온(2조125억원) 등이 이름을 올렸다. 이 밖에도 미래에셋증권(1조9156억원), 포스코퓨처엠(1조8278억원), 삼성SDI(1조5784억원) 등이 상위권에 포함됐다.한편 한국형 공포지수로 불리는 ‘코스피200 변동성지수(VKOSPI)’도 상승 흐름을 이어가고 있다. 이날 지수는 전장 대비 1.45포인트(3.01%) 오른 49.57에 마감했다. VKOSPI는 지난 12일부터 7거래일 연속 상승세를 보이고 있다.VKOSPI는 옵션 가격에 반영된 향후 시장의 기대 변동성을 나타내는 지수로, 통상 코스피가 급락할 때 급등한다. 다만 최근에는 지수 급등 국면에서도 상승세를 보이고 있어, 투자자들의 불안 심리와 시장 변동성 확대 우려가 동시에 커지고 있음을 보여준다.증권가에서는 코스피의 구조적 상승 여력은 유효하지만 단기 수급 쏠림에 따른 변동성 확대 가능성은 경계해야 한다고 강조했다. 한지영 키움증권 연구원은 “최근 코스피는 관세 이슈나 인공지능(AI) 불안 등 미국발 역풍 속에서도 실적·밸류에이션·정책 모멘텀에 힘입어 글로벌 증시 내 상대적 강세를 이어가고 있다”면서도 “설 연휴 이후 4거래일간 코스피 8%대 급등을 이끈 주요 수급 주체가 금융투자(누적 6조8000억원)였다는 점은 주목할 필요가 있다”고 분석했다.그러면서 “프로그램 차익거래와 파생 헤지 수요 영향도 있지만, 개인의 상장지수펀드(ETF) 추격 매수가 금융투자 수급으로 집계된 측면이 있는데 특정 수급 주체로의 쏠림이 심화될수록 단기 변동성이 확대됐던 것이 과거 경험”이라며 “현 시점에서는 일간 상승에 추격하기보다 주도주 중심의 기존 포지션을 유지하는 전략이 바람직하다”고 덧붙였다.",False
10,2026-02-25,'육천피' 기관 투자자가 만들었다...개미 8조 던질 때 기관이 7조 받아줘,https://n.news.naver.com/mnews/article/014/0005482802,"코스피가 사상 첫 6000을 돌파한 25일 서울 중구 우리은행 딜링룸에서 직원들이 축하 세리머니를 하고 있다. 뉴시스 제공 [파이낸셜뉴스] 사상 첫 '코스피 6000' 입성의 주된 동력으로 기관 투자자의 매수세가 꼽히고 있다. 25일 코스피지수는 전 거래일보다 1.91% 상승한 6083.86에 거래를 마쳤다. 그동안 코스피 상승을 개미들이 주도한 것과 다르게, 5000에서 6000으로 끌어올린 건 기관이었다. 기관은 최근 10거래일 동안(2월9일~25일) 국내 증시에서 7조679억원을 순매수했다. 같은 기간 개인과 외국인이 각각 8조784억원 순매도한 것과 대조적이다. 외국인은 2237억원을 순매수해 수급에 큰 영향을 미치지 못했다. 이달 6일 5089.14로 5000선을 위협받던 코스피는 기관의 자금이 본격적으로 들어오기 시작한 이달 9일 5298.04로 급등하기 시작했다. 이후 10거래일 중 9거래일 동안 상승하며 6000선을 돌파한 것이다. 개인은 차익 실현에 나서고 기관이 물량을 받아준 것으로 보인다. 개인은 최근 10거래일 동안 SK하이닉스 2조6304억원, 삼성전자를 1조36억원 내다팔아 두 종목만 3조6340억원 순매도했다. 반면 기관은 삼성전자 3조1750억원, SK하이닉스 1조8039억원 사들이며 두 종목을 4조9789억원 순매수했다. 개인이 던진 물량 이상으로 기관이 사준 것이다. 증권사와 자산운용사 등 금융투자업체들이 매수세를 주도했다. 금융투자사는 10거래일 동안 8조7118억원을 사들였다. 보험사가 1조1596억원, 연기금이 5884억원을 순매도할 때 금융투자사와 투자신탁(7442억원)만 순매수를 이어갔다. 금융투자사의 순매수 상위종목을 보면 1위가 삼성전자(3조7609억원), 2위가 SK하이닉스(2조3211억원), 3위가 현대차(4783억원)이었다. 해당 기간 삼성전자는 15만8600원에서 20만3500원으로 28.31%, SK하이닉스는 83만9000원에서 101만8000원으로 21.33%, 현대차는 46만7500원에서 57만2000원으로 22.35% 상승했다. 한지영 키움증권 연구원은 ""최근 코스피는 미국발 역풍(관세, AI 불안 등) 속에서도 고유의 상방 요인(실적, 밸류에이션, 정책 등)에 힘입어 전세계 대장주 지위를 유지 중""이라며 ""주도주 중심의 기존 포지션을 유지하는 것이 잠재적인 수급 변동성 국면에 대비할 수 있다""고 조언했다. 한편에선 금융투자사의 순매수가 단기적으로 코스피의 변동성을 높일 수 있다는 우려도 나온다. 다만, 허재환 유진투자증권 연구원은 ""과거에는 금융투자사의 자금이 초단기자금으로 여겨지긴 했다""면서도 ""최근엔 금융투자 자금이 대부분 상장지수펀드(ETF) 자금으로 해석된다. 이에 대한 우려를 할 필요는 없다""라고 전했다.",False
11,2026-02-25,40만전자·200만닉스도 멀지 않았다…8000피 시대 성큼,https://n.news.naver.com/mnews/article/018/0006224574,"코스피 6083.86 마감…종가 기준 첫 6000선 돌파삼전·SK하닉 나란히 사상 최고가…반도체 랠리 지속메모리 수요 변화 구조 변화 속 증권가 목표가 줄상향“전례 없는 영업익…지수 밸류 부담도 크지 않아 매력”[이데일리 박순엽 기자] 글로벌 인공지능(AI) 주도 랠리가 이어지면서 국내 증시도 연일 사상 최고치를 갈아치우고 있다. 시장에선 삼성전자(005930)와 SK하이닉스(000660)가 주도하는 반도체 강세가 단기 수급이 아니라 ‘이익 레벨업’에 기반하고 있다는 시각이 확산하는 분위기다. 반도체 업황이 구조적으로 바뀌는 흐름이 확인될 경우 코스피 상단도 한 단계 더 열릴 수 있다는 관측이 제기된다. (사진=연합뉴스)25일 엠피닥터에 따르면 코스피는 전 거래일 대비 114.22포인트(1.91%) 오른 6083.86에 거래를 마감했다. 코스피가 종가 기준 6000선을 넘어선 건 이번이 처음이다. 이날 지수 상승의 중심엔 대형 반도체주가 있었다. 삼성전자(005930)는 전 거래일 대비 3500원(1.75%) 오른 20만 3500원에 거래를 마쳤고, SK하이닉스(000660)도 1만 3000원(1.29%) 오른 101만 8000원에 마감했다. 두 종목은 나란히 사상 최고가 행진을 이어갔다. 두 종목은 주가가 큰 폭 오른 상황에서도 추가 상승 여력이 남았다는 분석이 잇따르고 있다. ‘멀티플(평가배수) 확장’보다 ‘실적 개선’이 주가를 끌어올리고 있다는 시각이 힘을 얻고 있어서다. 최근 강세를 이끈 동력이 기대감에 따른 밸류에이션 재평가라기보다, 반도체 이익의 방향성이 실제 숫자로 확인되고 있다는 진단도 나온다. 주가가 앞서 나간 것이 아니라 이익 전망이 더 빠르게 상향되면서 주가를 견인하고 있다는 해석이다. 메모리 산업을 바라보는 프레임 자체가 달라졌다는 점도 투자 논리를 뒷받침한다. 과거엔 PC·스마트폰 등 ‘세트(완제품)’ 수요의 교체 주기에 따라 메모리 수요가 출렁이고, 증설이 본격화되면 가격이 꺾이는 전통적 사이클이 반복됐다. 그러나 최근엔 AI가 메모리를 단순 부품이 아니라 시스템 성능과 비용을 좌우하는 핵심 변수가 되면서 수요의 성격이 달라졌다는 평가가 나온다. AI 서비스가 학습(Training)에서 추론(Inference) 중심으로 확산하고, 에이전트형 서비스가 고도화될수록 서버에서 메모리 사용량이 늘어나는 방향으로 구조가 재편될 수 있다는 관측도 제기된다.공급 측면도 예전처럼 단순하지 않다는 분석이 나온다. HBM(고대역폭메모리)처럼 고부가 제품 비중이 커지면서 공급은 웨이퍼 캐파(생산 능력)만으로 설명되기 어렵고, 수율(양품 비율)과 후공정, 생산 믹스가 복합적으로 얽히며 병목이 발생할 수 있다는 것이다. 일각에선 최근 고세대 HBM 출하가 기대만큼 빠르게 늘지 않는 현상을 ‘의도적 감산’이 아니라 수율과 후공정 제약에서 비롯된 구조적 현상으로 해석하기도 한다. 수요가 구조적으로 바뀌는 가운데 공급 병목까지 겹칠 경우, 과거처럼 가격이 쉽게 꺾이는 국면이 지연될 수 있다는 논리다. 이익 체력이 과거보다 안정적으로 커질 수 있다는 기대는 밸류에이션 논리로도 연결된다. AI 랠리를 이끈 엔비디아·TSMC 등은 이미 높은 기대가 주가에 상당 부분 반영됐지만, 삼성전자와 SK하이닉스는 이익 개선 속도 대비 평가는 상대적으로 보수적이라는 시각이 주가 상승 논리로 제시된다. 삼성전자와 SK하이닉스의 주가순이익비율(PER)은 각각 8.6배, 5.3배로 엔비디아(24배), TSMC(21배) 등 글로벌 동종 업계와 비교하면 여전히 낮은 수준이라는 평가다.이런 배경에서 증권가의 목표주가 상향 흐름도 이어지고 있다. SK증권은 최근 삼성전자와 SK하이닉스 목표주가를 각각 30만원, 160만원으로 제시했다. 외국계 증권사인 맥쿼리도 두 종목 목표주가를 각각 34만원, 170만원으로 상향했다. 메모리 공급 제약과 AI 수요 확산, 이에 따른 이익 추정치 상향 가능성을 반영해 ‘점수(평가 방식)’ 자체가 달라질 수 있다는 기대가 목표가 눈높이를 끌어올리고 있다는 분석이다. 대형 반도체주의 추가 상승 기대가 유지된다면 지수도 한 단계 더 올라설 여지가 있다는 전망이다. 실제로 40만 전자, 200만 닉스가 현실화될 경우 코스피는 8400까지 몸집을 키울 수 있다는 계산이 나온다. 이정빈 신한투자증권 연구원은 “2월 들어 변동성이 확대됐지만, 핵심은 이익 방향성”이라며 “반도체 영업이익과 마진은 실제 숫자로 확인되고 있으며 전례가 없는 수준”이라고 말했다.그는 이어 “반도체 12개월 선행 주당순이익(EPS)은 여전히 상향 기조이고 한국 12개월 선행 PER은 10배 수준이라 밸류에이션 부담이 크지 않다”며 “한국은 자기자본이익률(ROE) 16%, 주가순자산비율(PBR) 1.7배로 대만(ROE 18%, PBR 3.5배) 대비 가격 매력이 존재한다”고 덧붙였다.",False
12,2026-02-25,'신고가 경신' 삼전·하이닉스 영업익 연 300兆 '기대',https://n.news.naver.com/mnews/article/008/0005322212,"삼성전자·SK하이닉스 주가 추이/그래픽=이지혜코스피가 6100선을 터치한 가운데 AI(인공지능) 확대에 따른 반도체 슈퍼사이클 진입이 수치로 가시화하고 있다. 나란히 사상 최고가를 경신한 반도체 투톱 삼성전자와 SK하이닉스의 영업이익만 300조원에 달할 것이란 전망이 제기된다.25일 한국거래소에 따르면 삼성전자는 전일대비 3500원(1.75%) 오른 20만3500원에 장을 마쳤다. 이날 장중에는 20만6000원까지 오르면서 2018년 액면분할 이후 최고가를 경신했다. 삼성전자는 8거래일 연속 상승했다. SK하이닉스는 전일대비 1만3000원(1.29%) 상승한 101만8000원으로 장을 마쳤다. SK하이닉스 역시 이날 장중 103만8000원까지 상승, 역사적 고점을 경신했다.이들 두 종목의 시가총액이 코스피에서 차지하는 비중은 40%에 이른다. 이날 장 마감 기준으로 삼성전자 시총(1204조원)과 SK하이닉스 시총(732조원)을 합산한 값은 약 2000조원이다. 반도체는 본격적인 슈퍼사이클에 진입했다. AI 서버 확산이 메모리 수요를 폭발적으로 끌어올리면서 고대역폭메모리(HBM)뿐 아니라 D램과 낸드(NAND) 전반으로 수요가 확산하고 있다. 이에 따라 반도체 업종 전반적으로 실적 개선세가 이어질 것이란 기대감도 커졌다.증권가에서 추정한 올해 연간 영업이익은 삼성전자와 SK하이닉스만 300조원을 넘어선다. 이날 기준 시장 컨센서스(평균 전망치)에 따르면 올해 삼성전자와 SK하이닉스 두 곳의 영업이익은 311조485억원에 이른다. 삼성전자 167조5617억원, SK하이닉스 143조4868억원 등이다. 이들 업체의 순이익은 257조5798억원에 달할 것으로 추정된다. 반도체 업종에 대한 증권가의 눈높이는 빠르게 올라가고 있다. 삼성전자에 대해 SK증권은 전일 보고서를 통해 목표주가를 기존 26만원에서 30만원으로 상향한다고 밝히면서 증권사 중 가장 높은 목표가를 제시했다. 미래에셋증권의 경우 지난 23일 목표가를 27만5000원으로 올렸는데, 지난달 30일 목표가를 24만7000원으로 올린 지 한 달도 안 돼 조정한 것이다. SK하이닉스에 대해 지난 23일부터 이틀간 목표가를 상향 조정한 증권사는 5곳, 투자의견을 신규 제시한 증권사는 2곳이다. 전일 SK증권이 SK하이닉스의 목표가를 기존 150만원에서 160만원으로 올려 최고치를 제시했다. 이어 미래에셋대우(137만원→154만원), 대신증권(125만원→145만원), 하나증권(128만원→145만원), NH투자증권(112만원→130만원) 등이 목표가를 올렸다. 한화투자증권과 LS투자증권은 매수 투자의견과 함께 목표가를 신규 제시했다. 한동희 SK증권 연구원은 ""메모리 산업은 AI로 과거와 달라졌는데, 기존 고대역폭메모리(HBM))를 비롯해, 디램(DRAM), 낸드(NAND) 등 전체를 활용하기 시작했다""며 ""(삼성전자, SK하이닉스 등 반도체 종목에 대한)재평가는 시작도 하지 않았고, 글로벌 AI 관련주에서 한국 메모리가 가장 저렴하다""고 말했다.",False
13,2026-02-25,코스피 강세에…외국인 코스피 시가총액 1800조 돌파,https://n.news.naver.com/mnews/article/014/0005482798,"24일 외국인 시가총액 1862조3758억원비중은 37.83%…역대 최고치는 39.26%증권가 “외국인 국내 증시 선호…강세 전망”밸류에이션 부담 속 순매도 지속 우려도 코스피가 종가 기준 사상 처음 6000선을 돌파한 25일 오후 서울 중구 하나은행 본점 딜링룸에서 직원들이 축하 세리머니를 하고 있다. 이날 코스피지수는 114.22p(1.91%)상승한 6,083.86에 장을 마감했다. 사진=뉴스1 [파이낸셜뉴스] 코스피 시장에서 외국인 시가총액이 1800조원을 돌파해 역대 최고치로 올라섰다. 증시활황으로 외국인이 보유한 종목들의 시가총액이 늘어난 영향도 한몫했다. 25일 금융투자협회에 따르면 코스피 시장 외국인 시가총액은 지난 24일 기준 1862조3758억원으로 역대 최고치를 기록했다. 지난 20일 1802조8690억원으로 처음 1800조원을 돌파한 뒤 3거래일 연속 증가세다. 외국인 시가총액은 지난해 8월 19일 845조9882억원으로 최고치를 경신한 후 꾸준히 상승세를 타 반년만에 1000조원이 불어났다. 코스피 시장에서 외국인이 차지하는 시총 비중도 전날 37.83%로 역대 최고치인 지난 2020년 2월 14일의 39.26%에 바짝 다가섰다. 코스피지수의 가파른 상승세가 주된 동력이 됐다. 코스피는 지난달 2일부터 전날까지 41.66% 상승한 가운데 같은 기간 외국인 시가총액도 1305조1371억원에서 42.69% 급증했다. 올해 외국인이 코스피 시장에서 11조원 넘게 순매도를 진행하고 있지만, 전체 보유 시가총액이 1000조원이 넘어가는 만큼 영향은 미미했다. 이상헌 iM증권 연구원은 “올해 코스피는 4200선에서 6100선까지 2000p 가까이 올랐다”며 “시가총액은 곧 보유한 주식의 가치를 나타낸 것이다. 보유 주식 중 일부를 팔아도 주가가 그 이상으로 올라가면 시가총액은 증가한다”고 말했다. 증권가에선 외국인 수급이 확대될 수 있다고 보고 있다. 글로벌 시장에서의 국내 증시 선호도가 높아지고 있어서다. 여기에 자사주 소각 의무화 등 증시 부양 정책으로 아직 지수 상승 여력이 남아있다는 분석이 지배적이다. 한지영 키움증권 연구원은 “최근 우호적인 증시 환경에도 불구하고 외국인이 순매도를 이어가는 것은 잠재적인 불안 요인으로 꼽힌다”면서 “하지만 순매도 대부분이 반도체, 자동차 등 연초 폭등 랠리를 이건 대형 업종인 만큼 차익실현 성격으로 보는 게 적절하다”고 밝혔다. 이어 “연초 전 세계 ETF 시장에서 미국 다음으로 한국이 가장 많은 자금이 유입되는 등, 단순 지수를 추종하는 외국인 패시브 수급 유입은 가속화되고 있다”며 “밸류에이션 매력, 중립 이상의 외국인 수급 환경을 종합해 보면 지수 상방 재료는 아직 소진되지 않았다. 여기에 자사주 소각 의무화 등 주주환원 강화도 기대해볼 만한 시점이다”라고 내다봤다. 반면 국내 증시가 단기간 급등한 만큼 가격 부담을 느낀 외국인의 차익실현이 계속될 것이란 우려도 나온다. 이 연구원은 “현재 지수를 올리는 역할은 개인의 상장지수펀드(ETF) 자금이다. 개인의 경우 반도체주 등 기존 주도주에 집중할 수 있는 비교적 쉬운 장”이라며 “반면 외국인은 우리나라의 자기자본이익률(ROE) 상승률 등에 근거해 밸류에이션이 부담스러운 부분이 있어 매도세가 당분간 이어질 것”이라고 관측했다.",False
14,2026-02-25,57만원대 9%↑ 최고가 경신…'6천피시대' 현대차 강세 [신GO가],https://n.news.naver.com/mnews/article/243/0000093631,"주식 투자 관련 이해를 돕기 위한 이미지. [사진 픽셀스][이코노미스트 김기론 기자] 코스피가 6,000선을 돌파한 가운데 국내 증시 강세를 현대자동차그룹주가 주도하는 흐름이 뚜렷해지고 있다. 전날 급등했던 반도체주가 상승폭을 다소 좁힌 사이, 자동차와 그룹 계열사 전반이 지수 상승의 바통을 이어받는 모습이다.25일 한국거래소에 따르면 현대차는 전 거래일 대비 4만8,000원(9.16%) 오른 57만2,000원에 장을 마쳤다. 장중에는 58만4,000원까지 치솟으며 52주 최고가(59만5,000원)에 근접했다. 거래량은 830만주를 넘겼고, 기관과 개인이 각각 3만주, 12만주 이상 순매수하며 주가를 끌어올렸다. 외국인은 14만주 넘게 순매도했지만 상승 흐름을 막기에는 역부족이었다.같은 시각 기아도 13%대 급등하며 장중 19만9,100원까지 오르는 등 신고가를 새로 썼다. 현대오토에버, 현대글로비스, 현대모비스 등 주요 계열사 역시 일제히 상승했고, 현대건설도 원전 수출 기대감에 두 자릿수 급등세를 나타냈다. 그룹 전반으로 매수세가 확산되며 ‘현대차 랠리’가 형성된 셈이다.주가 급등의 배경으로는 복합적인 호재가 꼽힌다. 우선 기아 미국 조지아 공장이 누적 생산 500만대를 달성했다는 소식이 전해지며 북미 시장 경쟁력에 대한 신뢰를 높였다. 2009년 가동을 시작한 조지아 공장은 텔루라이드, 쏘렌토 등 전략 차종을 생산하며 그룹의 미국 판매 확대를 견인해왔다.여기에 수소연료전지 인프라 구축 논의도 투자심리를 자극했다. 현대차그룹이 캐나다 당국과 대형 화물차용 수소 충전소 구축 방안을 협의 중인 것으로 전해지면서 친환경 상용차 시장 확대 기대가 부각됐다. 이는 단순 완성차를 넘어 에너지·인프라 영역까지 확장하는 전략으로 해석된다.앞서 발표된 10조원 규모 새만금 투자 계획도 재평가 요인이다. 현대차그룹은 향후 5년간 AI 데이터센터, 수전해 수소설비, 로봇 생산설비 등을 구축할 계획이다. 증권가에서는 자동차 생산 중심에서 AI 인프라 중심으로 투자 축이 이동하고 있다는 점에 주목하며, 자율주행 학습 속도를 좌우할 데이터센터 구축이 밸류에이션 재평가의 핵심이 될 수 있다고 분석한다.반도체 중심의 상승장에서 자동차·건설 등 실물 산업군으로 주도주가 확산되는 양상 속에, 현대차그룹이 코스피 6,000선 안착의 핵심 동력으로 자리매김할지 시장의 관심이 쏠리고 있다.",False
15,2026-02-25,"'자사주 소각' 기업 벌써 2배 늘었다...""주가 들썩"" 상법개정 수혜주는",https://n.news.naver.com/mnews/article/008/0005322206,"올해 자사주 소각 결정 주요 기업/그래픽=임종철자사주 소각 의무화를 골자로 한 3차 상법개정안이 국회 본회의에 상정돼 처리가 임박하면서 증시에 미치는 영향에 관심이 모인다. 주주총회 시즌을 앞두고 주요 기업들의 자사주 소각은 선제적으로 진행되고 있는 가운데 주주환원 행보에 따른 주가 상승도 이어진다. 25일 금융감독원 전자공시시스템에 따르면 올 들어 24일까지 자사주 소각 결정을 공시한 코스피, 코스닥 기업은 모두 88개로 나타났다. 지난해 같은 기간 44개에서 2배로 증가했다. 올해 공시된 자사주 소각 금액은 20조원으로 지난해 전체 자사주 소각 금액인 약 23조5000억원에 거의 육박했다. 상법 개정안의 주요 내용은 자사주를 원칙적으로 소각한다. 회사는 새로 취득한 자사주를 1년 이내에 소각해야 하고 기존 보유 중인 자사주는 법 시행일로부터 1년 6개월 내에 소각하도록 했다. 단, 임직원 보상, 우리사주 제도 운영, 신기술 도입이나 재무구조 개선 등 경영상 필요한 경우에는 예외적으로 보유가 가능하다.주식시장에서는 법안 처리 이전에 선제적으로 자사주 소각에 나서는 흐름이 나타나고 있다. SK하이닉스가 12조2400억원의 역대 최대 자사주 소각을 결정한 데 이어 삼성물산도 2조3000억원의 조단위 자사주 소각을 발표한 바 있다. 또 주요 금융주인 신한지주, 하나금융, KB금융, 우리금융이 각각 5000억원, 2000억원, 6000억원, 2000억원의 자사주 소각을 결정했다. 메리츠금융지주도 7000억원 수준의 자사주 소각을 진행할 예정이며 KT와 KT&G는 2500억원, 5339억원의 자사주를 소각한다. 향후에도 자사주 소각 흐름은 이어질 전망이다. 주주총회 시즌을 앞두고 기업들이 주주가치를 높이기 위한 주주환원 정책을 연이어 내놓고 있어서다. 특히 자사주 비율이 높아 자사주 소각 의무화가 도입될 경우 소각을 해야 하는 기업이나 현금 보유량이 많고 주주환원에 적극적인 기업 등의 움직임에 주목하고 있다. 실제 자사주 비중이 높은 기업들의 최근 1개월 수익률이 시장 수익률 대비 높았던 것으로 나타났다. 자사주 비중이 20% 이상인 기업 1개월 평균 수익률은 20%에 육박해 시장 수익률 15% 수준을 웃돌았다. 이정빈 신한투자증권 연구원은 ""코스피 자사주 보유 20% 이상 기업의 동일가중 수익률은 지수대비 뚜렷한 아웃퍼폼을 기록했다""며 ""상법 개정 기대에 대한 소각 가능성 프리미엄이 단기적으로 주가에 반영되고 있다는 의미""라고 했다. 시가총액 1조원 이상 종목 중 전체 주식 수 대비 자기주식 비율이 20%가 넘는 종목으로는 신영증권(자사주 비율 53.1%), SNT다이내믹스(32.7%), 대웅(29.7%), 한샘(29.5%), 롯데지주(27.5%), 미래에셋생명(26.3%), SK(24.8%), 대신증권(24.3%), 미래에셋증권(23.1%) 등으로 나타났다.",False
16,2026-02-25,"'6000' 넘은 코스피, 어디까지 갈까… '개인·외국인' 동향 살펴라",https://n.news.naver.com/mnews/article/417/0001131461,"[코스피 6000, 새로운 시작점]②코스피, 향후 상승여력은 개인·외인·기관 수급이 변수개인이 끌고 외국인 밀고, 기관이 받친다 코스피가 6000선을 돌파하며 사상 최고치를 기록한 데 대해 증권가에서는 앞으로도 상승 추세는 유효하다는 분석을 내놨다. 25일 주요 증권사 리서치센터장들은 현재 상황에서 개인 투자자를 상승장의 핵심 축으로 평가했다. 개인 자금이 시장 상승을 견인하고 있는 상황에서 외국인의 자금까지 가세할 경우 상승 탄력이 더욱 확대될 수 있다는 분석이다.박희찬 미래에셋증권 리서치센터장은 ""정부의 친시장적 정책 기조와 주식시장으로 머니무브 등이 우호적인 환경을 조성하고 있는 상황에서 개인 자금이 주식시장으로 올라오는 머니무브 양상은 좀 더 이어질 것""이라고 말했다.양지환 대신증권 리서치센터장은 ""국내 시장은 개인 투자자들의 유동성이 풍부한 상황""이라며 ""정부 증시 부양 정책 드라이브와 부동산 규제 강화에 힙입어 국내 유동성이 증시로 이동 중""이라고 했다. 이어 ""개인 투자자들은 향후에도 순매수를 이어갈 전망""이라고 봤다.외국인 투자자들의 지속적인 유동성 공급도 기대된다. 김동원 KB증권 리서치센터장은 ""이번 랠리는 한국 증시의 상대적 저평가 매력이 외국인 자금 유입의 배경으로 작용했다""며 ""향후에도 외국인의 방향성이 중요 변수""라고 짚었다.윤창용 신한투자증권 리서치센터장은 ""작년 상반기까지 30% 초반대를 횡보하던 코스피 외국인 지분율은 올해 30% 후반대까지 상승했다""고 설명했다. 사진은 25일 서울 여의도 한국거래소 전광판. /사진=이동영 기자 향후 기관 투자자의 방향성도 주목된다. 시장 변동성 구간에서 완충 역할을 하며 업종별 선택과 집중 매매를 통해 지수 방향성과 주도주 흐름을 동시에 좌우할 수 있기 때문이다.기관 투자자는 공격적 매수보다 선별 대응이 예상된다. 신중호 LS증권 리서치센터장은 ""개인 ETF 순매수로 인한 금융투자의 순매수 지속과 연기금의 완만한 자금 투입 가능성이 예상된다""고 했다.이형종 키움증권 리서치센터장 또한 ""개인 ETF 수급의 금융투자를 중심으로 순매수가 지속될 전망""이라고 말했다.양지환 대신증권 리서치센터장은 ""기관은 펀드 자금 유입이 제한적이고 연기금 국내주식 비중이 높은 상황이라 업종별 선택과 집중 전략을 구사할 가능성이 높다""며 ""이는 주도주 강세와 순환매 장세를 동시에 만들 수 있다""고 분석했다.━변동성 대응, 주도주 중심 분산투자 ━개인, 외국인, 기관의 수급 요인과 더불어 전문가들은 향후 변동 요인으로 미국 고용지표와FOMC 등 매크로 이벤트와 기업 실적 발표를 꼽았다. 이진우 메리츠증권 리서치 센터장은 ""AI 관련 기업 비용 압력 등으로 미국 증시 센티먼트가 약화되며 외국인 자금이 빠진 측면이 있다""며 ""모멘텀 재개는 미국 증시 심리 개선과 외국인 자금 유입이 선행돼야 한다""고 말했다.이에 센터장들은 장기 관점의 중요성을 강조했다. 조수홍 NH투자증권 리서치센터장은 ""지수가 구조적으로 상승하려면 한국 주식이 장기적으로 꾸준한 수익을 낼 수 있다는 신뢰가 형성돼야 한다""며 ""신뢰가 쌓이면 장기 자금이 유입되고 변동성이 낮아지며 멀티플 상승으로 이어지는 선순환이 만들어진다""고 말했다.주도주 중심의 분산투자 중요성도 언급했다. 이형종 키움증권 리서치센터장은 ""매크로 이벤트를 치르는 과정에서 발생하는 변동성을 반도체 뿐만 아니라 방산과 금융 등 기존 주도주들에 대한 비중확대로 접근해야한다""고 밝혔다.신중호 LS증권 리서치센터장은 ""반도체와 전력 기계, 원전, 조선, 방산 등의 주도주 플레이가 유효할 전망""이라고 했다.",False
17,2026-02-25,"MBK, 홈플러스 1000억 선투입 ‘배수진’…메리츠 ‘묵묵부답’[마켓인]",https://n.news.naver.com/mnews/article/018/0006224567,"회생계획안 가결 시한 오는 3월 4일MBK파트너스, 1000억 선제 투입 확정메리츠·산은, DIP 대출 관련 요지부동바닥난 운영자금…10만 고용 ‘풍전등화’이 기사는 2026년02월25일 15시27분에 마켓인 프리미엄 콘텐츠로 선공개 되었습니다.[이데일리 마켓in 허지은 기자] 홈플러스 회생의 골든타임이 단 일주일 앞으로 다가온 가운데, 대주주인 MBK파트너스가 긴급 운영자금(DIP)을 지원 규모를 두 배로 늘리는 승부수를 던졌다. 이제 공은 최대 채권자인 메리츠금융과 산업은행으로 넘어갔지만, 이들이 DIP 대출 참여를 두고 침묵을 지키면서 홈플러스의 청산 위기는 현실화하는 모양새다. [나노 바나나(Nano Banana)를 활용한 이미지]법원, 이르면 이번 주 ‘폐지 여부’ 결정25일 투자은행(IB) 업계에 따르면 MBK파트너스는 홈플러스의 회생에 필요한 전체 DIP 자금 3000억원 중 1000억원을 우선 직접 부담하기로 확정했다. 특히 MBK는 회생절차가 연장될 경우 1000억원을 추가 대출해 총 2000억 원을 제공하겠다는 파격적인 제안을 내놨다. 당초 회생계획안은 MBK와 메리츠, 산은이 각각 1000억원씩 분담하는 구조였다. 하지만 채권단과의 합의가 사실상 결렬 위기에 처하자 MBK가 분담 몫을 두 배로 늘리며 단독 지원으로 가닥을 잡은 것이다. 대주주로서 할 수 있는 최후의 수단까지 동원해 법원에 회생 의지를 피력한 것으로 풀이된다. 법원이 정한 가결 시한은 오는 3월 4일이다. 홈플러스는 지난해 3월 4일부터 회생 절차를 개시했다. 채무자회생법상 개시일로부터 1년 이내에 회생계획안이 가결되지 않으면 법적 청산은 피할 수 없다. 법원은 이미 이해관계자들을 대상으로 의견 조회를 마쳤으며, 이르면 이번 주 내로 홈플러스 회생계획안의 폐지 여부를 결정할 전망이다. 시간이 촉박해지자 노동조합 역시 목소리를 높이고 있다. 노조는 현재 관리인인 김광일 MBK 부회장 대신 정책금융기관 측 관리인 선임을 요구하고 나섰다. 정책금융기관 주도의 관리 체제 하에서 구조조정을 단행하고, 회생절차 기간을 연장해 파국을 막아야 한다는 논리다. 메리츠의 자물쇠 행보…“방관자적 태도”하지만 키를 쥐고 있는 메리츠금융은 여전히 묵묵부답이다. 메리츠는 DIP 금융 지원 조건으로 고도의 담보 가치와 우선순위 확보를 요구하며 소통 창구를 닫아걸고 있다. 업계 일각에선 “대주주가 선제적으로 자금을 태우겠다는데도 담보권 챙기기에만 몰두하며 시간을 끄는 것은 사실상 홈플러스를 청산으로 내모는 방관자적 태도”라는 비판도 나온다. 이러한 행태는 과거 사례와 대조적이다. 지난 2016년 STX조선해양 법정관리 당시, 채권단은 기업의 계속 가치를 위해 DIP 금융 지원에 전향적으로 나섰고, 이는 현재의 케이조선으로 부활하는 밑거름이 됐다. 반면 메리츠의 비협조는 국책은행인 산은마저 움직이지 못하게 만드는 병목 현상의 근원이 되고 있다. 메리츠의 침묵이 계속될 경우 법원이 노조의 요구대로 ‘제3자 관리인 선임’을 통해 강제 돌파구를 찾거나, 끝내 회생 절차를 폐지할 가능성이 크다. 10만명에 달하는 고용 인원과 협력사의 생존권이 달린 만큼, 법원이 금융권의 이기주의에 밀려 마냥 기다려주지는 않을 것이라는 관측이다. 업계 관계자는 “MBK가 단독 지원이라는 극약처방까지 내놓은 상황에서, 이제부터 발생하는 파국의 책임은 회생의 문을 끝까지 걸어 잠근 메리츠와 산은에게 향할 수 있다”고 꼬집었다.",False
18,2026-02-25,코스피 마침내 6000 고지…시총 5000조 열렸다,https://n.news.naver.com/mnews/article/469/0000916272,"코스피 5000 한 달 만에 1000포인트 ↑올해만 44% 뛰며 시총도 1460조 불어나삼전·하이닉스 주도 속 10개 중 8개 종목 상승""코스피 전 세계 대장주 지위, 7000 전망 속속"" 코스피 지수가 장 시작과 함께 6000포인트를 돌파한 25일 서울 중구 하나은행 본점 딜링룸 전광판 앞에서 직원들이 기뻐하고 있다. 윤기훈 인턴기자코스피 지수가 사상 처음으로 6,000 고지를 밟았다. 지난해 10월 4,000, 올해 1월 5,000을 넘은 뒤 불과 한 달여 만에 1,000포인트를 더 끌어올렸다. 46년 한국 증시 역사상 가장 가파른 상승 속도다. 25일 한국거래소에 따르면, 코스피는 전 거래일보다 1.91% 오른 6,083.86에 거래를 마치며 종가 기준으로 5거래일 연속 사상 최고치를 갈아치웠다. 연일 급등한 데 따른 차익 실현 압력도 적지 않았다. 그러나 간밤 인공지능(AI) 확산에 따른 산업 재편 우려가 다소 진정되며 미국 증시가 반등에 성공하자, 그 온기를 이어받은 코스피는 개장과 동시에 '6,000선'을 넘어섰다. 이어 상승 폭을 키우며 장중 6,144.71까지 치솟았다. 코스피에 이어 코스닥도 0.02% 오른 1,165.24로 마감하며 종가 기준 사상 최고치를 경신했다. 한국시간으로 26일 새벽 예정된 엔비디아 실적 발표 기대감 속에 삼성전자(20만3,500원)와 SK하이닉스(101만8,000원)는 각각 1.75%와 1.29% 오르며 전날에 이어 신고가 랠리를 이어갔다. 현대차그룹의 로봇 계열사 보스턴다이내믹스의 기업공개(IPO) 기대감 등으로 기아(12.7%), 현대차(9.1%) 등도 급등했다. 미래에셋증권(8.64%)의 역대 최대 규모의 주주환원 진행 소식에 증권주도 동반 강세를 보였다. 이날 코스피는 개인과 기관투자자가 각각 2,247억 원과 8,808억 원을 쓸어담으며 지수 상승을 이끌었다. 반면 외국인투자자는 1조2,863억 원을 순매도하며, 6거래일 연속 매도 우위를 보였다. 외국인의 올해 누적 순매도 규모만 10조 원에 달한다. 다만 외국인 매도 물량 상당 부분이 반도체(-15조 원), 자동차(-6조 원) 등 올해 급등한 대형 업종에 국한된 점을 감안하면, 전면적인 '셀 코리아'라기보다는 차익 실현 성격이 강하다는 분석이 나온다. 'AI 인프라' 최대 수혜주로 꼽히는 삼성전자와 SK하이닉스 주도의 랠리 속에 조선·방산·로봇으로 메기 효과가 확산하면서 코스피는 올해 들어서만 44% 급등했다. 지난해에 이어 올해도 주요국 증시 가운데 가장 높은 상승률이다. 이날 기준 코스피 상장 950개 종목 가운데 올해 들어 상승한 종목은 758개로 79%에 달했다. 이 중 50% 이상 급등한 종목은 87개, 20% 이상 오른 종목도 333개에 이른다. 종목 전반이 고르게 오르면서 코스피 시가총액은 연초 3,558조 원에서 5,018조 원으로 1,460조 원 불어났다. 다만 전체 시총 가운데 삼성전자(1,204조 원)와 SK하이닉스(725조 원)가 차지하는 비중은 38.3%(1,929조 원)로, 여전히 '빅2' 쏠림 현상은 뚜렷하다. 한지영 키움증권 연구원은 ""코스피는 관세 불확실성 등과 같은 미국발 역풍 속에서도 실적 기대감, 낮은 밸류에이션, 3차 상법 개정 등 고유의 상방 요인에 힘입어 전 세계 대장주 지위를 유지하고 있다""고 평가했다. 기업 이익 전망이 빠르게 상향되면서 증권가에선 코스피 목표 지수를 7,000선 이상으로 속속 높여 잡고 있다.",False
19,2026-02-25,코스피 PBR 2배 시대…증권가 꼽은 저평가 업종은,https://n.news.naver.com/mnews/article/015/0005255124,"db유가증권시장(코스피) 평균 주가순자산비율(PBR)이 2배 수준으로 올랐다. 금융투자업계에선 아직 수익성에 비해 주가가 저평가 상태인 섹터를 눈여겨보라는 조언이 나온다. 25일 메리츠증권에 따르면 전날 코스피의 PBR은 1.91배로 작년 2월(0.89배)의 두 배 이상이 됐다. PBR은 기업의 시가총액을 순자산으로 나눈 가치다. 1을 넘지 못한다면 주가가 그 기업의 장부상 자산 가치를 밑도는 저평가 상태라는 의미다. 섹터별로는 기계(5.03배), 조선(3.73배), 반도체(2.25배) 등이 12개월 선행 기준 PBR이 높은 것으로 나타났다. 주가는 지난 실적이 아니라 앞으로 벌어들일 이익을 선반영하는 경향이 큰 만큼 향후 주가 향배를 따질 땐 12개월 선행 PBR을 주로 고려한다. 금융투자업계는 수익성 대비 저평가 업종으로 증권, 건설, 은행, 자동차, 유틸리티 등을 꼽고 있다. 증권업종은 12개월 선행 PBR이 1.66배로 코스피 평균을 밑돈다. 올들어 자사주 비율이 높은 일부 증권사 등의 상승세가 컸했지만 업종 전반으로는 여전히 저평가 상태에 가깝다는 분석이다. 국내 10대 증권사의 지난해 당기순이익은 9조112억원으로 전년 대비 43.1% 급증했다. 건설(0.9배), 자동차(0.86배), 은행(0.81배), 유틸리티(0.71배) 등은 각각 12개월 선행 PBR이 1배 미만이다. 이중 자동차업종은 주요 기업들의 수출 호조와 신사업 재평가 기대감을 받고 있다. 산업통상자원부에 따르면 지난달 국내 자동차 수출액 규모는 60억7000만달러로 역대 1월 중 두번째로 높은 기록을 세웠다. 일부 업종에선 섹터 내에서도 PBR이 상대적으로 낮은 기업들의 주가가 더 오르는 ‘키맞추기’ 현상도 나타나고 있다. 최정욱 하나증권 연구원은 “은행주는 과거 대비 PBR이 상당폭 상승했지만, 여전히 국내 금융업권의 증권주나 글로벌 금융주 대비 저평가 상태”라며 “이중에서도 지난 한달간 기업은행, iM금융 등 섹터 내 저(低)PBR주 주가가 유독 상승세를 탔다”고 설명했다. 전문가들은 단순히 PBR이 낮다는 이유만으로 투자에 나서는 전략은 위험하다고 조언한다. 업황이나 주요 기업 성장세가 정체된 까닭에 자산 가치에 비해 주가가 낮은 현상이 이어지고 있을 공산이 커서다. 12개월 선행 PBR이 0.48배인 철강, 0.96배인 화학업종 등이 대표적이다.석유화학업계는 대규모 사업 구조조정을 추진하고 있다. 철강업계는 국내 수요가 부진한 와중 중국과 일본의 저가 물량 공세에 고전하고 있다. 허재환 유진투자증권 연구원은 “코스피 PBR이 두 배에 가까워지면서 일부 업종은 주가 상승 여력에 한계가 드러날 수 있다”며 “기업들의 수익성과 주가를 동시에 고려해 투자해야 한다”고 조언했다.",False
20,2026-02-25,"고공행진 코스피, '오천피' 한 달 만에 6000마저 넘었다",https://n.news.naver.com/mnews/article/417/0001131458,"[코스피 6000, 새로운 시작점]①리서치센터장들 ""기업 실적과 정부 정책이 증시에 힘 실어… 상승 여력 여전히 충분"" 코스피가 5000 돌파 한 달 만에 6000선도 돌파했다. 사진은 이날 개장 시황이 표시되는 여의도 한국거래소 전광판. /사진=염윤경 기자 코스피가 5000선 돌파 한 달 만에 '6000'마저 넘어서며 새 역사를 썼다. 25일 한국거래소에 따르면 이날 코스피는 전 거래일 대비 1.91% 상승한 6083.86에 마감했다. 장 초반부터 거세게 말아 올린 코스피는 개장하자마자 6000선을 뛰어넘었다. 이날 코스피는 전날보다 0.88% 오른 6022.70으로 개장했다. 이후 힘을 받은 코스피는 점심쯤 6100선까지 돌파해 장중 최고치인 6144.71을 썼다. 이후 다소 내린 6080선에서 마감했다.코스피 지수 상승엔 탄력이 붙었다. 장중 기준으로 5000을 넘은 1월22일 이후 1000포인트가 오르는 데 걸린 시간은 불과 한 달이다. 종가 기준으로는 1월27일 5084.85 이후 18거래일만에 6000선까지 도달한 것이다. 이 기간 코스피는 999.01포인트 올라 19.65%의 상승률을 기록했다.3000선에서 4000선까지 오르는데 4개월, 4000선에서 5000선까지 오르는 데 3개월이 걸린 것에 비하면 기간이 대폭 줄어들었다. 코스피는 2025년 6월20일 3021.84로 마감하며 3000선을 넘겼고 이후 10월27일 4042.83으로 종료하며 4000선을 넘었다.코스피 상승 추세가 예측보다 빨라지자 증권사들도 일제히 2026년 코스피 상단 상향 조정에 나섰다. KB증권은 2026년 상단으로 7000을 제시했으며 한국투자증권은 7250선을 설정했다. 키움증권과 신한투자증권은 7300을 제시했다. 메리츠증권은 6250선에서 6000선 중반대를 예측했으며 대신증권은 상반기에 6000선 후반 도달을 전망했다. LS증권은 6800선을 예상했다. 노무라증권은 보고서를 내고 코스피 상단으로 7500~8000을 제시하기도 했다. ━반도체 기업 실적 기대감·정부 주주가치 제고 정책이 코스피 6000 이끌어… ""아직도 상승 동력 충분""━ 전문가들은 반도체 기업을 중심으로 한 실적 기대감에 정부의 정책도 추가 상승 동력을 제공할 것이라 예측했다. 사진은 동행미디어 시대의 질의에 응한 10명의 증권사 리서치센터장. /사진=강지호 기자, 각 사 전문가들은 반도체 기업을 중심으로 한 실적 기대감에 더해 정부의 주주가치 제고 정책을 비롯한 주식시장 활성화 정책이 추가적인 상승 동력을 제공할 것이라 내다봤다.박희찬 미래에셋증권 리서치센터장은 ""기업 실적에 대한 기대치가 원체 좋은 상황이므로 강세가 이어질 가능성이 높다""면서 ""여기에 정부의 친시장 정책 기조와 주식시장으로의 머니 무브가 우호적인 환경을 계속 제공하고 있다""고 진단했다.양지환 대신증권 리서치센터장은 ""현재 코스피 강세는 전형적인 실적 장세이며 여기에 정부의 정책 모멘텀도 더해졌다""면서 ""1분기 실적 발표에서 추가적인 이익 상승이 기대되고 3차 상법개정안 통과 후 3월에 있을 주요 기업 주주총회에서 주주 친화 정책이 강화된다면 증시에 힘을 계속 실어줄 것""이라 예측했다.실제로 전날인 24일 코스피 대장주인 삼성전자는 20만원을 SK하이닉스는 100만원을 나란히 달성하며 상승세를 보였다. 같은 날 SK증권은 삼성전자의 목표가로 30만원을 SK하이닉스는 160만원을 제시했다. 코스피 6000을 돌파한 이날도 맥쿼리증권은 삼성전자의 목표 주가로 34만원을, SK하이닉스의 목표 주가로 170만원을 제시하며 전망치를 높였다. 그간 코스피 급등에도 불구하고 여전히 상승 여력이 충분하다는 관측도 있었다. 아직도 밸류에이션이 낮은 수준이기 때문에 더 오를 여지가 있다는 관측이다.이진우 메리츠증권 리서치센터장은 ""현재 코스피 랠리는 이익 추정치의 상향이 주도하고 있다""며 ""2026년 코스피 전체 추정 순이익 전망치는 연초 대비 121조원 증가한 440조원을 나타내며 전년 대비 97% 성장할 것으로 예측된다""고 설명했다. 이어 ""현재 여전히 이익 모멘텀은 견조하지만 밸류에이션은 낮으므로 상승 기조는 앞으로도 이어질 것으로 본다""고 덧붙였다.이형종 키움증권 리서치센터장은 ""현재 코스피의 PER(주가수익비율)은 역사적 평균치인 10배 초반에 불과해 여전히 밸류에이션 부담이 낮다""며 ""반도체 영업이익 전망이 상향 추세를 보이고 있어 증시 방향성은 계속 상승으로 잡고 가는 것이 적절할 것 같다""고 했다.윤창용 신한투자증권 리서치센터장 역시 ""지수 급등에도 불구하고 코스피의 12개월 선행 PER은 10배 내외이기 때문에 밸류 부담은 높지 않다""면서 ""실적 개선에 정부의 증시 부양 노력이 지속되고 있어 증시에 긍정적인 영향을 주고 있다""고 판단했다.낙관을 경계하는 시각도 있었다. 신중호 LS증권 리서치센터장은 상승세가 1분기까지는 이어지겠지만 2분기를 기점으로 둔화할 가능성이 있다고 지적했다. 그는 ""반도체의 상승세가 주가 상승을 이끌었지만 2분기를 기점으로 정점을 기록할 가능성이 있다""며 ""여기에 더해 연준의 기준금리 기대 축소 가능성도 우려 요소""라고 설명했다.",False
21,2026-02-24,20만전자·100만닉스 찍더니…'깜짝 전망' 내놓은 증권가 [종목+],https://n.news.naver.com/mnews/article/015/0005254728,"""반도체 슈퍼사이클 믿어라""…20만전자·100만닉스 현실로삼성전자·하이닉스 동반 최고가 경신메모리 공급난 심화로 이익 개선 기대올해 합산 '영업익 410조 시대' 전망'AI 산업 파괴론'의 수혜 관측도 제기 증권가 ""반도체 호황 장기화할 듯"" 사진=연합뉴스반도체 투톱인 삼성전자와 SK하이닉스 주가가 '20만전자'와 '100만닉스' 고지에 올랐다. 인공지능(AI)발 메모리 반도체 '슈퍼 사이클(장기 호황)'에 제대로 올라타 이익 개선 기대가 커지자 투자 자금이 몰리고 있다. 증권가에서는 메모리 공급난이 심화하면서 이번 호황이 과거보다 길고 강할 것으로 전망한다. 24일 한국거래소에 따르면 삼성전자는 이날 3.63% 오른 20만원으로 최고가를 새로 썼다. 7거래일 연속 상승세다. 지난해 10월27일 주가가 종가 기준 처음으로 10만원을 넘어선 이후 불과 4개월 만에 두 배로 뛰었다. SK하이닉스 역시 5.68% 상승한 100만5000원으로 최고가를 경신했다. 지난달 30일 90만원을 돌파한 이후 한 달 남짓 기간에 '100만닉스'를 달성했다. 이들의 합산 시가총액은 1900조원을 넘어섰다. 기관투자가가 이날 삼성전자를 7457억원어치 순매수해 주가를 끌어 올렸다. SK하이닉스의 경우 외국인과 기관이 각각 3235억원과 6548억원어치를 담았다. 이날 기관의 순매수 상위 1·2위 종목엔 삼성전자와 SK하이닉스가 나란히 이름을 올렸다.엔비디아가 오는 26일 실적 발표를 앞둔 가운데 메모리 가격 상승에 따른 실적 추정치 상향 조정 기대가 주가에 반영된 것으로 분석된다. 또한 최근 미국 증시를 짓누른 'AI 산업 파괴론'도 이들에겐 오히려 기회가 될 수 있다는 관측이 나오면서 개선된 투자심리가 이어졌다는 설명이다.이경민 대신증권 연구원은 ""반도체 업종은 AI로 인한 산업 파괴의 수혜주로 지목됐다""며 ""AI 효율성이 극대화될수록 이를 구동하기 위한 인프라에 대한 수요가 더욱 증가할 수밖에 없기 때문""이라고 짚었다.증권가에서 이들의 이익 추정치를 갈수록 높이는 점도 상승 동력으로 작용하는 모습이다. 삼성전자·SK하이닉스·마이크론 등 메모리 업체 3사가 AI 가속기에 필요한 고대역폭메모리(HBM) 생산능력에 집중하면서 범용 반도체 공급난이 심화해 D램과 낸드 가격이 거침없이 뛰고 있기 때문이다. 실제 PC D램의 연말 계약 가격 기준으로 DDR5와 DDR4는 각각 9.6%와 5.9% 추가 상향돼 2월 대비 28.3%와 18.3% 높게 형성되고 있다.글로벌 투자은행(IB) 골드만삭스는 올해 메모리 공급난이 심화할 것으로 판단한다. 골드만삭스는 최근 보고서를 통해 D램 총수요 대비 공급 부족 비중을 기존 3.3%에서 4.9%로 조정했다. 낸드 역시 2.5%에서 4.2%로 높였다. 골드만삭스는 ""올해 예상되는 D램 공급 부족은 지난 15년 내 가장 심각한 수준이 될 것""이라고 내다봤다.이 같은 상황 속 국내 증권가에서는 올해 삼성전자와 SK하이닉스의 연간 합산 영업이익 '410조원대 시대'가 열릴 것이란 전망도 나온다. 미래에셋증권은 삼성전자의 올해 영업이익을 전년보다 419.31% 폭증한 227조원, SK하이닉스는 292.21% 늘어난 185조원으로 추정한다. 이 증권사 김영건 연구원은 ""최근 빅테크(대형 기술기업)의 투자 확대로 현금흐름 부담에 대한 우려가 제기되고 있다""며 ""일부 투자가 축소되더라도 메모리 업황 둔화는 제한적일 것""이라고 판단했다. 이어 ""이연된 정보기술(IT) 세트 수요가 완충 역할을 할 가능성이 높기 때문""이라고 설명했다. 이영원 흥국증권 연구원은 ""HBM을 필두로 D램의 가파른 가격 상승은 한국 반도체 기업의 이익 전망을 빠르게 상향시키는 주된 원인""이라며 ""D램뿐 아니라 낸드로도 확산되는 메모리 반도체의 수급 불균형은 당분간 공급자 위주의 시장이 지속될 것을 예고한다""고 강조했다.",False
22,2026-02-24,"애프터마켓서도 '20만전자', '백만닉스' 강세 계속",https://n.news.naver.com/mnews/article/018/0006223920,"삼성전자·SK하이닉스, NXT 애프터마켓서도 상승 마감코스피 나흘 연속 사상 최고치…6000까지 30p[이데일리 안유리 기자] 코스피가 나흘 연속 사상 최고치로 마감한 가운데, 넥스트레이드(NXT) 애프터마켓에서도 반도체주 ‘투톱’ 삼성전자(005930)와 SK하이닉스(000660)의 강세가 이어졌다. 코스피가 사상 최고가를 경신한 24일 서울 중구 하나은행 딜링룸에서 직원이 업무를 보고 있다. (연합뉴스)24일 오후 8시 넥스트레이드 애프터마켓이 장마감한 가운데, 코스피 지수 상승을 견인한 삼성전자와 SK하이닉스 주가는 정규장 종가보다 상승했다. 삼성전자는 넥스트레이드 애프터마켓에서 종가 20만 1000원으로 마감했다. 전날 대비 4.15% 상승한 수치로, 코스피 정규 시장 종가 20만 원 대비 1000원 더 올랐다. 같은 시간 SK하이닉스는 넥스트레이드 애프터마켓에서 종가 100만 9000원을 기록했다. 전날 대비 6.10% 오른 수치로, 코스피 정규 시장 종가 100만 5000원 대비 4000원 더 상승했다. 넥스트레이드 정규 시장은 이날 KRX 종가 대비 0.43% 상승했으며, 기준가 대비 2.51% 올랐다.코스피, 6000까지 30p 남았다코스피는 반도체주의 강세 속에 6000선을 코앞에 두고 있다. 이날 전 거래일(5846.09)보다 123.55포인트(2.11%) 오른 5969.64에 마감하며 사상 최고치를 재차 경신했다. 개인이 2조2800억원, 외국인이 1800억원 순매도했지만 기관이 2조3700억원 순매수하며 지수를 끌어올렸다.일각에서는 단기 과열 우려가 나오고 있지만, 증권가에서는 상승 흐름이 유지될 것이라는 전망을 내고 있다. 키움증권은 이날 코스피 예상 상단을 6000에서 7300으로 상향 조정했다. DB증권도 이날 올해 코스피 예상 밴드(등락범위)를 5235~7044로 제시했다. 노무라증권은 전날 올해 상반기 코스피 목표치로 7500~8000을 제시했다. 앞서 JP모건과 씨티그룹도 코스피가 각각 7500, 7000까지 상승할 거라 전망했다.",False
23,2026-02-24,"“은퇴자금까지 탈탈 털어 넣습니다”…부동산서 국장으로, 개미들 ‘머니무브’",https://n.news.naver.com/mnews/article/009/0005641451,"코스피 상승랠리에…개미 국장으로외신들, 레버리지 상품 투자에 ‘주목’“상승장서 소외 느끼고 뒤늦게 투자”월가선 이미 코스피 목표치 7500P로 코스피가 종가 기준 최고치를 경신한 24일 서울 중구 우리은행 본점 딜링룸 전광판에 코스피 종가가 표시되어 있다. [한주형 기자]종합주가지수(코스피)가 5000피(5000포인트 돌파)에 이어 6000피 달성을 목전에 두자 외신에서도 관심이 뜨겁다. 일부 매체는 과거 부동산 투자에 매달리던 국내 투자자들이 여유자금을 상장지수펀드(ETF) 등에 공격적으로 투자하고 있다고 평가하기도 했다.최근 파이낸셜타임스(FT), 블룸버그 통신 등은 코스피의 상승 랠리가 이어지면서 더 많은 개인 투자자들이 국내 증시에 참여하고 있는 상황을 보도했다.FT는 “서울의 거리에서는 ETF 광고가 붙은 버스를 흔히 볼 수 있다”며 “사람들이 은퇴 자금을 ETF 투자 상품에 투자하도록 유도하는 모습”이라고 했다.특히 FT는 개인 투자자들이 특히 자산 가격 변동을 증폭시키는 레버리지 펀드로 몰려드는 현상에 주목했다. 실제 전체 ETF 상품 중 레버리지 상품이 차지하는 비중은 3.7%에 불과하지만 거래량은 올해 전체 ETF 거래에서 약 20%를 차지했다. 기사 이해를 돕기 위한 AI 이미지. [챗GPT]이러한 지표를 근거로 “정부의 강력한 (투자)장려에 힘입어 수년간 미국 주식에 투자하던 투자자들이 한국 주식시장에 급히 뛰어들고 있다”며 상승장에서 소외를 느낀 개인 투자자들이 뒤늦게 레버리지 투자에 나섰다고 설명하기도 했다. 그러면서 CLSA 증권 애널리스트의 말을 인용 “시장이 투기적으로(speculative) 변했다”고 덧붙였다.실제 한국거래소에 따르면 연 초 이후 개인투자자들은 국내 상장 주식을 6조3000억원(43억 달러)어치 순매수한 것으로 집계했다.이에 따라 월가도 코스피 상승에 장밋빛 전망을 내놓고 있다. JP모건은 추가 정부 개혁, 투자자 참여 강화, 메모리 칩·산업용 전망 개선을 이유로 코스피 목표치를 7500포인트로 상향 조정했다. 골드만삭스도 12개월 목표를 5700포인트로 높였다. 이재명 대통령(당시 더불어민주당 대선 후보)가 대선 기간 서울 서초구 서울고속버스터미널 광장에서 열린 서초구·강남구 유세에 참석해 코스피 상승 퍼포먼스를 선보이는 모습. [김호영 기자]이재명 정부의 주식시장 활성화 정책이 상승 랠리에 일부 영향을 미쳤다는 분석도 나온다. 부동산에서 주식으로 시선을 돌리고자 기업지배구조 개혁, 국내시장 복귀계좌(RIA) 제도 도입 등 다양한 정책을 펼친 결과 빠르게 공약 목표치인 5000포인트를 돌파했다는 평가다.블룸버그는 “집권 이후 (이재명 정부가) 모든 주주에게 공정한 경쟁 환경을 제공하고 이사회 책임성을 강화하는 규칙을 포함한 금융 개혁에 나서면서 세계 최대의 주식 랠리를 촉발하는 데 기여했다”고 보도했다.과거 자산 증식의 수단으로 부동산을 맹신해왔던 이들이 주식 시장으로 눈을 돌리고 있다는 분석이다.블룸버그는 피터 김 KB증권 글로벌 투자전략가의 말을 인용하면서 “(한국인들의) 금융 자산 내에서의 부동산 쏠림현상이 곧 반전될 것”이라며 “이것이 앞으로 10년간 한국에서 나타날 가장 심오한 흐름 중 하나”라고 짚었다.",False
24,2026-02-24,"“코스피, 이젠 고점이겠지?”…‘하락 베팅’ 자금 역대 최대치",https://n.news.naver.com/mnews/article/018/0006223907,"국내 증시 대차거래 잔액, 역대 최대동시에 공매도 순보유 잔고도 늘어증권가는 “상승 흐름 유지” 전망해[이데일리 권혜미 기자] 코스피가 6000선을 눈앞에 두고 있는 가운데, 주가 하락에 베팅하는 자금도 빠르게 늘고 있는 것으로 알려졌다.24일 금융투자협회, 뉴스1 등에 따르면 지난 20일 기준 국내 증시의 대차거래 잔액은 148조4755억원으로 역대 최대치를 기록했다. 일주일 만에 6조5000억원 가량 증가한 것으로, 지난해 말(110조 9929억 원)과 비교하면 두 달도 안 돼 40조 원 가까이 늘었다. 24일 서울 중구 하나은행 딜링룸에서 직원이 업무를 보고 있다.(사진=연합뉴스)대차거래 잔액은 외국인·기관 투자자가 공매도나 헤지 목적 등으로 주식을 빌린 뒤 아직 상환하지 않은 물량을 의미한다. 무차입 공매도가 허용되지 않는 국내 시장 특성상 대차거래 잔액은 향후 공매도 가능 물량을 가늠하는 선행 지표로 읽힌다.대차거래 잔액뿐 아니라 실제로 시장에 나온 공매도 물량도 함께 늘고 있다. 한국거래소에 따르면 공매도 순보유잔고는 가장 최근 집계치인 지난 13일 기준 14조5409억 원으로, 공매도 전면 재개 직후였던 지난해 3월 31일(3조 9156억 원)과 비교해 3배 이상 증가했다.공매도는 보유하지 않은 주식을 빌려 먼저 판 뒤, 주가가 하락하면 이를 다시 사들여 차익을 내는 투자 방식이다. 공매도 순보유 잔고는 빌린 주식을 매도한 뒤 아직 되갚지 않은 물량을 뜻하는데, 잔고가 늘어났다는 것은 향후 주가 하락에 베팅한 투자자들이 그만큼 많아졌다는 의미로 해석된다.상장지수펀드(ETF) 시장에서도 비슷한 흐름이 이어지고 있다. 같은 기간 코스피200선물지수 수익률을 역방향으로 2배 추종하는 KODEX 200선물인버스2X에도 1506억원의 자금이 몰렸다. 국내 상장 ETF 중 세 번째로 많은 순매수 규모다. KODEX인버스에도 545억원이 유입됐다.코스피에 하락 베팅이 이어진 것은 최근 한 달 새 지수가 1000포인트 가까이 급등한 데 따른 영향으로 풀이된다.코스피는 지난달 22일 5000선 돌파 한 달 만에 6000선을 눈앞에 뒀다. 24일 코스피는 전 거래일(5846.09)보다 123.55포인트(2.11%) 오른 5969.64에 마감했다.다만 단기 과열 우려에도 불구하고 증권가에서는 추세적인 상승 흐름이 유지될 것이라는 전망이 나오고 있다.키움증권은 이날 코스피 예상 상단을 6000에서 7300으로 상향 조정했다. 과거 강세장의 평균 상단이었던 선행 주가수익비율(PER) 12배를 적용한 결과다.DB증권도 이날 올해 코스피 예상 밴드(등락범위)를 5235~7044로 제시했다. 삼성전자와 SK하이닉스의 이익 전망치 상승에 따른 12개월 선행 주당순이익(EPS)의 폭발적인 상향 조정을 근거로 들었다.노무라증권은 전날 올해 상반기 코스피 목표치로 7500~8000을 제시했다. 앞서 JP모건과 씨티그룹도 코스피가 각각 7500, 7000까지 상승할 것이라는 전망을 내놨다.",False
25,2026-02-24,"""기대 이하 실적"" 평가에도…코스맥스 목표가 줄상향 이유 [종목+]",https://n.news.naver.com/mnews/article/015/0005254715,"코스맥스 보고서 낸 증권사 9곳 중 4곳 목표가 상향""작년 4분기 수익성은 기대 이하""""미국·중국 법인 실적 반등 기대"" 사진=한경DB화장품 제조업자개발생산(ODM) 기업 코스맥스의 작년 4분기 실적에 대해 증권사들이 ""기대에 못 미쳤다""는 평가를 내놨지만 되레 목표주가를 상향 조정한 사례가 줄을 이었다. 올해 미국과 중국에서의 실적이 크게 개선될 것으로 기대되면서다.24일 한국거래소에 따르면 코스맥스는 전일 대비 6300원(3.32%) 오른 19만6200원에 거래를 마쳤다. 장중엔 상승폭이 6.64%까지 커져 20만2500원에 장중 고가가 형성됐다.이날 이날 개장 전 작년 4분기 실적에 대한 리뷰(분석) 보고서를 내놓은 증권사 9곳 중 절반 가까이인 4곳이 목표주가를 상향하자 투자심리가 자극된 것으로 보인다. 다만 목표주가 상향 폭은 크지 않았다. NH투자증권은 23만원에서 24만원으로, 현대차증권은 23만원에서 25만원으로, DB증권은 22만원에서 24만원으로, 다올투자증권은 21만원에서 22만원으로 목표주가를 높였다.코스맥스는 지난해 4분기 연결 기준 매출 6010억원, 영업이익 409억원을 기록했다. 전년 동기 대비 매출과 영업이익이 각각 7.7%, 2.8% 증가했다. 영업이익은 실적 발표 직전 집계된 컨센서스(증권사 추정치 평균)인 392억원을 소폭 웃돌았다.다만 증권가에선 코스맥스의 작년 4분기 수익성이 기대 이하였다는 평가가 나왔다. 국내법인에서 대손상각비 환입분 61억원이 이익 규모를 키웠기 때문이다. 이를 제외하면 코스맥스는 예상치를 11%가량 밑돈 성적표를 받은 셈이다.정지윤 NH투자증권 연구원은 코스맥스의 국내법인 실적에 대해 ""하반기 두드러진 계절성과 일부 색조 품목 부진 등으로 밋밋한 매출 흐름을 보였다""며 ""매출채권 회수에 따른 대손상각비 환입분을 제외하면 영업이익률은 8.3%에 그친다""고 분석했다.해외 법인 중에서는 인도네시아와 태국 법인의 매출 규모가 전년 동기 대비 각각 18%, 12% 쪼그라든 점이 뼈아픈 대목으로 꼽힌다. 허제나 DB금융투자 연구원은 ""인도네시아와 태국 법인은 대내외 시장 환경 악화와 일부 품목의 출고 지연이 겹쳐 전년 동기 대비 매출이 역성장했다""고 설명했다.다만 증권가에서는 이 같은 수익성 부진 지적에도 코스맥스의 향후 주가 흐름을 긍정적으로 보고 있다. 핵심 해외 거점인 미국과 중국 법인의 실적 반등세가 뚜렷한 데다, 올해 예상 실적을 기준으로 볼 때 밸류에이션(실적 대비 주가 수준)이 매력적이라는 분석에서다.지난해 4분기 중국법인 매출은 전년 동기 대비 17% 증가했다. 분기 기준 매출이 4년 만에 1800억원대를 회복했다. 미국법인 역시 매출이 전년 동기 대비 24% 급증했고, 영업손실 규모는 20억원 안팎으로 대폭 축소됐다.권우정 교보증권 연구원은 ""중국 및 미국 법인이 상대적으로 선방한 실적을 기록했다""며 ""한국법인의 수익성 개선은 과제로 남았지만 코스맥스의 전체적인 성장 스토리는 유효하다""고 평가했다.",False
26,2026-02-24,"""엔비디아 실적 좋을 것…美증시 장기적 우상향""",https://n.news.naver.com/mnews/article/215/0001242905,"[와우퀵] 투자정보 플랫폼김남기 미래에셋자산운용 ETF부문 대표는 24일 한국경제TV에 출연해 ""엔비디아의 이번 실적은 잘 나올 가능성이 높다""며 ""이미 시장 기대치가 상당히 높아 결과 자체보다 가이던스와 젠슨 황 CEO의 발언을 시장이 어떻게 해석하느냐가 더 중요하다""고 말했다.김 대표는 ""최근 미국 증시는 한국과 비교하면 횡보하는 모습이지만, 지난 3년간 많이 오른 데 따른 가격 부담과 피로감이 나타나는 구간일 뿐""이라며 ""그럼에도 미국 증시가 장기적으로 계속 상승할 것이라는 점에는 의심이 없다""고 밝혔다.그러면서 ""올해는 미국 증시에 장기 투자하는 투자자 입장에선 수량을 차분히 모아갈 좋은 기회가 될 수 있다""며 ""국내 시장을 지키며 묵묵히 투자했던 투자자들이 시간이 지나 큰 수익을 거두는 것처럼, 미국 투자도 단기 등락에 일희일비하지 않고 일관된 전략을 유지하는 게 중요하다""고 조언했다.김 대표는 ""이제 국내 증시도 체질이 바뀌며 리레이팅이 진행되고 있고, 기업들이 제 값을 받는 시장으로 변하고 있다""며 ""장기적으로 미국 비중을 유지하되 국내 시장의 구조 변화와 밸류에이션 개선도 함께 감안해 한국 주식 비중을 병행하는 전략이 바람직하다""고 덧붙였다.● 핵심 포인트- 엔비디아 실적은 호조 가능성이 높지만, 결과 자체보다 가이던스와 CEO 발언에 대한 시장 해석이 주가 방향을 좌우할 수 있음.- 최근 미국 증시는 횡보 흐름이지만, 지난 3년간 상승에 따른 가격 부담과 피로감이 반영된 구간으로 평가됨.- 장기 투자 관점에서는 올해가 미국 주식을 단기 등락에 흔들리지 않고 분할로 모아갈 기회가 될 수 있다는 조언임.- 국내 증시도 구조 변화와 리레이팅이 진행 중인 만큼, 장기적으로 미국 비중을 유지하되 한국 주식 비중도 병행하는 전략이 거론함. ● 방송 원문<앵커>빅테크 이야기 해볼게요.최근에 디커플링 현상이 극명하게 나오면서 우리 시장 안에서 반도체는 잘 가고 오히려 엔비디아를 비롯해서 빅테크 기업들이 살짝 횡보하고 있습니다.엔비디아가 실적 발표를 앞두고 있는데 어떻게 예상하십니까? 역시나 콘퍼런스 콜에서 나올 젠슨 황의 발언과 가이던스를 면밀하게 봐야겠죠?<김남기 미래에셋자산운용 ETF부문 대표>실적은 잘 나올 가능성이 높다고 보고요. 문제는 시장의 기대치가 굉장히 높기 때문에 가이던스가 어떻게 나올 거냐 그리고 그 가이던스를 시장이 어떻게 판단할 거냐, 이게 가장 중요하다고 생각하고요.최근에 미국 증시가 한국 증시에 비하면 아주 횡보하는 모습을 보이고 있는데 지난 3년 동안 계속 올랐기 때문에 가격에 대한 부담감, 상승에 대한 피로감이 있는데 상대적으로 미국 증시 상승에 대한 전망은 미국 증시가 계속 상승할 거라는 점에서는 저는 개인적으로 의심할 여지가 없다.그리고 어떻게 생각하면 2026년이 미국 증시에 장기 투자하는 투자자에게는 수량을 모아갈 수 있는 굉장히 좋은 기회가 될 수 있다.작년 그리고 올해 국내 증시에서 크게 이익을 보신 분들은 저희가 2020년부터 S&P500 해서 많은 분들이 미국 장 투자하시고 직접 서학 개미로 나가서 투자하셨는데 그럴 때도 불구하고 국내 시장을 지키면서 뚝심 있게 투자하셨던 분들이 2025년, 2026년에 큰 수익을 거두고 계시잖아요.마찬가지로 미국 장에 투자하시는 분들도 지금 한국 장의 움직임에 일희일비하지 마시고 본인의 투자를 이어가면 좋겠다.대신 과거와 다르게 국내 증시가 체질이 바뀌어서 리레이팅되고 제값 받는 시대가 됐으니까 한국 장에 대한 투자도 해야 된다, 이런 말씀을 드리고 싶습니다.",False
27,2026-02-24,"'100만닉스' 달성?증권가는 ""160만원도 가능"" 왜?",https://n.news.naver.com/mnews/article/031/0001008013,"SK하이닉스가 24일 사상 처음으로 100만원을 돌파하며 '황제주'에 오른 가운데, 증권가에서는 주가가 더 오를 가능성이 높다고 기대했다. 160만원 목표주가도 나왔다. SK하이닉스 주가 상승 이미지 [사진=제미나이 AI 생성 이미지]24일 SK하이닉스는 전날보다 5.68%(5만4000원) 오른 100만5000원에 장을 마감하며 사상 최고가를 경신했다.1주당 가격이 100만원을 넘는 이른바 '황제주'에도 처음으로 등극했다.정규장 마감 후 애프터마켓 거래에서도 오후 7시38분 현재 100만6000원을 기록하며 100만원선을 유지하고 있다.SK하이닉스 주가가 최근 들어 가파르게 급등했지만, 증권가에서는 대부분 SK하이닉스 주가 상승 여력이 더 남았다고 보고 있다.이달 들어 제시된 증권사들의 SK하이닉스 목표주가는 110만원에서 160만원에 분포돼 있다.이날 SK하이닉스에 대한 목표주가를 160만원으로 상향한 한동희 SK증권 애널리스트는 ""한국 메모리의 재평가가 필요하다""며 ""세트 교체주기가 결정했던 수요는 이제 AI 시스템 운용 구조에서 비롯되기 때문""이라고 분석했다.한 애널리스트는 ""재평가는 시작도 하지 않았고 글로벌 AI 관련주에서 한국 메모리가 가장 저렴하다""고 강조했다.전날 목표주가를 154만원으로 올린 김영건 미래에셋증권 애널리스트는 ""이 목표주가는 메모리 업종의 올해 예상 주당순자산비율(PBR) 평균 4.1배를 적용한 것""이라며 ""최근 글로벌 메모리 전반 주가 상승에도 불구하고, 실적 전망치 상향도 동반됐다""고 설명했다.SK하이닉스의 올해 예상 자기자본이익률(ROE)이 80.9%로 업종 평균인 48.8%보다 압도적으로 높을 것으로 추정되기 때문에 이 같은 목표주가는 무리가 없다는 판단이다.목표주가를 145만원으로 상향한 김록호 하나증권 애널리스트는 ""당초 예상했던 것보다 D램 가격이 크게 상승하고 있어 SK하이닉스의 1분기 메모리 가격 가정을 상향 조정한다""며 "" 일부 고객들은 70~80% 이상의 가격 상승도 용인한다는 소식이 들린다""고 전했다.이를 반영해 SK하이닉스의 올 1분기 및 2분기 영업이익도 각각 27조2000억원, 38조1000억원으로 상향했다. 올해 영업이익은 158조원에 달할 것으로 전망했다.한편 이날 삼성전자 주가도 크게 올라 '20만전자'에 올랐다. 이날 삼성전자는 3.63% 오른 20만원으로 장을 마쳤다.",False
28,2026-02-24,"“스테이블코인 은행 독점?” 찌라시에 발칵…민주당 “패싱 아냐, 1주일 내 타협안 마련”",https://n.news.naver.com/mnews/article/009/0005641442,"24일 오후 “정책위가 금융위 요구 전면 수용” 찌라시에 업계·TF 내부 파열음 확산‘TF 패싱 논란’ 찌라시 확산에 긴급 진화…“타이밍이 생명, 3월 초 통합안 발의”최대 쟁점 ‘은행 51% 룰’·‘거래소 지분 제한’…안도걸 “타이밍이 핵심, 양보 통한 입법 최우선”완벽한 제도보단 ‘시장 불확실성 해소’ 방점…추가 2·3단계 입법으로 보완 시사 지난달 28일 열린 더불어민주당 디지털자산TF 회의 모습. [사진=안갑성 기자]가상자산 시장의 초미의 관심사인 ‘디지털자산기본법’ 제정을 두고 더불어민주당 내에서 파열음이 일고 있다는 논란이 불거진 가운데, 민주당 디지털자산 TF가 진화에 나섰다.완벽한 제도 구축보다는 ‘입법 속도’를 최우선 과제로 삼고, 금융당국의 규제안과 업계의 요구를 절충한 통합안을 3월 초까지 내놓겠다는 방침이다.24일 정치권과 가상자산 업계에 따르면, 이날 오후 여의도 증권가와 정치권 안팎에서는 “민주당 정책위가 금융위원회의 핵심 규제안을 전폭 수용하면서 디지털자산 TF가 ‘패싱’ 당했다”는 내용의 정보지(지라시)가 급속도로 확산했다.당초 TF는 혁신 기업의 시장 진입을 허용하는 등 진흥에 방점을 둔 법안을 준비해 왔으나, 정책위 논의 과정에서 △스테이블코인 발행의 은행 독점(51% 룰) △가상자산 거래소 대주주 지분율 제한 등 금융위의 강력한 규제 논리가 수용됐다는 것이 핵심이다.이로 인해 TF 실무진 사이에서 “이런 식이면 법을 만들지 않는 게 낫다”는 격앙된 반응이 나왔다는 구체적인 정황까지 돌며 시장의 불안감을 키웠다.논란이 확산하자 민주당 디지털자산 TF 소속 이정문, 안도걸 의원은 이날 오후 6시경 백브리핑을 열고 사태 진화에 나섰다. 이들은 정책위의 ‘TF 패싱’ 논란에 대해 선을 그으면서도, 금융당국과의 절충안 마련이 불가피하다는 점을 공식화했다.이정문 의원은 “당에는 다양한 정책 루트가 있고, 정책위는 청와대 정책실과 금융위, 한국은행 등 정부 측 입장을 조율하는 역할을 하다 보니 정부안을 받아들이는 형태가 나타날 수 있다”며 “아직 최종 결정된 것은 없으며, 어떤 안이 최상인지 논의하는 과정”이라고 해명했다.특히 논란의 중심에 선 ‘스테이블코인 은행 51% 룰’과 ‘거래소 대주주 지분 제한’에 대해 TF는 시장의 우려를 인지하고 있으나, 현실적인 입법을 위해 타협이 필요하다는 입장을 분명히 했다.안도걸 의원은 “완벽한 제도를 만드는 것도 중요하지만, 지금은 ‘타이밍’이 가장 중요하다”며 “이번 법안으로 모든 것이 완결되는 것이 아니라 향후 2단계, 3단계 추가 입법이 계속될 것인 만큼, 평행선을 달리기보다 각계 입장을 반영해 빨리 첫발을 떼는 것이 중요하다”고 강조했다. ‘혁신’이라는 명분만을 고집하다 기본법 자체가 표류하는 사태를 막겠다는 의지로 풀이된다.이에 따라 TF는 향후 일주일간 자문위원과 업계의 의견을 취합해 기존 TF 법안을 수정하는 작업에 돌입한다. 안 의원은 “업계와 금융당국이 상호 합의할 수 있는 절충안을 TF 주관으로 작업할 것”이라며 “3월 초에는 당국과 업계의 안이 모두 포함된 통합안이 윤곽을 드러낼 것”이라고 밝혔다.법안의 최종 발의 주체와 관련해서는 당 정책위 차원이 될지, TF 자체 발의가 될지 아직 당정 간 조율이 남아있는 상태다. 다만, 내용적으로 정부와 업계의 의견이 단일화되어 입법 불확실성을 해소하는 데 초점이 맞춰질 전망이다.한 가상자산 업계 관계자는 “기본법 제정의 불확실성이 걷히는 것은 긍정적이지만, 산업 진흥을 외치던 당초 기조가 금융위의 보수적인 잣대에 묻혀버린다면 국내 디지털자산 생태계의 경쟁력 저하로 이어질 수 있다”며 우려를 표했다.",False
29,2026-02-24,"미래에셋증권, 4600억원 규모 배당 결정",https://n.news.naver.com/mnews/article/009/0005641439,"현금배당 1744억·주식배당 2909억억 미래에셋증권 본사 전경. [미래에셋증권]미래에셋증권이 24일 4600억원 규모의 배당을 결정했다. 지난해 말 소각한 금액까지 합하면 역대 최대 수준인 6354억원의 주주환원을 진행하는 것이다.미래에셋증권은 이날 이사회를 열고 현금 및 주식 배당, 자사주 소각, 신임 사외이사 선임 등을 결의했다. 결정된 배당총액은 현금배당 약 1744억원(보통주 기준 300원), 주식배당 약 2909억원(보통주 기준 500원 상당 주식)으로 총 4653억원이다. 이는 이사회 전일 종가 기준으로 지난해 현금 배당금액 1467억원 대비 세 배 이상 규모다. 배당 기준일은 다음달 17일이다. 현금 및 주식 배당은 다음달 24일 정기주주총회 승인 후 1개월 이내 지급할 계획이다.자사주 소각은 보통주 약 1177만주, 2우선주 약 18만주를 대상으로 진행한다. 지난해 11월 보통주 및 우선주 약 405만주 등을 소각한 금액까지 합산하면 약 1701억원 규모다. 이에 따라 2025 사업연도 총 주주환원 규모는 약 6354억원으로, 당기순이익 약 1조5000억원을 감안했을 때 주주환원 성향은 약 40%다.이날 이사회에서는 신규 사외이사로 안수현 사외이사(감사위원)를 선임하는 안건도 결의했다. 안수현 사외이사 후보자는 현재 한국외국어대학교 법학전문대학원 원장으로, 금융감독원 소비자부문 위원, 디지털자산보호재단 비상임이사 등으로 활동 중인 법률·금융소비자보호 전문가다.임직원 책임경영 강화 및 주주 이익 일치를 도모하고자 임직원 주식보상을 위한 자사주 처분안도 결의했다. 보통주 약 20만주를 주요 직책자 등에게 교부할 예정이다. 이외에도 상법 개정에 맞춰 회사 정관을 법령 체계에 맞춰 정비하는 안건도 가결했다. 사외이사 명칭을 독립이사로 변경하고, 전자주주총회 제도를 도입하는 내용 등이 포함됐다.미래에셋증권 관계자는 “당사는 실적에 맞춰 배당 규모를 역대 최대로 확대하는 한편, 실적의 약 30%가 미실현이익이라는 점과 자본효율성을 제고하는 차원에서 현금배당과 주식배당을 병행했다”며 “보통주 약 1177만주와 우선주 약 18만주의 자사주 소각도 함께 진행해 총 발행주식 수는 감소시킬 것이며, 자기자본은 지속적으로 확충하고 상황에 맞는 주주환원정책으로 글로벌 금융그룹으로 성장할 것”이라고 말했다.",False
30,2026-02-24,거침없는 코스피 6천도 30p 남았다…백만닉스·20만전자 동시 달성,https://n.news.naver.com/mnews/article/057/0001936804,"【 앵커멘트 】 코스피는 또 사상 최고치를 경신하며 6천 턱밑까지 올라왔습니다. 뉴욕증시 하락 영향에도 굴하지 않고 강한 흐름을 이어간 건데요. 시총 1, 2위인 삼성전자는 20만, SK하이닉스는 백만 원에 마침내 도달했습니다. 강서영 기자입니다.【 기자 】 나흘 연속 상승하며 또다시 최고치를 경신한 코스피 종가입니다. 5853으로 출발해 장 초반 5700선까지 밀리기도 했지만 매수가 이어져 2.1% 오른 5969에 거래를 마쳤습니다. 개미들이 2조 원 넘는 차익 실현 매도 물량을 쏟아낸 반면, 기관투자자는 2조 3천억 넘게 사들여 지수를 끌어올렸습니다. 간밤 뉴욕증시는 트럼프 행정부의 관세 정책 불확실성과 AI 산업 불안 심리로 하락했지만, 코스피는 반도체 강세로 강한 흐름을 이어갔습니다.- ""▶ 인터뷰(☎) : 정해창 / 대신증권 연구원- ""오히려 그 AI의 인프라를 구성하는 반도체를 제조하는 한국이나 대만과 같은 국가들은 수혜를 볼 수 있다. 그런 부분들이 오늘 증시에서 반영이…."" 이에 따라 국내 반도체 대장주들의 가격은 역대급 신고가를 경신했습니다.▶ 스탠딩 : 강서영 / 기자- "" 보시는 것처럼 삼성전자 종가는 20만 원, SK하이닉스 1백만 원을 뛰어넘었습니다. 연말 연초와 비교하면 불과 두세 달여 만에 주가가 두 배 가까이 뛰어오른 셈입니다."" 반도체 업종의 실적 개선 기대를 바탕으로 증권가에선 삼성전자는 25만, SK하이닉스는 150만 원에 이를 것이란 전망을 잇따라 내놓고 있습니다. 다만, 단기간 역대급으로 급등한 만큼, 조정 가능성도 염두에 두고 투자에 유의해야 한다는 지적도 나옵니다. MBN뉴스 강서영입니다.영상취재 : 강두민 기자 영상편집 : 김미현 그래픽 : 정민정",False
31,2026-02-24,'블루아울 쇼크'에…국내 대체투자 비상,https://n.news.naver.com/mnews/article/018/0006223901,"[경고등 켜진 글로벌 사모대출] ①2.3조달러 사모대출 시장 거품 붕괴 우려연기금·공제회, 중위험 믿고 사모대출 집중“신중한 모니터링 필요” 자본시장 ‘긴장’이 기사는 2026년02월23일 19시09분에 마켓인 프리미엄 콘텐츠로 선공개 되었습니다.[이데일리 마켓in 허지은 기자] 글로벌 사모대출(Private Credit) 시장의 거물 블루아울캐피탈(Blue Owl Capital)이 흔들리면서 국내 금융권에 리먼 브라더스 사태의 트라우마가 되살아나고 있다. 고금리 속에서도 안전 자산으로 각광받으며 5년 만에 2배 이상 몸집을 불린 사모대출 시장에 유동성 경고등이 켜지면서다. 사모대출에 공격적으로 자금을 투입해 온 국내 연기금과 공제회 등 주요 기관투자자(LP)들의 리스크 관리에도 우려의 목소리가 커지고 있다. 23일 투자은행(IB) 업계에 따르면 지난 20일(이하 현지시간) 뉴욕증시에서 블루아울(OWL) 주가는 4.80%(0.54달러) 내린 10.81달러에 거래를 마쳤다. 블루아울이 지난 19일 2조 300억원 규모의 사모대출펀드 ‘OBDC II’ 펀드의 분기별 정기 환매(Tender Offer) 종료를 선언하면서 52주 신저가를 기록한 후, 이틀 연속으로 하락폭을 키운 것이다. 미국 상장 사모펀드가 펀드 환매를 멈추는 것은 이례적인 일이다. 과거 2008년 금융위기 당시 베어스턴스의 환매 중단 사태와 비슷하다는 분석도 나온다. 블루아울은 즉각적인 현금 확보를 위해 3개 크레딧 펀드에서 원금의 99.7% 수준에서 급매로 내놓으며 유동성 확보에 나섰다. 하지만 원금 회수조차 불투명해진 상황에서 시장은 이번 사태가 개별 펀드의 부실을 넘어 시스템 리스크로 확산될 가능성에 주목하고 있다. 5년 만에 2배 팽창한 사모대출…거품 붕괴하나 [그래픽=이데일리 김일환 기자]사모대출 시장은 지난 수년간 은행 규제 강화의 반사이익을 누리며 비은행 금융의 꽃으로 불려왔다. 시장조사업체 프리퀸(Preqin)에 따르면 글로벌 사모대출 시장 규모는 2020년 1조2000억달러(약 1732조원)에서 2025년 2조3000억달러(약 3321조원)로 5년 만에 두 배 가량 폭증했다. 국내 LP들은 ‘중위험 중수익’을 기대하며 이 시장에 대거 진입했다. 국민연금, 사학연금, 행정공제회 등 주요 기관들은 최근 사모대출팀을 신설하거나 확대 재편했고, 사모대출 비중을 20~40%까지 공격적으로 확대하는 로드맵을 가동 중이다. 하지만 이번 블루아울 사태는 안전하다고 믿었던 사모대출 자산이 유동성 위기 앞에서 급격히 무너질 수 있음을 증명했다는 평가다. 다만 현시점의 공포가 과도하다는 신중론도 존재한다. 이번 조치는 블루아울 플랫폼 전반의 신용위험 증가라기보다, 환매 압력이 지속되어 온 소규모 ‘레거시 BDC’의 운용 규모를 축소하고 자본을 반환하기 위한 개별 차원의 전략적 조정이라는 분석이다. 이영주 하나증권 연구원은 “이번 사태가 환매 트렌드를 자극해 시장 전반으로 확산될 지는 단정할 수 없다”면서도 “작은 불안도 조정의 계기가 될 수 있어 신중한 모니터링이 필요하다”고 밝혔다. MBK 지분 13% 보유…평판 리스크 전이 우려국내 시장이 더 긴장하는 이유는 블루아울이 국내 최대 사모펀드인 MBK파트너스의 지분 13%를 보유한 주요 주주이기 때문이다. 블루아울 산하 다이얼캐피탈(Dyal Capital)은 지난 2022년 약 1조4000억원을 들여 MBK 지분을 인수했다. 이후 다이얼캐피탈은 MBK에서 발생하는 성과보수와 관리보수 등 발생하는 현금흐름의 12.5%를 수령하고 있는 것으로 알려졌다. 그간 블루아울의 GP 스테이크(운용사 지분 투자) 행태는 우량 GP를 선별해 자본을 공급한다는 점에서 국내 LP들에게 사모펀드 시장의 신뢰도를 높여주는 지표로 작용해왔다. 그러나 블루아울 본체가 유동성 위기에 빠지면서 이러한 검증된 파트너로서의 위상에도 금이 갔다는 평가가 나온다. GP를 믿고 노후 자금을 맡겼던 국내 LP들의 투자 심리가 급격히 위축될 수 있다는 우려도 나온다. IB업계 관계자는 “블루아울은 국내 LP들이 가장 선호하던 사모대출 분야의 리딩 플레이어였다”며 “이번 사태로 글로벌 대체투자 포트폴리오 전반에 대한 재검토와 보수적인 리스크 관리가 불가피해졌다”고 설명했다.",False
32,2026-02-24,"韓 반도체마저 위협…中 첨단기술 굴기 10년, 무서운 질주",https://n.news.naver.com/mnews/article/018/0006223893,"로봇·전기차·배터리 中 앞서…AI반도체도 우위첨단산업 지형변화…한중 수직분업→수평경쟁“중국과 첨단산업 ‘경쟁적 협력’ 접근 필요해”[이데일리 정두리 기자] 중국이 로봇·전기차·배터리 등 미래 먹거리로 꼽히는 첨단 제조 분야에서 이미 한국을 앞지른 가운데, 한국의 주력 산업인 반도체마저 거세게 추격하고 있다는 분석이 나왔다. 특히 인공지능(AI) 반도체나 반도체 설계 플랫폼 등 비메모리 분야에서는 한국보다 오히려 앞서고 있다는 평가도 제기된다. 중국 휴머노이드 로봇.(사진=연합뉴스)24일 산업연구원(KIET)이 발표한 ‘첨단산업의 한·중 경쟁력 분석과 정책방향’ 보고서에 따르면 산업연구원이 실시한 전문가 설문조사 및 표적집단면접(FGI) 결과, 중국은 로봇, 전기차, 배터리, 자율주행 등 주요 첨단산업 밸류체인 전반에서 한국 대비 경쟁우위를 확보한 것으로 나타났다. [이데일리 김일환 기자]중국은 첨단산업 육성 10개년 정책인 ‘중국제조 2025’ 전략을 계기로 핵심 첨단 제조업에서 2015년 이후 폭발적인 성장을 이뤘다. 반도체를 제외한 대부분 품목은 국산화율이 애초 목표치를 상회할 정도로 생산·공급망·기술 생태계가 빠르게 고도화됐다.산업용 로봇의 경우 제품 개발·설계 능력에서는 한국이 근소하게 앞서지만, 핵심부품 국산화와 자체 공급망, 내수시장 규모를 토대로 조달·생산·해외시장 창출에서 중국이 앞서 종합 경쟁력은 중국이 훨씬 낫다는 분석이다.전기차와 배터리도 상황은 비슷하다. 중국은 전기차 보급률과 배터리 전(全) 공정 국산화에서 이미 ‘중국제조 2025’ 목표를 크게 웃도는 성과를 내며 친환경차 산업 전반에서 세계 선도 단계에 진입했다. 한국이 전기차 품질과 사후서비스, 해외시장 개척, 수소연료전지차(FCEV) 등 일부 분야에서 강점을 보유하고 있지만, 소재·부품 조달력, 완제품 생산능력, 내수시장 규모, 자율주행 기술 경쟁력에서는 중국이 확실한 우위를 점하고 있다는 평가다.더 큰 문제는 한국이 세계 최고 수준의 경쟁력을 유지하고 있는 반도체마저 중국의 추격이 심상치 않다는 점이다. 보고서는 “메모리와 파운드리 첨단 공정, 핵심 장비·소재 분야에서는 한국이 기술·품질 면에서 우위지만, 비메모리와 AI칩 설계, 후공정(패키징)에서는 중국이 기술·가격·인프라 측면에서 경쟁력을 키우고 있다”며 “종합 경쟁력은 양국이 대등한 수준”이라고 평가했다.표면적으로는 ‘대등’이지만, 내용을 들여다보면 한국의 강점은 메모리·선단 공정에 집중된 반면, 중국의 강점은 반도체 산업 생태계의 넓은 영역에 퍼져 있는 형태다. 특히 AI 반도체와 반도체 설계 플랫폼에선 이미 중국이 한국보다 압도적 우위라는 전문가 의견이 다수다. 중국은 미국의 제재로 첨단 장비와 일부 파운드리 공정에서 한계를 겪고 있지만 화웨이·바이두·알리바바·바이트댄스 등 빅테크를 중심으로 AI 반도체 설계 역량을 키우며 팹리스 생태계를 빠르게 구축해가고 있다. 이 과정에서 중국은 단순한 AI 모델 개발을 넘어 이를 효과적으로 구동할 수 있는 반도체칩과 시스템, 소프트웨어를 포괄하는 ‘중국식 AI 생태계’ 구축에 나서고 있다는 분석이다. 미국 제재가 첨단 공정 진입을 지연시키는 대신, 중국이 자체 생태계를 설계하는 계기가 되고 있다는 점도 주목할 대목이다.보고서는 한·중 산업 분업 구조가 과거 한국에서 중국으로의 수직적 분업 구조에서, 이제는 기능별·단계별로 분리된 수평적 경쟁 관계로 바뀌었다고 봤다. 그러면서 중국을 단순한 추격·경쟁 대상으로만 인식하기보다, 업종별 밸류체인을 면밀히 분석해 기술적 우위를 확보하는 동시에 중국 내 수요 발굴과 전략적 협력 방안도 모색해야 한다고 제언했다. 조은교 산업연구원 중국산업분석팀장은 “단순히 대중 수출 의존도를 낮추거나 적자 해소에 초점을 맞추는 전략으로는 중국 주도의 글로벌 공급망 재편에 대응하기 어렵다”며 “중국이 선점하려는 미래 생태계 안에서 우리의 자리를 어떻게 확보할지, 동시에 중국의 첨단산업·기술 생태계를 어떻게 활용할지를 ‘경쟁적 협력’ 접근이 필요하다”고 말했다.",False
33,2026-02-24,"디지털자산기본법 여당안, 또 지연…지분 규제 '불확실성'",https://n.news.naver.com/mnews/article/648/0000044724,"민주당 TF 자문위원단 비공개 회의""금융위 지분규제 입장 확고‥절충 필요"" 더불어민주당 디지털자산 TF가 24일 서울 여의도 국회에서 자문위원 회의를 열고 디지털자산기본법을 논의하고 있다./사진=백지현 기자여당이 가상자산 2단계 입법안 확정을 3월 초로 미뤘다. 당국과 업계 간 이견이 큰 쟁점사안인 대주주 지분 규제와 스테이블 코인 발행자격에 대한 내용을 재검토하면서다. 업계에서 민감해 하는 소유 분산에 관한 내용이 여전히 미궁에 빠져 거래소들의 인수합병 추진도 불확실성에 놓였다. 대주주 지분 규제 둘러싼 이견 여전더불어민주당 디지털자산 TF는 24일 오후 서울 여의도 국회의원회관에서 자문위원들과 비공개 회의를 열고 디지털자산기본법 입법안을 검토했다.당초 최종안이 이번 회의를 통해 나올 것으로 기대했지만 대주주 지분 규제와 스테이블 코인 발행자격 등 쟁점 사안에 다양한 의견이 나오면서 입법안을 확정짓지 못했다. 이에 따라 TF는 일주일 여의 시간을 갖고 검토한 뒤 절충안을 마련해 당 지도부에 제출할 방침이다. 이정문 TF 위원장은 회의 후 기자들과 만나 ""필리버스터 정국 중에 입법을 할지, 끝나고 할지 고민해봐야 한다""며 ""내부적으로 정리할 물리적 시간이 필요해 이번 주 중으로 결론을 내긴 어렵다""고 말했다. 안도걸 의원은 ""(이번 회의에서) 놓치고 있던 부분, 보완을 해야하는 부분이 발생해 TF 법안 내용의 수정이 필요하다""며 ""(두 가지 쟁점 사안에 대해) 자문위원들이 시장의 의견을 가감없이 전달해줬고 아이디어를 내준 분도 있었다""고 말했다. 그러면서 ""어느정도 결론이 나면 당 지도부와 논의할 것""이라고 덧붙였다. 최종안에선 쟁점 사안들이 아예 빠질 가능성도 염두에 뒀다. 안 의원은 ""이번 법안으로 완성이 되는 건 아니고 향후 시장의 변화가 있다면 2단계, 3단계 입법이 계속될 수 밖에없다""며 ""중요한 것은 빨리 제도화를 하는 것이고 타협이 필요한 시점이라는데 위원들도 동의했다""고 말했다. 이정문 위원장은 ""금융위원회와 각을 세워 우리 입장만 고집한다고 해서 입법이 되는 건 아니기 때문에 고민을 하고 있다""고 말했다. 앞서 금융위는 자본시장법상 대체거래소(ATS)와 같이 코인거래소의 대주주 지분도 15~20%로 제한하는 안을 제시한 바있다. 이에 대해 업계를 비롯해 야당과 여당 TF 자문위원회에서도 비합리적 규제라는 비판이 쏟아진 가운데 여당이 숙고에 들어갔다. 거래소 M&A 풍전등화결국 대주주 지분 규제가 법안이나 시행령을 통해 입법화될 불씨는 살아있다. 지난 23일에도 권대영 부위원장 주재로 업비트·빗썸·코인원·코빗·고팍스 등 5대 원화마켓 거래소와 디지털자산거래소공동협의체(DAXA)를 소집해 의견 수렴에 나서는 등 사실상 대주주 지분 규제를 정부안에 담는 것을 확정한 것으로 알려졌다.안 의원은 ""정부 입장은 확고한 건 맞다""며 ""금융당국 입장에선 혁신을 이뤄야하지만 예측가능하고 질서가있는 모양새로 갔으면 한다""고 말했다. 이어 ""혁신을 향한 방법론의 차이""라고 설명했다.최근 발생한 빗썸 사고가 규제 추진에 명분을 부여했다는 평가도 나온다. 빗썸이 이달 이벤트를 진행하다가 62조원 상당의 비트코인을 오지급하는 사고가 발생했는데 가장 큰 배경으로 내부통제 미흡이 꼽힌다. 이에 정치권에서는 대주주 지분규제를 비롯한 금융회사에 준하는 규제가 필요하다는 목소리가 나온다. 점유율에 따라 대주주 지분 규제 상한을 다르게 적용하는 차등규제도 또 하나의 완충안으로 검토되고 있다. 금융당국 관계자는 ""여당에서 나온 얘기인만큼 검토 대상""이라고 말했다. 이로인해 거래소들이 진행하는 인수합병(M&A) 진행상황도 타격이 불가피해졌다. 두나무는 네이버파이낸셜과 포괄적 주식교환을 통해 합병을 추진하고 있다. 포괄적 주식교환 절차를 완수하면 네이버파이낸셜은 두나무의 지분 100%를 보유하게 된다.코빗도 지배구조 개편을 진행하고 있다. 미래에셋컨설팅은 최근 코빗의 1대주주인 NXC(60.51%)와 2대주주인 SK스퀘어(31.55%)로부터 지분을 인수해 총 92.06%의 지분율로 최대주주에 등극할 것을 예고했다. 이보다 앞서 고팍스 운영사인 스트리미의 경우엔 임원 변경신고를 완료해 글로벌 가상자산거래소인 바이낸스가 67.45%를 가지고 있다. 그러나 이번 규제가 시행되면 이들 기관이 계획대로 지분을 보유하고 경영권을 휘두르는 것이 불가능해진다. 사실상 기관들이 지분 매입으로 기대한 사업적 시너지가 반감될 수밖에없다. 가상자산업계 관계자는 ""국내회사와 인수합병은 당국 신고가 필요한 사안인데 규제와 관련된 이슈가 있다보니 분위기를 살필 필요가 있다""고 말했다.",False
34,2026-02-24,퇴직연금 코스피로 대이동…주식 실적배당형에 65% 집중,https://n.news.naver.com/mnews/article/009/0005641431,주식 실적배당형에 65% 집중2년 만에 원리금보장형 추월사상 첫 20만전자·100만닉스5천피 한달 만에 6천피 ‘턱밑’ 코스피가 종가 기준 최고치를 또 한 번 경신한 24일 서울 중구 우리은행 본점 딜링룸 전광판에 코스피 종가가 표시되어 있다. [한주형 기자]코스피가 5000선을 돌파한 지 불과 한 달 만에 6000선 턱밑까지 다가섰다. 24일 코스피는 전일 대비 2.11% 오른 5969.64로 마감했다.시가총액 1위 삼성전자는 3.63% 오른 20만원으로 마감하며 역사상 처음으로 20만원 고지에 올랐다. SK하이닉스도 5.68% 오른 100만5000원을 기록하며 마침내 100만원 선을 돌파했다.이날도 주가 상승의 선봉에는 상장지수펀드(ETF) 자금이 자리했다. 개인과 외국인이 순매도에 나섰지만 금융투자 부문(증권사 등)은 코스피에서만 2조원 이상을 순매수했다. 올해 들어 금융투자에서만 15조원 규모의 순매수가 이뤄졌다. 이런 가운데 퇴직연금에서도 자금 유입이 지속되면서 코스피 질주의 지원군 역할을 하고 있다.지난해 하반기부터 국내 증시가 강세를 보이면서 ‘연금개미’들이 상승장 효과를 누리기 위해 원리금 보장 상품 대신 ETF 같은 실적배당형 상품 비중을 빠르게 늘리고 있는 것으로 나타났다.이날 매일경제가 미래에셋증권에 의뢰해 이 회사가 운영하는 퇴직연금(DC·IRP) 계좌를 분석한 결과 시장 수익률에 따라 성과가 달라지는 실적배당형 상품 비중은 지난달 말 65%까지 상승했다.반면 원리금 보장 상품의 투자 비중은 지난해 말 38.1%에서 35%로 낮아졌다. 불과 한 달 만에 3%포인트 이상 줄어든 셈이다. 2023년 말에는 60%에 육박했던 점을 감안하면 2년여 만에 절반 가까이 감소했다.미래에셋증권 관계자는 “새롭게 유입된 자금 대부분이 실적배당형 상품으로 유입되고 있다”고 설명했다.연금개미의 투자 패턴이 뒤바뀐 것은 시중금리와 연동되는 예금 보장 상품의 수익률이 연 2~3% 수준에 그치며 ETF 등 실적배당형 상품 수익률과 격차가 점점 벌어지고 있기 때문이다.미래에셋증권 퇴직연금계좌 내 ETF 투자 잔액은 2024년 말 8조1000억원에서 지난달 말 16조9600억원으로 1년 만에 2배 이상 늘었다. 퇴직연금 계좌를 통해서는 개별 주식에 직접 투자할 수 없기 때문에 ETF가 주식 투자 수요를 대체하고 있다.김진영 키움증권 연구원은 “퇴직연금은 DB형에서 DC형으로 전환되고 실적배당형 투자 비중이 증가하는 흐름이 가속화되고 있다”며 “퇴직연금 자금 유입이 국내 증시의 하방을 지지하는 요인 중 하나가 됐다”고 평가했다.,False
35,2026-02-24,"미래에셋證, 6354억어치 배당·자사주 소각…'역대 최대' 규모",https://n.news.naver.com/mnews/article/015/0005254703,"미래에셋증권은 역대 최대 규모인 약 6354억 원 수준의 주주환원을 진행한다고 24일 밝혔다.미래에셋증권은 이날 이사회를 열고 현금 및 주식 배당, 자사주 소각, 신임 사외이사 선임 등을 결의했다.결정된 배당총액은 현금배당 약 1744억 원(보통주 기준 300원), 주식배당 약 2909억 원(보통주 기준 500원 상당 주식)으로 총 4653억 원이다. 이는 이사회 전일 종가 기준으로, 지난해 현금 배당금액 1467억원 대비 3배 이상 규모다. 배당 기준일은 3월 17일이다. 현금 및 주식 배당은 3월 24일 정기주주총회 승인 후 1개월 이내 지급할 계획이다.자사주 소각은 보통주 약 1177만주, 2우선주 약 18만 주를 대상으로 진행한다. 지난해 11월 보통주 및 우선주 약 405만 주 등을 소각한 금액까지 합산하면 약 1701억 원 규모다. 이에 따라 2025 사업연도 총 주주환원 규모는 약 6354억원으로, 당기순이익 약 1.5조 원을 감안했을 때 주주환원 성향은 약 40%다.이날 이사회에서는 신규 사외이사로 안수현 사외이사(감사위원)를 선임하는 안건도 결의했다. 안수현 사외이사 후보자는 현재 한국외국어대학교 법학전문대학원 원장으로, 금융감독원 소비자부문 위원, 디지털자산보호재단 비상임이사 등으로 활동 중인 대표적인 법률·금융소비자보호 전문가다.또한 임직원 책임경영 강화 및 주주 이익 일치를 도모하고자 임직원 주식보상을 위한 자사주 처분안도 결의했다. 보통주 약 20만 주를 주요 직책자 등에게 교부할 예정이다.이외에도 상법 개정에 맞춰 회사 정관을 법령 체계에 맞춰 정비하는 안건도 가결했다. 사외이사 명칭을 독립이사로 변경하고, 전자주주총회 제도를 도입하며, 감사위원 선·해임 시 의결권 제한을 강화한 내용 등이 포함됐다.미래에셋증권 관계자는 “당사는 실적에 맞춰 배당 규모를 역대 최대로 확대하는 한편, 실적의 약 30%가 미실현이익이라는 점과 자본효율성을 제고하는 차원에서 현금배당과 주식배당을 병행했다”며 “보통주 약 1177만 주와 우선주 약 18만 주의 자사주 소각도 함께 진행해 총 발행주식 수는 감소시킬 것이며, 자기자본은 지속적으로 확충하고 상황에 맞는 주주환원정책으로 글로벌 금융그룹으로 성장할 것”이라고 말했다.",False
36,2026-02-24,"""투자 수익률 1400%""...한국성장금융, 퓨리오사AI 투자로 ‘잭팟’[마켓인]",https://n.news.naver.com/mnews/article/018/0006223884,"한국성장금융이 초기투자한 퓨리오사 AI 3조 밸류로정책형 모험자본 투자 성과 가시화추정 수익률만 1400%대이 기사는 2026년02월24일 17시37분에 마켓인 프리미엄 콘텐츠로 선공개 되었습니다.[이데일리 마켓in 지영의 기자]퓨리오사AI가 3조원 안팎의 기업가치를 기준으로 시리즈D 투자 유치를 추진하면서 초기 투자자들이 막대한 수익을 거둘 전망이다. 특히 초기 투자자들 중 한국성장금융투자운용의 경우 현재 기업가치 기준 최고 1400%대에 달하는 수익률을 기록할 것으로 추정된다.24일 투자은행(IB) 업계에 따르면 퓨리오사AI는 최근 약 2조9000억원 수준의 기업가치를 기준으로 시리즈D 라운드를 진행 중이다. 3조원 가량에서 투자가 마무리되면, 초기 투자자들은 투자 원금의 10배 이상에 달하는 평가 차익을 거둘 것으로 보인다.초기 투자자 중 한국성장금융은 퓨리오사AI의 성장 단계별로 프로젝트 펀드를 통해 자금을 투입했다. 지난 2021년 시리즈B 당시 기업가치 1800억원(프리머니)에 139억5000만원을 투자한 ‘아이온 필로스 펀드’의 경우, 현재 기업가치가 3조원 수준으로 평가될 경우 투자금이 약 15배로 불어나는 셈이다. 누적 수익률로는 1400%를 웃돈다.시리즈C 브릿지 단계에서 기업가치 8300억원(프리머니) 기준 120억원을 추가 투자한 ‘유진 딥테크 펀드’ 역시 현재 기업가치 3조원 기준으로 보면 투자금이 3배 중후반 수준으로 늘어나는 구조다. 단순 수익률로 환산하면 250~270% 수준이다. 높은 수익률을 내게 된 배경에는 자금 조달이 쉽지 않았던 초기 단계 기업에 대한 투자 판단이 있다. 성장금융이 퓨리오사AI에 처음 투자했을 당시 회사는 1세대 AI칩 ‘워보이(Warboy)’의 성능을 입증한 뒤 차세대 제품 개발을 준비하던 시점이었다. 기술 경쟁력은 확보했지만, 본격적인 양산과 글로벌 상용화로 넘어가기에는 추가 자금이 필요한 구간이었다.반도체 산업은 설계 이후 실제 제품 생산과 고객사 인증, 양산 전환까지 상당한 비용이 투입된다. 매출이 본격화되기 전까지 생긴 자금 부족에 쓰러질 수 있는 ‘데스밸리(Death Valley)’ 구간이다. 이 시기에 투입된 자금이 제품 개발과 후속 투자 유치로 이어지며 기업가치 상승의 기반이 됐다는 분석이다.이후 퓨리오사AI는 2세대 AI 반도체 ‘RNGD(레니게이드)’ 개발에 착수했다. RNGD는 HBM3E를 탑재한 고성능 칩으로, 지난 1월 TSMC를 통해 제조된 초도 물량 4000장을 인도받으며 상용화 단계에 진입했다. 생성형 AI와 대규모 언어모델(LLM) 확산으로 데이터센터용 AI 반도체 수요가 급증하는 흐름과 맞물리며 기업가치 재평가로 이어졌다는 평가다.퓨리오사AI 투자 성공사례 외에도 한국성장금융은 국내 반도체 초기 생태계 기업에 투자해 수익을 내는 동시에 기업 성장 기반을 다져온 사례를 여럿 축적해왔다. 국내 AI반도체 생태계의 핵심 기업이 된 리벨리온과 세미파이브 역시 프로젝트 및 블라인드 펀드를 통해 한국성장금융의 초기투자 자금을 유치한 뒤 기술 고도화와 사업 확장을 이어왔다.업계에서는 자금 조달이 쉽지 않은 초기 구간에서의 투자가 기업의 스케일업과 직결된다고 본다. 기술 기업은 양산과 상용화로 넘어가는 과정에서 자금 공백을 겪기 쉽고, 이 시점에 투입된 자금이 기업 성장의 속도를 좌우한다는 설명이다. 한 PEF 업계 관계자는 “퓨리오사AI 사례처럼 초기 단계에서의 투자가 기업가치 상승으로 이어지면 투자 기관은 수익을 거두고 기업은 성장 기반을 확보하는 선순환 구조가 만들어진다”며 “전략 산업일수록 초기 구간에서의 자금 역할이 중요하다”고 말했다.",False
37,2026-02-24,코스피 시총 5000兆 돌파 '카운트다운',https://n.news.naver.com/mnews/article/014/0005482234,"이달 14% 늘어 4922조7366억반도체업종 강세에 빠르게 급증삼성·하이닉스 비중이 38% 달해 코스피 시가총액이 지난달 4000조원을 넘어선 지 한달도 안돼 5000조 돌파를 눈앞에 뒀다. 국내 증시를 주도하고 있는 반도체 업종의 상승세가 지속되면서, 코스피 시총도 가파르게 늘고 있다. 24일 한국거래소에 따르면 이날 장 마감 기준 코스피 시가총액은 4922조7366억원으로 집계됐다. 지난달 말 4318조6471억원에서 이달 들어서만 13.99% 증가한 수치다. 현 수준에서 약 1.6%만 늘어날 경우 5000조원 돌파가 가능해진다. 지난달 한 달 동안 시총이 24.18% 증가한 점을 감안하면, 이르면 이달 내 5000조원을 넘어설 것이란 전망이 나온다. 지난해부터 이어진 증시 호황에 코스피 시총도 급격하게 불어났다. 장 마감 기준 코스피 시총은 지난 2021년 1월 4일 처음으로 2000조원을 넘긴 뒤, 4년 9개월여만인 지난해 10월 15일 3000조원을 돌파했다. 이후 3개월 만인 지난달 16일 4000조원을 넘겼고, 2개월도 되지 않아 5000조원 돌파를 앞두게 됐다. 시가총액 상위 종목 1·2위인 삼성전자와 SK하이닉스의 몸집이 불어난 영향이 컸다. 이날 SK하이닉스 시가총액이 처음으로 700조원대를 돌파하며 삼성전자와 합산 시가총액은 1900조1935억원을 기록했다. 코스피 전체 시총에서 삼성전자와 SK하이닉스가 차지하는 비중도 확대됐다. 2024년 말만 해도 코스피에서 삼성전자·SK하이닉스가 차지하는 비중은 22.62% 수준이었지만, 지난해 말 34.04%에서 현재 38.60%까지 높아졌다. 증권가에선 지난해에 이어 올해도 반도체 업종이 주도주가 될 것으로 보고 있다. 삼성전자와 SK하이닉스에 대한 실적 전망치가 상향 조정되면서, 코스피도 상승세를 이어갈 것이란 전망이다. 올해 삼성전자와 SK하이닉스의 영업이익 전망치는 각각 최대 250조원, 220조원 수준까지 높아진 상황이다. 실적 기대감에 이날 삼성전자는 20만원, SK하이닉스는 100만5000원에 장을 마감하며 최고가를 기록하기도 했다. 설태현 DB증권 연구원은 ""올해와 내년 삼성전자와 SK하이닉스의 영업이익에 대한 증권사별 전망치 분포를 고려할 때, 향후 이익 전망치의 추가적인 상향 조정 가능성에 무게가 실리고 있다""며 ""반도체 대표 기업의 실적 향방은 지수 변동성을 넘어 연내 코스피 밴드 자체를 재정의하는 핵심적인 결정 변수가 될 것""이라고 진단했다. 증권가에선 코스피 예상 밴드도 올려잡고 있다. 하나증권은 코스피 상단을 7870으로 제시하며 가장 높은 전망치를 내놨다. NH투자증권과 키움증권은 7300, 한국투자증권은 7250, 유안타증권은 7100으로, 7000 이상으로 눈높이가 높아지고 있다. 한지영 키움증권 연구원은 ""올해 코스피 영업이익 컨센서스는 약 580조원으로, 연초 대비 약 35% 급증했는데, 추후 600조원 초중반 수준까지 상향될 것으로 보인다""며 ""단기 폭등에 따른 지수 자체의 레벨 부담은 있으나, 선행 주가수익비율(PER)이 역사적 평균인 10배 부근에서 머물러 있는 등 밸류에이션 부담이 낮다는 점을 긍정적으로 볼 필요가 있다""고 분석했다. 풍부한 유동성도 증시 상승에 힘을 싣는 요인이다. 허재환 유진투자증권 연구원은 ""주가 상승의 중요한 동력은 기업 실적과 유동성""이라며 ""올해 들어 지난 11일까지 은행 예금은 34조원 감소한 반면, 주식형 펀드 자금은 46조7000억원, 증권사 고객 예탁금은 10조원 증가했다""고 짚었다.",False
38,2026-02-24,자사주 소각 효과 속도낸다… 코스피 주식수 3분기째 감소,https://n.news.naver.com/mnews/article/014/0005482233,"이달 20일 기준 632억3159만株작년 6월과 비교하면 4억株 줄어당정 주도 의무화 법안 처리 임박기업들 시행 전부터 발빠른 대응증시 저평가 해소에도 힘 보탤듯 코스피 시장의 상장주식 수가 지난해 하반기 이후 감소세로 돌아선 것으로 나타났다. 주주 환원에 선제적으로 나선 기업들이 늘어난 영향이 컸다. 향후 3차 상법 개정안 효과가 지수 추가 상승에 힘을 보탤지 주목된다. 24일 코스콤 CHECK에 따르면 지난 20일 기준 코스피 시장에 상장된 주식 수는 632억3159만주로 집계됐다. 지난해 6월30일 636억4858만주와 비교하면 4억주 가량 줄어든 규모로 3분기 연속 감소세를 이어가고 있다. 올해 들어서만 줄어든 상장주식 수는 8623만주에 이른다. 이러한 흐름은 최근 10년 간의 추세와는 대비된다. 코스피 상장주식 수는 2016년 408억8599만주에서 2022년 633억6826만주로 54.9% 늘었다. 2023년(620억3167만주)에는 소폭 감소했지만, 2024년 631억6264만주로 다시 불어났다. 통상 상장주식 수는 기업들의 유상증자나 기업공개(IPO)는 활발한 반면, 자사주 소각 속도는 더딜 때 증가한다. 한국거래소에 따르면 최근 5년 간 국내 상장기업의 평균 자사주 소각 규모는 매입 금액 대비 절반 수준이었다. 지난 2020년부터 2024년까지 상장사의 자사주 매입금액은 합산 45조원인 반면, 자사주 소각 금액은 25조5000억원에 그쳤다. 변화 흐름이 감지된 것은 정부와 여당이 자사주 소각 의무화를 골자로 한 3차 상법 개정안 도입을 추진한 지난해 하반기부터다. 3차 상법 개정안은 자사주 성격을 '자본'으로 명시하고 있다. 기업이 이미 보유한 자사주를 법 시행 후 18개월 이내에 소각하고, 새로 취득한 자사주는 1년 내에 소각하도록 의무화하는 내용을 담고 있다. 제도 변화에 앞서 자사주 보유 비중이 높은 기업들을 중심으로 소각 움직임이 늘면서 지난해 상장기업의 자사주 소각 금액은 21조4000억원으로, 사상 처음으로 자사주 매입 금액(20조1000억원)을 앞질렀다. 증권가에서는 그간 줄지 않았던 상장주식 수가 한국 주식시장 저평가를 부추긴 것으로 보고 있다. 기업 전체 순이익을 상장주식 수로 나눠 계산하는 코스피 주당순이익(EPS)은 주식시장 수익성 지표로 해석된다. 상장주식 수가 많을수록 분모가 커져 주당순이익(EPS)은 낮아지는 구조다. 김종영 NH투자증권 연구원은 ""코스피 상장기업 합계 주식 수는 연평균 약 2% 증가한 반면, 순이익은 연평균 10.5% 성장해 주식 수 희석으로 EPS 성장률이 순이익 증가 속도를 밑돌아왔다""고 말했다. 전날(23일) 국회 법제사법위원회 전체 회의를 통과한 3차 상법 개정안이 본회의 처리를 앞둔 가운데 시장 전문가들은 자사주 소각 의무화가 주식 수 감소를 유도해 증시에 추가 탄력을 제공할 것으로 보고 있다. 이상헌 iM증권 연구원은 ""자기자본이익률(ROE)이 오르면 주가순자산비율(PBR)이, PBR이 오르면 지수가 상승한다""며 ""이때 ROE는 당기순이익을 자본으로 나눈 값인데, 자사주 소각이 의무화되면 자본이 줄면서 ROE가 상승하는 효과가 발생해 결과적으로 지수 상승으로 이어질 수 있다""고 말했다. 이어 ""앞으로 시장은 자사주 매입을 곧 소각 시그널로 받아들이게 돼 기업으로선 주주환원 정책을 더 강화할 수 있는 환경이 조성된 셈""이라고 덧붙였다.",False
39,2026-02-24,신고가 갈아치운 반도체 투톱…‘육천피’ 단 31p 남았다,https://n.news.naver.com/mnews/article/014/0005482206,"20만전자·100만닉스 등극차익실현 나섰던 외국인 자금 유턴반도체 중심 매수세로 ‘상승 탄력’업종 쏠림 등 지수 재조정 변수로 국내 증시가 또 한번 새로운 이정표를 세웠다. 반도체 투톱이 동시에 역사적 가격대로 올라서면서 코스피지수가 6000선 턱밑까지 올라섰다. 현재 '육천피'까지 남은 간극은 단 31p이다. 24일 코스피는 전 거래일 대비 123.55p(2.11%) 오른 5969.64에 마감했다. 유가증권시장에서 기관투자자들은 2조5086억원어치를 사들이며 지수 상승을 견인했다. 반면 개인과 외국인은 각각 2조3459억원, 2440억원어치를 팔았다. 삼성전자는 3.63% 오른 20만원으로 마감하며 사상 최고가를 갈아치웠다. SK하이닉스 역시 5% 넘게 오른 100만5000원으로 마감해 사상 처음으로 100만원대에 입성했다. 두 종목이 지수에서 차지하는 시가총액 비중을 감안하면 이날 상승은 단순 개별종목 강세를 넘어 지수 구조 자체를 끌어올리는 동력으로 작용했다. 증권가는 이번 랠리를 'AI 메모리 구조적 슈퍼사이클'이 본격화된 신호로 해석한다. 한동희 SK증권 연구원은 ""SK하이닉스의 목표주가를 160만원으로 상향 조정한다""며 ""공급자들의 낮은 재고와 AI 메모리의 구조적 수요, 증설 여력 제약에 따른 가격 협상력이 예상을 크게 웃돈다""고 밝혔다. 박준영 한화투자증권 연구원도 ""삼성전자의 투자 포인트는 고대역폭메모리(HBM)4에서의 경쟁력 회복과 이로 인한 압도적인 메모리 생산능력(CAPA)에 따른 실적의 폭발적 성장""이라고 평가했다. 이날 지수 상승의 또 다른 축은 외국인 수급이다. 최근까지 차익실현에 나섰던 외국인 자금이 반도체 중심으로 재유입되면서 지수 상단을 열고 있다는 분석이다. 외국인은 이날 하루에만 SK하이닉스 주식 약 3200억원어치를 사들였다. 특히 글로벌 인공지능(AI) 서버 투자 확대와 미국 빅테크의 데이터센터 증설 기조가 이어지는 가운데, HBM 중심의 고부가 메모리 수요가 실적 추정치를 끌어올리고 있다. 시장에서는 이번 랠리를 단기 이벤트가 아닌 구조적 밸류에이션 재평가로 보고 있다. 메모리 가격 협상력이 공급사 중심으로 이동하면서 과거 사이클 대비 이익 레벨이 상향 평준화될 가능성이 높아서다. 코스피 6000선 돌파는 시간문제라는 시각이 우세하다. 다만 6000선 안착의 관건으로 이익 모멘텀의 지속성이 꼽힌다. 현재 시장은 반도체를 중심으로 실적 상향이 이어지고 있지만, 업종 간 차별화는 심화돼 부담요인이다. 금리 변수와 글로벌 매크로 리스크 역시 완전히 해소된 것은 아니다. 현재 코스피 12개월 선행 주당순이익(EPS)은 반도체 중심의 추정치 상향이 이어지며 우상향 흐름을 보이고 있다. AI 서버 투자 확대와 HBM 단가 상승이 동시에 진행되면서 메모리 업체들의 이익 레벨이 과거 사이클 대비 한 단계 높아졌다는 게 전문가들의 분석이다. 이 가운데 외국인 수급의 복귀 여부가 중요 변수로 거론된다. 최근 반도체 중심의 순매수가 재개되면서 지수 상승 탄력이 강화되는 모습이다. 글로벌 패시브 자금이 한국 시장 비중을 재확대할 경우 지수의 레벨업 속도는 더 빨라질 수 있다. 다만 경계해야 할 요인도 적지 않다. 미국 연방준비제도(Fed)의 금리 인하 속도와 글로벌 경기 둔화 우려는 여전히 변동성 요인이다. 물가 둔화가 기대에 못 미칠 경우 금리경로가 재조정될 가능성도 배제할 수 없다. 업종 쏠림 역시 부담이다. 현재 지수 상승은 반도체 비중이 절대적이다. 만약 주도주의 단기 조정이 발생할 경우 지수 변동성은 확대될 수 있다. 6000선 돌파 이후에는 차익실현 매물 출회 가능성도 열려 있다. 업계 관계자는 ""지수 상단을 결정하는 것은 결국 반도체""라며 ""반도체 투톱이 동시에 신고가를 경신한 것은 시장의 주도주가 명확하다는 의미다. 이는 지수의 추가 레벨업 가능성을 높이는 요인""이라고 말했다. 한 시장 관계자는 ""코스피는 단순 반등이 아니라 구조적 체질개선 국면에 들어섰다""며 ""반도체 실적 추정치가 추가 상향될 경우 6000선 안착 시도도 빠르게 전개될 수 있다""고 내다봤다.",False
40,2026-02-24,AI 파괴론이 호재 된 반도체 랠리…“코스피 레벨업 지속”,https://n.news.naver.com/mnews/article/011/0004593037,"■코스피 최고치 경신…6000 눈앞반도체 수요 확대로 실적개선 기대기관 2조원대 순매수로 상승 견인황제주 하이닉스 시총 세계 21위로SK證 “30만전자·160만닉스 갈것” 24일 서울 여의도 한국거래소에서 관계자가 코스피 지수와 SK하이닉스, 삼성전자 등 주요 종목 주가를 확인하고 있다. 이날 SK하이닉스와 삼성전자는 종가 기준 각각 100만 원과 20만 원을 돌파했다. 오승현 기자미국발 관세 불안에도 삼성전자와 SK하이닉스가 일제히 ‘20만전자’와 ‘100만닉스’를 달성했다. 미국 뉴욕 증시를 흔든 인공지능(AI) 파괴론이 오히려 국내 반도체 기업에 호재로 작용하면서 일제히 신고가를 경신했다. 코스피는 종가 기준 처음으로 5900선을 넘어서며 ‘6000피’를 눈앞에 두게 됐다.24일 한국거래소에 따르면 삼성전자는 전 거래일 대비 3.63% 오른 20만 원으로 장을 마감했다. 이달 10일 이후 7거래일 연속 상승세다. SK하이닉스도 5.68% 상승한 100만 5000원으로 거래를 마쳐 ‘황제주(주가 100만 원 이상 종목)’에 입성했다. 시가총액도 716조 2659억 원(약 4961억 달러)으로 마이크론을 누르고 세계 시총 순위가 21위까지 올랐다.시총 1·2위인 삼성전자와 SK하이닉스의 동반 상승세에 힘입어 코스피지수도 전 거래일 대비 123.55포인트(2.11%) 오른 5969.64로 거래를 마쳤다. 4거래일 연속 상승하며 5600선 이후 파죽지세다. ‘6000피’ 달성까지는 단 30.36포인트(0.51%)만 남았다.이날 개인과 외국인이 각각 2조 2808억 원, 1992억 원어치를 매도하면서 차익 실현에 나섰지만 기관이 2조 3746억 원을 사들이며 신고가 경신에 힘을 보탰다. 기관은 이달 들어 14거래일 중에 11거래일을 사들이는 등 11조 5630억 원을 순매수했다. 특히 이 중 상당 비중이 개인들의 상장지수펀드(ETF) 자금인 금융투자라는 게 눈에 띈다. AI 반도체 수요 확대와 함께 범용 D램과 낸드(NAND) 가격 급등에 따른 실적 개선 기대감이 반도체 종목들의 동반 상승을 이끌었다. AI의 급격한 발전이 경제 전반을 급격히 잠식할 것이라는 공포가 미 증시에는 악재로 작용했지만 AI 서버용 고대역폭메모리(HBM)를 생산하는 삼성전자와 SK하이닉스에는 수요 확대에 대한 기대감으로 반영된 것이다. AI 효율성이 극대화될수록 이를 구동하기 위한 인프라에 대한 수요는 더욱 증가할 수밖에 없다는 논리다. 박희찬 미래에셋증권 리서치센터장은 “한국과 미국의 지수가 따로 움직이는 것처럼 보이지만 엄밀히 보면 한국 기업의 수요가 좋은 건 미국의 빅테크가 투자를 해주기 때문”이라며 “반도체를 중심으로 하는 실적 강세 국면은 당분간 이어질 가능성이 높다”고 말했다.이에 증권가에서는 삼성전자와 SK하이닉스의 목표 주가를 계속 올려 잡는 분위기다. SK증권은 삼성전자의 목표가를 30만 원, SK하이닉스는 160만 원으로 높였다. 한동희 SK증권 연구원은 “메모리 호황이 유동성 확장과 동반된 것은 처음 있는 일”이라며 “수요 대응을 위한 공간 여력, HBM4 경쟁력 회복, 파운드리 가동률의 회복세 등 저평가 해소에 대한 명분이 다분한 국면”이라고 밝혔다.국내 증시가 대외 변수에 흔들리지 않는 체력을 보여주면서 당분간 지수 레벨업이 계속될 것이라는 전망이 나온다. 키움증권은 올해 코스피 상단을 7300으로 상향 조정했다. 반도체 중심의 이익 모멘텀 강화와 낮은 밸류에이션 부담, 상법 개정에 따른 주주환원 기대가 맞물리면서 증시 상승을 이끌 것으로 봤다. 앞서 글로벌 투자은행(IB) 노무라증권은 올해 상반기 코스피 목표치를 최대 8000으로 제시했다. 고태봉 iM증권 리서치센터장은 “미 증시는 오랫동안 우상향한 만큼 조정이 불가피하다”면서 “한국은 코리아 디스카운트가 해소되는데다 반도체가 잘나가는 기술적 변화가 공존하고 있다”고 분석했다.한편 코스피가 단기간 급등하면서 하락 베팅 자금도 늘고 있다. 금융투자협회에 따르면 이날 기준 대차거래 잔액은 153조 132억 원으로 집계됐다. 지난달 말(138조 6285억 원)보다 14거래일 만에 14조 원 넘게 증가한 것이다. 대차거래는 투자자가 다른 투자자에게 일정한 수수료를 받고 주식을 빌려주는 거래로 통상 공매도의 선행 지표로 여겨진다. 공매도 순보유 잔액은 19일 기준 유가증권시장과 코스닥시장 합계 21조 8720억 원으로 나타났다. 공매도 후 미상환 물량인 순보유 잔액 금액이 크다는 것은 앞으로 주가의 추가 하락을 점치는 투자자가 많다는 의미다.",False
41,2026-02-23,"""육천피→칠천피→팔천피""…하루마다 달라지는 눈높이 [분석+]",https://n.news.naver.com/mnews/article/015/0005254127,"증권사 잇따라 코스피 눈높이 올려""반도체 이익 견조…상법개정 등 우호적 환경""""거버넌스 개혁·주주환원 제고 등 뒷받침돼야"" 23일 서울 중구 하나은행 딜링룸 /사진=연합뉴스증권가(街)가 코스피지수 전망치 상단을 빠르게 높이고 있다. 국내 증시를 지탱하고 있는 반도체 기업들의 이익 눈높이가 견고한 데다 피지컬 인공지능(AI) 부각, 상법 개정 등 증시에 우호적 환경들이 조성되고 있다는 판단에 따른 것으로 풀이된다.노무라증권은 23일 '한국 전략' 보고서에서 올 상반기 코스피지수 목표치를 7500~8000으로 상향 조정했다. 이는 올해 예상 주가수익비율(PER) 12.0∼13.0배, 주당 장부가액 비율(P/BV) 2.1∼2.2배, 자기자본이익률(ROE) 18.6%를 적용한 수치다.범용 메모리와 고대역폭메모리(HBM) 슈퍼사이클, AI 설비투자 밸류체인과 방산 업종의 견조한 실적, 피지컬 AI 테마 재평가 등 4가지가 지수를 견인할 것으로 전망했다.노무라는 실적 면에서 올해와 내년 코스피의 주당순이익(EPS) 증가율을 각각 129%와 25%로 예상했다. 지난 1월 제시한 96%와 23% 대비 상향된 수치다. 특히 메모리 기업들이 전체 순이익에 기여하는 비중이 각각 64%와 71%를 차지하며 코스피 이익 증가를 주도할 것으로 내다봤다.노무라뿐만 아니라 국내외 증권사들은 최근 일제히 코스피 전망치 상단을 높이고 있다. 실제 NH투자증권이 지난 5일 코스피 목표치를 7300으로 높여 잡은 데 이어 한국투자증권은 코스피 밴드 상단을 기존 5650에서 7250으로 대폭 올렸다. 하나증권은 지난 19일 코스피 지수 상단을 7900까지 높여 잡았다. 글로벌 투자은행인 JP모건은 7500, 씨티그룹은 7000으로 상향했다.이재만 하나증권 연구원은 ""지난해 12월 말 2026년 코스피 순이익 전망치는 330조원에서 올해 2월 457조원으로 상향 조정됐다""며 ""특히 코스피 순이익 추정치 상향 조정의 96%를 차지하는 반도체는 같은 기간 동안 137조원에서 259조원으로 상향 조정됐다""고 말했다.이 연구원은 ""반도체의 경우 2년 이상 연속으로 순이익 증가 연도의 주가수익비율(PER) 고점 평균은 12.1배""라며 ""12개월 예상 순이익에 해당 PER을 적용할 경우 이론적 시가총액은 3225조원으로 증가하고 2월 현재 대비 74.8%의 상승 여력이 있다""고 분석했다.주식시장 가치 재평가(밸류에이션 리레이팅)에 긍정적인 환경을 조성할 수 있는 유동성 증가도 이어지고 있다.한화투자증권이 집계한 은행 저축성 예금 잔액은 지난해 12월 한 달 동안 42조원 감소했다. 연말에는 보통 계절적 요인으로 20조원가량 줄어드는 것이 일반적이지만, 이를 감안해도 20조원 이상 추가 유출이 발생한 셈이다.이 자금은 대부분 주식시장에 흘러든 것으로 추정된다. 금융투자협회에 따르면 투자자 예탁금은 사상 처음으로 100조원을 넘어 지난 2일 기준 111조2970억원으로 집계됐다. 코스피 일평균 거래대금도 지난해 12월 14조4000억원에서 올 1월 27조1000억원으로 한 달 만에 약 88% 증가했다.이후에도 거래대금 증가세는 이어지는 추세다. 이달 코스피 일평균 거래대금은 29조3338억원으로 집계되면서 30조원을 눈앞에 두고 있다. 이는 지난달보다 8.4% 늘어난 수준이며, 전년 동월과 비교하면 약 140% 증가한 규모다.안현국 한화투자증권 연구원은 ""기존 주식시장 내 자금 이동이 아니라 새로운 자금 유입에 대한 기대를 가져볼 수 있다""고 설명했다.이 연구원도 ""글로벌 유동성(12개국 광의통화 'M2' 합산)은 118조달러로 사상 최고치를 경신하고 있다""며 ""국내 고객 예탁금도 103조원으로 사상 최고 수준을 유지하고 있다""고 설명했다.다만 증시 체질 개선을 위해선 추가적인 주주환원 제고와 거버넌스 개혁 등 제도적 뒷받침이 필요하다는 분석도 제기된다.신디 박 노무라증권 연구원은 ""상장사들은 낮은 자기자본이익률(ROE), 과도한 현금 보유, 비핵심 자산 보유 문제를 어떻게 개선할지와 함께 주주환원을 강화하기 위한 구체적 계획을 제시해야 한다""고 말했다.또 ""중복 상장으로 한국 지주회사의 순자산가치 대비 할인율은 50% 이상으로 주요 해외 시장의 약 30% 수준보다 높은 편""이라며 ""한국이 밸류업(기업가치 제고) 노력을 지속하려면 중복상장 구조를 단계적으로 해소하는 것이 핵심 과제 중 하나가 돼야 한다""고 덧붙였다.",False
42,2026-02-23,"""난 좀 다른 서학개미""…'미국+α' 분산투자했더니 통했다",https://n.news.naver.com/mnews/article/215/0001242742,"유럽증시, 매주 100억弗 몰려영·프·독 증시 '사상 최고치' 미국 증시가 인공지능(AI) 랠리 후 숨을 고르는 사이 유럽 주요국 증시가 사상 최고치 랠리를 보이고 있다. 미 증시 대비 저평가 매력에 기술주 대안 투자, 경기부양 등의 모멘텀을 업고 글로벌 자금도 집중되는 추세다. 23일 런던증권거래소에 따르면, 영국 증시의 대표지수인 FTSE100 지수는 올해 들어 7.39% 올랐다. 같은 기간 범유럽 지수인 유로스톡스50은 4.80% 상승했고 프랑스 CAC40 지수와 독일 DAX도 각각 3.91%, 2.94% 올랐다. 이는 미국의 S&P500(0.74%)과 나스닥(-1.5%)을 뛰어넘는 결과다. 유로스톡스50, CAC40, DAX 모두 올해 사상 최고치를 기록했다. 상장지수펀드(ETF)와 뮤추얼펀드 자금을 추적하는 EPFR 자료에 따르면 유럽 주식시장에 2주 연속으로 역대 최고인 약 100억달러(약 14조4천억원)가 유입됐다. 이런 추세면 2월에 월간 기준으로 사상 최고치를 기록할 것으로 전망된다.ETF닷컴 집계 기준 미국에 상장된 유럽주식형 ETF에도 지난 1주일 사이 8억4,437만달러가 순유입됐다.우선은 부담 없는 밸류에이션(실적 대비 주가 수준)이 강점으로 작용한 것으로 풀이된다. 그간 급등한 미국 증시에 비해 유럽 증시에 기회가 있다는 평가다. 금융정보업체 LSEG에 따르면 현재 유로스톡스50의 평균 주가수익비율(PER)은 약 18배 수준으로, 27배에 달하는 나스닥과 비교하면 30%가량 낮다. 기술주 비중이 작다는 고질적인 약점은 AI 과잉 투자 리스크를 겁내는 시장 분위기에선 강점으로 작용했다. 미국 기술주 노출을 줄이려는 투자자가 늘고 유럽 경제 자체에 대한 비관론이 완화된 것이다. 금융, 천연자원을 비롯한 전통적인 산업 부문이 강세인 영국 파이낸셜타임스 스톡익스체인지(FTSE) 100 지수는 올해 들어 7% 넘게 올랐는데, 런던증시 상장사인 칠레의 광산기업 안토파가스타는 구리와 리튬 가격 급등에 힘입어 이 기간 22.48% 올랐다.방산주는 지난해의 상승세를 올해도 이어가고 있다. 독일 라인메탈 주가는 올해 들어 약 10% 상승했고, 지난 1년 사이 배로 올랐다. 영국 BAE시스템스도 지난 1년간 70% 넘게 상승했다.섀런 벨 골드만삭스 선임 주식전략가는 ""많은 세계 투자자가 비싼 미국 시장에서 벗어나 다변화를 원한다""며 ""유럽은 기술주 중심이 아니라 다른 투자 기회를 제공한다""고 설명했다.올해 하반기로 갈수록 유럽 기업들의 이익 규모가 커질 것이란 기대도 있다. 블룸버그에 따르면 유럽 주요 기업 600곳의 전년 동기 대비 주당순이익(EPS) 증가율은 지난해 상반기 0%대에서 올해 1분기 4.1%, 2분기엔 7.0%로 증가한 뒤 올 3분기엔 11.2%, 4분기에는 17.2%로 급격히 늘어날 전망이다.비타 맨테이 씨티은행 유럽글로벌 주식 전략팀장은 ""유럽 주식에 대한 관심은 비기술 부문으로의 전환과 주요국내 경기 부양책에 힘입은 것""이라고 말했다.",False
43,2026-02-23,“최악 관세 위협은 벗어났다”...반도체·자동차 ‘방긋’,https://n.news.naver.com/mnews/article/009/0005640834,"코스피 장중 5900 넘기도20만전자·100만닉스 눈앞日·中 휴장…홍콩증시 급등 코스피는 23일 한때 5931.86까지 치솟으며 사상 최고치를 또 한 번 갈아치웠다. 종가 기준으로도 사상 최고치를 경신한 중구 하나은행 본점 딜링룸 전광판에 코스피 종가가 표시돼 있다. [뉴스1]미국 연방대법원이 도널드 트럼프 행정부의 상호관세를 위법으로 판결하면서 국내 자동차와 반도체 등 주요 수출 관련주가 일제히 강세를 보였다. 인공지능(AI) 호황에 따른 부품 수요 급증까지 맞물리며 코스피는 장중 역대 최고점을 경신했다.23일 한국거래소에 따르면 코스피는 한때 5931.86까지 치솟으며 사상 최고치를 갈아치웠다. 기관·외국인 투자자의 차익 실현 매물이 나오며 전일 대비 0.65% 오른 5846.09로 장을 마감했다.트럼프 행정부의 관세 정책에 제동이 걸렸다는 판단에 대표 수출주에 대한 투자심리가 개선된 모습이다. 삼성전자는 전 거래일 대비 1.53% 오른 19만3000원에 장을 마쳤다. 장중 19만7600원까지 오르며 ‘20만전자’를 목전에 뒀다. SK하이닉스도 한때 98만원을 터치하며 사상 최고가를 기록했다.현대차는 직전 거래일 대비 2.75% 오른 52만3000원, 기아는 0.52% 상승한 17만2700원으로 장을 마감했다. 양사는 지난해 관세 부과로 인해 7조원 이상의 비용 부담을 떠안은 바 있다.증권가에서는 이번 판결로 관세 불확실성이 일부 해소됐다는 평가가 나온다. 박상현 iM증권 연구원은 “도널드 트럼프 대통령의 관세 정책이 구조적으로 약화했다는 점은 미국 외 국가의 주식 시장에는 호재로 작용할 것”이라고 짚었다. 다만 김대준 한국투자증권 연구원은 “상호관세가 다른 관세로 대체되더라도 반도체, 자동차 등 품목관세는 유지되므로 미국의 추가 대응 여부를 점검할 필요가 있다”고 말했다.시가총액 상위 기업들의 실적 전망은 탄탄하다. 이날 대신증권은 삼성전자의 연간이익 전망치를 201조원으로 제시하며 목표주가를 국내 최초로 27만원으로 올려 잡았다. 다올투자증권은 현대차 목표주가를 64만원에서 74만원으로 대폭 상향했다.AI 산업 확장에 힘입어 전력기기 부품 업종도 급등했다. 이날 대한전선은 4.1% 오른 3만4250원으로 마감했으며 장중 3만5650원으로 52주 신고가를 경신했다. 삼성전기(13.13%)와 HD현대일렉트릭(5.54%)도 가파른 상승 곡선을 그렸다.글로벌 빅테크의 AI 투자 확대로 핵심 부품인 적층세라믹커패시터(MLCC) 가격 상승 흐름이 확산된 영향이다. 업계 1위 무라타가 가격 인상을 검토 중인 가운데 엔비디아의 차세대 서버에 탑재될 MLCC 수량이 기존 대비 30% 이상 증가할 것으로 추정되면서 관련 기업들의 실적 기대감이 고조되고 있다.한편 관세 무효 판결로 인한 훈풍은 아시아 시장 전반에 영향을 줬다. 이날 일본과 중국 본토 증시가 휴장한 가운데 홍콩 항셍지수는 중국 기업들에 대한 불이익 해소 기대감에 2.64% 상승했다. 대만 자취엔지수도 0.5% 올랐다. 트럼프 대통령이 판결 직후 모든 수입품에 10~15%의 임시관세를 부과하는 행정명령에 서명하며 맞불을 놨지만 시장은 일단 최악의 관세 시나리오에서는 벗어난 것으로 평가하고 있다.",False
44,2026-02-23,사모대출에 공격 투자했는데…국내 기관들 리스크관리 '경고등',https://n.news.naver.com/mnews/article/018/0006223067,"[경고등 켜진 글로벌 사모대출] ②금감원 '블루아울 사태'에 국내 증권사 긴급 점검공격적 확대 나서던 국내 LP들도 ‘속도 조절’ 조짐아직 부도율은 2%대 유지…'그림자 부도'는 경계해야이 기사는 2026년02월23일 19시10분에 마켓인 프리미엄 콘텐츠로 선공개 되었습니다.[이데일리 마켓in 지영의 허지은 기자] 글로벌 사모대출 시장의 거물 블루아울캐피탈(Blue Owl Capital)이 분기별 환매 프로그램을 종료하겠다고 선언하면서 국내 기관투자자(LP) 사이에서 긴장감이 감돌고 있다. 고금리 환경 속 사모대출이 ‘중위험 중수익’ 대안으로 급부상하는 과정에서 국내 투자자들도 비중을 크게 늘렸기 때문이다. 금융감독원은 관련 리스크 점검을 위해 국내 증권사들을 대상으로 사모대출 투자 리스크 개별 점검에 착수하는 등 파장을 예의주시하고 있다. 23일 투자은행(IB) 업계에 따르면 금융감독원은 지난 19일 블루아울 환매 중단 사태가 불거진 직후 국내 주요 증권사들을 개별 소환해 사모대출 투자 현황과 리스크 관리 체계를 긴급 점검했다. 블루아울 관련 상품 판매 여부와 익스포저 규모, 재간접 투자 구조, 환매 조건 등을 제출받아 노출 수준을 파악한 것으로 전해졌다. 당국은 당분간 사모대출 시장의 변동성이 확대될 가능성이 있는 만큼 신규 투자와 자금 운용을 통제 가능한 범위 내에서 관리할 것을 주문한 것으로 알려졌다.금감원은 지난해 자동차 부품업체 퍼스트브랜즈의 파산 등 미국 내 사모대출 차주의 부실 사례가 잇따르면서 관련 리스크를 예의주시해온 것으로 전해졌다. 이번 점검 역시 특정 상품의 부실 여부를 넘어서 국내 금융권 전반의 사모대출 노출도를 선제적으로 점검하는 성격이 짙다. 블루아울 사태를 계기로 증권사뿐 아니라 자산운용사, 보험사, 연기금·공제회 등 기관투자자 전반에서 사모대출 포트폴리오에 대한 재점검 기조가 이어질 가능성이 크다는 관측이 나온다. [그래픽=이데일리 김일환 기자]사모대출, 5년 만에 몸집 2배…'대안 자산'으로 급부상사모대출 시장은 지난 수년간 은행 규제 강화의 반사이익을 누리며 빠르게 성장했다. 대체투자시장 분석업체 프레킨(Preqin)에 따르면 글로벌 사모대출 시장 운용자산(AUM)은 2020년 1조2204억달러(약 1758조)에서 지난해 2조2801억달러(3285조, 추정치)로 불어났다. 2030년에는 4조5040억달러(약 6490조)까지 확대될 것으로 전망된다.고금리 기조 속 변동금리 구조를 갖춘 직접대출은 금리 상승기에 수익 방어력이 높다는 평가를 받았다. 중견·중소기업을 대상으로 한 선순위 담보 대출이 중심이어서 손실 가능성도 제한적이라는 인식이 확산됐다. 국내 LP들 사이에서 사모대출은 '중위험 중수익' 자산으로 자리매김하며 자산배분 전략의 핵심 축으로 급부상했다. 관련 투자 비중 목표치를 크게 상향 조정하고, 전담 조직을 신설 및 확장하는 기조가 이어졌다.실제 국민연금은 지난해 사모대출 투자팀을 신설하며 전담 조직을 구축했다. 사학연금은 지난 2024년 20% 수준이던 사모대출 비중을 1년 만에 40%까지 확대했다. 행정공제회 역시 부동산 투자 비중을 줄이는 대신 사모대출팀을 2개로 확대 개편하고 국내·해외로 투자처를 이원화했다. 오는 2029년까지 사모대출 비중을 33.5%까지 끌어올리겠다는 로드맵도 마련해 둔 상태였다.블루아울, 환매 '전면 중단' 아니지만…유동성 리스크 확인문제는 사모대출이 본질적으로 비유동성 자산이라는 점이다. 블루아울은 지난 19일 사모신용 펀드인 ‘OBDC II’에 대해 분기마다 순자산가치(NAV)의 약 5% 한도 내에서 환매를 허용하던 프로그램을 종료한다고 발표했다. 환매를 전면 금지한 것은 아니지만, 투자자들이 분기마다 일정 한도 내에서 예측 가능하게 자금을 회수할 수 있었던 구조가 사라진 셈이다.OBDC II의 주요 자산은 중견·중소기업 대상 직접대출로, 대부분 비상장 기업에 묶인 장기 대출채권이다. 평시에는 분기별 환매 조건이 문제가 되지 않지만, 환매 신청이 반복적으로 한도를 초과하는 순간 자산 만기 구조와 투자자의 현금 회수 기대 사이의 괴리가 드러날 수밖에 없는 구조다.블루아울 주가는 환매제한을 발표한 직후 52주 신저가를 기록했다. 회사 측은 즉각적인 현금 확보를 위해 일부 크레딧 펀드 자산을 원금의 99% 수준에서 매각하며 유동성 확보에 나섰다. 시장에서는 이번 사태가 개별 펀드의 구조적 조정에 불과하다는 분석과 함께, 사모대출 시장 전반의 유동성 리스크를 드러낸 사건이라는 평가가 엇갈린다.부도율은 2%대…'그림자 디폴트' 우려는 변수현재까지 부도율이 급격히 치솟은 상황은 아니다. 미국 로펌 프로스카우어 로즈가 집계한 사모대출 부도율은 지난해 4분기 2.46%로, 3분기(1.84%) 대비 소폭 상승하는 데 그쳤다. 다만 일각에서는 '그림자 파산' 가능성을 우려한다. 사모대출에서는 차주의 현금 흐름이 악화될 경우 이자 지급을 유예하는 대신 원금에 가산하거나 추가 채권을 발행하는 '현물지급(PIK·Payment in Kind)' 옵션을 활용하는 경우가 적지 않기 때문이다. 겉으로 드러난 공식 부도율은 낮지만, 만기 연장이나 계약 조건 조정 등을 통해 부실이 이연되고 있을 가능성도 배제할 수 없다는 지적이다.한 LP 고위 관계자는 ""일반적인 대출 투자건은 재무약정을 통해 차주의 부채비율이나 추가 차입을 제한하는데, 최근 급증한 사모대출 구조들을 보면 대체로 재무약정이 느슨하거나 사실상 없는 경우가 많아지고 있다""며 ""이런 경우 파산 시 안전판 확보가 아예 없어서 투자 확대에 신중해질 수밖에 없는 환경""이라고 말했다.숨고르기 국면…전면 축소보단 리스크 재점검미국 시장에서 불거진 환매중단 사태로 당장 사모대출 투자가 급격히 줄어들 가능성은 크지 않다는 분석도 나온다. 국내 연기금과 공제회 등이 투자한 사모대출은 대부분 일정 기간 자금을 묶어두는 폐쇄형 구조로, 중간에 투자금을 회수하기 어려운 장기 자금이기 때문이다. 분기마다 환매가 가능한 일부 해외 상품과 달리 단기간에 자금이 빠져나갈 가능성은 제한적이라는 설명이다. 다만 국내 기관투자자들 역시 공격적 확대 기조를 이어가기보다는 당분간 리스크 관리 체계를 재점검하는 숨고르기 국면에 들어갈 것이라는 전망이 우세하다.IB업계 관계자는 ""이번 사태를 계기로 투자 심리가 다소 위축될 수는 있지만, 곧바로 출자 계획을 전면 중단하는 흐름으로 이어지진 않을 것""이라며 ""다만 신규 출자 심사는 보다 보수적으로 이뤄질 가능성이 높다""고 말했다.",False
45,2026-02-23,“엔비디아 무지성 매수는 옛말”…미국판 삼전닉스 담는 서학개미들,https://n.news.naver.com/mnews/article/009/0005640827,"AI 선도주 ‘매그니피센트 7’서학개미 무조건 편애 옛말올해 美주식 매수세 확대에도메타·애플·테슬라 대거 처분마이크론·샌디스크 쓸어담아 매그니피센트7(M7) [챗GPT]미국 증시를 대표하는 빅테크 ‘매그니피센트7(M7)’에 대한 서학개미의 편애가 식어가고 있다. M7을 전방위적으로 매수하던 과거와는 달리, 인공지능(AI) 산업 동향을 살피며 발 빠른 포트폴리오 조정에 나서는 모습이다. 서학개미는 연초 엔비디아만 1조원 가까이 팔아치우고, 메모리 반도체 주식을 대규모로 사들였다.23일 한국예탁결제원에 따르면 개인들이 주축인 국내 일반투자자의 올해 M7 매수세는 지난해보다 약해졌다. 올 들어 지난 20일까지 M7 종목 7개(알파벳은 A주 기준)를 14억2198만달러(약 2조원)어치 순매수해, 지난해 16억3571만달러(약 2조3000억원)보다 10% 넘게 줄어든 모습을 보였다.개별 종목은 시황에 따라 일시적으로 서학개미의 매수세가 늘거나 줄 수 있지만, 서학개미가 미국 주식 투자를 전반적으로 늘리고 있는데도 M7 매수세가 줄어드는 것은 흔치 않은 패턴이다. 이 기간 서학개미의 미국 주식 순매수액은 64억달러(약 9조3000억원)에서 89억달러(약 12조9000억원)로 증가했다. 서학개미는 올해 M7 중 세 종목을 순매도했다. 엔비디아(6억2729만달러)를 가장 많이 처분했고, 메타(3억238만달러)와 애플(1090만달러)도 순매도했다. 나머지 4곳은 순매수했지만 테슬라 순매수액은 지난해의 절반 수준(6억7381만달러)으로 급감했다. 테슬라는 실적 대비 주가 수준이 과도하게 높다는 지적을 받으면서도 서학개미의 ‘최애’ 주식으로 군림해왔으나 올해는 실적이 견고한 알파벳(10억8518만달러)보다 순매수액이 밀린다.이는 서학개미의 투자 스타일 변화를 시사한다. 1년 전까지만 하더라도 서학개미들은 M7에 깊은 신뢰를 보였다. 오죽하면 한국은행이 ‘개인투자자의 해외 주식 투자는 M7 등 인지도가 높은 종목에 쏠려 있다’고 지적할 정도였다.이정욱 타임폴리오자산운용 ETF운용본부 부장은 “고수익을 추구하는 서학개미는 AI 산업의 성장에 따라 M7보다 더 큰 성장이 기대되는 종목들로 넘어가는 흐름”이라며 “M7은 이제 위험자산 가운데 상대적 안전자산”이라고 평가했다.M7은 2023년 이후 폭발적인 주가 상승과 높은 인지도로 인해 글로벌 투자자들의 큰 관심을 받았다.마이클 하트넷 뱅크오브아메리카 전략가는 이들 7개 기업이 AI 경쟁에서 독점적 우위를 가지고 있다고 강조하며 과거 유행했던 ‘FAANG’(페이스북·애플·아마존·넷플릭스·구글) 대신 M7이라는 용어를 새로 만들었다. M7은 지난해 10월까지만 해도 뉴욕증시 상승세에서 가장 크게 튀어오르며 그 명성을 입증했지만, 이후로는 주가가 횡보하고 있다. 연초 서학개미는 엔비디아를 1조원 가까이 순매도하며 AI 산업 주도주의 교체 가능성을 열어뒀다. 그 대신 매수세가 향한 곳은 메모리 반도체 기업들이다.서학개미는 이 기간 마이크론(4억6692만달러)과 샌디스크(5억5587만달러)에 대규모 순매수 자금을 퍼부었다. 최근 AI 투자의 병목 현상이 그래픽처리장치(GPU)보다 메모리 반도체에서 심해질 것으로 예측되며 국내에서 삼성전자와 SK하이닉스가 초강세를 보이자, 서학개미도 발 빠른 순환매에 나섰다.또한 서학개미는 AI 투자에 의문부호가 남는 메타도 대규모로 순매도했다. 최근 AI에 사활을 걸고 있는 메타는 아마존과 마이크로소프트처럼 대규모 자금을 AI 데이터센터에 투자하고 있지만, 수익화 전망과 관련해 불확실성이 큰 편이다. 마이크로소프트와 아마존도 AI 과잉 투자 우려가 지적되지만 최근 주가가 크게 조정받거나 횡보세가 길어 연초 저가 매수 수요가 컸다.",False
46,2026-02-23,"""글로벌 선사 울 때 HMM만 웃었다""…올해도 수익성 우위 전망",https://n.news.naver.com/mnews/article/215/0001242738,"[와우퀵] 투자정보 플랫폼이재혁 LS증권 연구원은 23일 한국경제TV에 출연해 ""HMM의 영업이익 역량은 글로벌 경쟁사와 비교해도 압도적인 수준""이라며 ""주요 컨테이너 선사들이 적자로 돌아선 구간에서도 두 자릿수 영업이익률을 유지했다""고 말했다.이 연구원은 ""일본 오션네트워크익스프레스(ONE), 덴마크 머스크 등 글로벌 선사들이 4분기 일제히 적자 전환했다""며 ""컨테이너 시황이 좋지 않은 상황에서도 HMM만 견조한 이익을 낸 것은 비용 구조와 운임 대응력에서 차별화된 결과""라고 설명했다.그러면서 ""올해 전후로 글로벌 선사들이 앞다퉈 도입한 초대형 선박이 본격 투입되면 감가상각비 부담이 크게 늘어날 것""이라며 ""시황 부진과 감가상각비 확대가 겹치면 해외 선사들의 실적이 빠르게 약화될 수 있다""고 지적했다.이 연구원은 ""HMM은 9,000TEU급 컨테이너선 일부를 제외하면 대형 선박 인도가 대부분 2028년 이후로 밀려 있어 단기 감가상각 부담이 상대적으로 적다""며 ""올해 컨테이너 시황이 다소 부진하더라도 영업이익 방어력이 높고 선비(선박 관련 비용) 상승분도 다른 선사보다 잘 상쇄할 수 있어 수익성 우위를 이어갈 가능성이 크다""고 전망했다.● 핵심 포인트- HMM은 컨테이너 시황이 부진한 구간에도 두 자릿수 영업이익률을 올리며 이익 방어력이 두드러졌다고 평가함.- 글로벌 주요 컨테이너 선사들이 4분기 적자 전환한 가운데, HMM만 견조한 이익을 낸 배경으로 비용 구조와 운임 대응력이 거론됨.- 올해 전후 초대형 선박 투입이 본격화되면 감가상각비 부담이 커져, 해외 선사 실적이 빠르게 약화될 수 있다는 관측임.- HMM은 대형 선박 인도가 대부분 2028년 이후로 예정돼 단기 감가상각 부담이 낮아, 올해도 수익성 우위를 이어갈 가능성 제기됨. ● 방송 원문<앵커>해운 업종 이야기를 해볼 텐데 팬오션이랑 HMM 모두 지난해 4분기 실적이 굉장히 좋았습니다.특히 HMM의 이익 역량을 압도적이라고 표현을 하셨던데 이건 어떤 이유 때문일까요?<이재혁 LS증권 연구원>보통 땅에서의 국경은 이곳저곳 다 있죠. 하지만 물길은 결국 종래에는 심지어 강까지 다 하늘로 이어져 있다고 이야기를 많이 합니다.해운 선사 같은 경우에도 일반적으로 국적이 없다고 이야기를 하고 다시 말해서 어떤 나라에 소속되어 있느냐에 따라서 영업이익에 대한 창출 역량이 크게 차이 나지 않는데 이번 4분기 실적을 보시면 일본의 오션네트워크익스프레스라든지 덴마크의 머스크와 같은 글로벌 주요 컨테이너 선사가 모두 적자 전환을 했어요.그런데 HMM 같은 경우에는 여전히 두 자릿수 영업이익률을 견조하게 유지하고 있는 상태여서 대단히 압도적인 영업이익 역량을 가지고 있다고 봤는데 이 내용이 26년도로 넘어가면서 글로벌 선사가 너도 나도 다들 초대형 선박을 하나둘 앞다퉈어 다 인도받게 되거든요.그런데 이들 자산을 계속해서 편입을 하다 보면 필연적으로 감가상각비 부담이 확대되게 됩니다. 다만 HMM은 올해까지는 큰 규모의 선대가 900TEU급의 컨테이선은 일부 인도받는 거 제외하면 대부분이 다 28년도 이후에 들어오거든요.다시 말해서 올해 연중 컨테이너 시황은 다소 안 좋을 것으로 보고 있어요. 그 속에서 글로벌 경쟁 선사들은 여기에 이중고로 감가상각비가 더해지면서 빠르게 실적이 주저앉을 텐데 HMM은 자체적인 영업이익 보전 영향도 좋고 거기에 더불어서 선비가 올라가는 비용 영향 역시도 타 선사에 대비해서 견조하게 상쇄할 수 있다, 이렇게 기대하고 있는 내용이 있습니다.",False
47,2026-02-23,코스피 불장 놓친 개미들 … 코스닥 '빚투',https://n.news.naver.com/mnews/article/009/0005640822,"개인투자자 코스피 매수세 뚝덜 오른 코스닥 신용융자 늘려빚투 규모 열흘새 3천억 쑥로봇수요 기대 2차전지 주목에코프로비엠 838억 '베팅' '육천피'에 다가선 코스피에서 상승 흐름을 놓친 개인투자자들이 정책 기대감이 부각된 코스닥으로 몰리고 있다. 정부가 코스닥 활성화 정책을 전면에 내세우자 포모(FOMO·기회 상실 우려) 심리에 휩싸인 개인 자금이 코스닥에서 새로운 기회를 찾는 모습이다.23일 금융투자협회에 따르면 결제일 기준으로 코스피 신용융자잔액은 지난 10일 21조1854억원으로 역대 최대치를 달성한 뒤 지난 20일에는 20조9771억원으로 2083억원 감소했다. 하지만 코스닥 종목의 신용잔액은 지난 10일부터 연일 순증하면서 20일에는 10조6613억원까지 늘어났다. 신용거래융자는 투자자가 증거금을 내고 증권사에서 자금을 빌려 주식을 매수하는 방식으로 대표적인 레버리지 투자 수단으로 꼽힌다. 개미들의 '빚투(빚내서 투자)'도 이제는 코스닥시장을 중심으로 늘어나는 모양새다.코스닥에서 개인투자자의 빚투가 집중된 종목은 2차전지 대장주였다. 코스콤에 따르면 이달 결제일 기준 20일까지 에코프로비엠의 신용융자잔액은 838억원, 에코프로는 371억원 순증했다. 증권가에서는 로봇용 배터리 수요 기대와 리튬 가격 하향 안정화 호재 등이 상당 부분 반영됐다는 평가가 나오지만 개인투자자들은 추가 상승 여력이 남았다고 보고 베팅을 이어가고 있다. 이용욱 한화투자증권 연구원은 ""2차전지주의 주가 하방 경직성은 확보됐지만 단기적으로 강하게 반등하기도 부담스러운 박스권 구간""이라고 말했다.연일 증시가 오르자 개인투자자들이 거래를 줄이는 현상도 코스피에서 두드러졌다. 한국거래소에 따르면 지난달 코스피에서 개인 거래대금 비중은 48.11%였지만 23일에는 45.93%로 2.18%포인트 하락했다. 외국인과 기관이 코스피 거래를 늘리면서 이달 코스피 일평균 거래대금은 29조7628억원으로 30조원대에 근접했지만 개인만 관망세로 돌아선 것이다.개인투자자의 2월 코스닥시장 거래대금 비중은 이날 기준 68.97%로 집계됐다. 코스닥시장에서 거래대금 비중은 지난달(70.99%)보다 2.02%포인트 줄어들었으나 코스피(-2.18%포인트)에 비해 하락세가 완만했다. 2월 코스닥 상승률이 0.22%에 그치는 동안 코스피가 11.9% 치솟았음에도 개인투자자는 코스피보다 코스닥 거래에 초점을 맞추는 모양새다.개인투자자들은 올해 변동성이 컸던 코스닥 종목을 중심으로 거래에 나섰다. 개인의 거래대금 1위 종목은 올해 들어서만 90% 넘는 상승률을 보인 에코프로로 총 2조4178억원어치를 거래했다. 2위는 원전 테마로 묶이면서 올해 주가가 4배 이상 오른 우리기술이었다.'오천피'를 놓친 개인투자자들이 '삼천닥'에 기대를 걸고 코스닥 투자 비중을 계속해서 키울 것이라는 전망도 나온다. 정부는 출범 이후 증시 활성화의 1차 목표였던 코스피 5000을 달성하자 코스닥 3000을 새로운 목표로 제시하며 정책 드라이브를 이어가고 있다. 더불어민주당 코스피5000특별위원회는 지난달 이재명 대통령과 진행한 청와대 오찬에서 ""다음 목표로 코스닥 3000을 달성해야 한다""는 의견을 전달한 것으로 전해진다. 금융당국도 지난해 12월 '코스닥 신뢰·혁신 제고 방안'을 내놓은 데 이어 이달에는 '부실기업 퇴출을 위한 상장폐지 방안'을 발표하며 코스닥시장 건전성 제고에 속도를 내고 있다. [김정석 기자]",False
48,2026-02-23,"""가격 낮춰도 매수자들 망설여요"" 과천 등 펄펄 끓던 준강남도 꺾였다",https://n.news.naver.com/mnews/article/057/0001936606,"【 앵커멘트 】 다주택자에 대한 전방위 압박으로 강남 아파트만 가격이 떨어지는 게 아닙니다. 풍선 효과로 들썩이던 과천이나 분당 등도 상승세가 줄줄이 꺾이고 있는데, 가격을 낮춰도 더 떨어질거란 기대감에 거래가 주춤하다고 합니다. 배준우 기자가 취재했습니다.【 기자 】 경기 과천시의 3천 세대 규모 아파트입니다. 전용면적 84㎡가 지난해 10월 23억 원까지 거래됐지만, 최근엔 21억 원으로 2억 원 정도 낮춰 매물이 올라와 있습니다.▶ 인터뷰(☎) : 인근 공인중개사- ""5월 9일 전에 계약을 해야지 이 가격이고. 4월 10일경까지는 토지 거래 약정금이 들어가서 하려면 지금 좀 많이 급한 거예요."" 양도세 중과 재시행 전에 가격을 낮춰서라도 팔려는 다주택자 매물이 쌓이며 아파트값 상승세가 꺾인 겁니다.▶ 스탠딩 : 배준우 / 기자- ""과천 아파트값은 지난해 20%가 올라 경기도에서 가장 많이 올랐는데요. 강남 3구보다도 높은 수치였습니다. 하지만 지난주엔 21개월 만에 하락세로 돌아섰습니다."" 이곳만 그런 게 아닙니다. 분당과 수지 등 준강남으로 불리며 강남보다 더 올랐던 경기도 상급지 아파트값도 다소 주춤하는 모습입니다. 몸값을 낮춘 매물이 늘고 있지만, 대출 규제 속 더 떨어질 거란 기대감에 매수인들은 선뜻 매수에 나서지 않고 있습니다.▶ 인터뷰 : 박합수 / 건국대학교 부동산대학원 겸임교수- ""기한 안에 매도를 해야 되는 촉박함에 매물이 나오는 상황이고 3월 내내 가격을 놓고 줄다리기가 예상된다고 할 수 있습니다."" 양도세 중과를 피할 수 있는 사실상의 마지노선인 4월 중순까지 매도자와 매수인 간의 치열한 눈치싸움은 당분간 이어질 전망입니다. MBN뉴스 배준우입니다.영상취재 : 김회종 기자 영상편집 : 박찬규 그래픽 : 최지훈",False
49,2026-02-23,"[단독] 크레센도, HPSP 지분 9% 추가 블록딜",https://n.news.naver.com/mnews/article/009/0005640816,지난달 약 10% 1차 블록딜추가로 3000억원 회수할 듯 [본 기사는 02월 23일(19:01) 매일경제 자본시장 전문 유료매체인 ‘레이더M’에 보도 된 기사입니다]반도체 전공정 장비 기업 HPSP 최대주주가 보유지분 약 9%를 시간외대량매매(블록딜)로 추가 처분한다. 지난 1월 블록딜에 이은 2차 블록딜로 규모는 약 3253억원 수준이다. 23일 투자은행(IB) 업계에 따르면 히트2025홀딩스 유한회사는 이날 장마감 후 HPSP 보유 지분 29.10%(2444만주) 가운데 9.05%를 블록딜로 처분하기 위해 수요예측에 들어갔다.주당 매각 가격은 4만1600~4만2800원으로 이날 종가(4만5000원) 대비 4.9~7.6% 할인율을 적용했다. 블록딜 주관은 외국계 IB인 UBS가 맡았다.히트2025홀딩스는 사모펀드(PEF) 운용사인 크레센도에쿼티파트너스가 HPSP 투자를 위해 설립한 특수목적법인(SPC)이다.HPSP는 2017년 크레센도의 투자를 받아 설립됐다. 반도체 선공정에 필수적인 고압수소어닐링(HPA) 장비를 전 세계에서 유일하게 공급하고 있다. 삼성전자·SK하이닉스 등을 고객사로 두고 있다.설립 당시 크레센도는 포레스토6호 펀드를 활용해 약 100억원을 들여 HPSP 지분 51%를 사들였다. 이후 2022년 코스닥시장에 HPSP를 상장시켰다.크레센도 측은 지난 2024년 말부터 UBS를 주관사로 선정하고 보유 경영권 지분 전량 매각을 추진해왔지만 대미 관세를 비롯한 대내외 불확실성이 겹치면서 매각을 순연했다.이후 지난 1월 당시 보유하고 있던 HPSP 지분 39.28%(3280만주) 가운데 10.01%(836만주)를 블록딜로 덜어냈다.당시 3만9000원대 수준이던 HPSP 주가는 반도체 훈풍에 힘입어 현재 4만원대 중반까지 반등한 상황이다.,False
50,2026-02-23,투심 꺾는 중복상장… 비율 18%에 이르러 증시 정상화 걸림돌,https://n.news.naver.com/mnews/article/005/0001833455,"[K증시 프리미엄을 향해서]기업들의 손쉬운 자금조달 수단주주 손해·지배구조 불신 높여 한국 증시가 연초부터 가파르게 상승하는 데는 코리아 디스카운트(한국 증시 저평가) 해소가 맞물려 있다. 주주 이익이 제고되는 시장 환경의 변화가 투자자를 끌어모으는 요인으로 꼽힌다. 하지만 이런 상황에서도 멈추지 않는 게 ‘중복상장’이다. 한국 증시의 중복상장 비율은 18%에 이른다. 이례적인 수치다. 중복상장은 소액주주 손해로 이어지고, 한국 기업 지배구조에 대해 투자자의 불신을 높여 왔다. 중복상장 관행이 사라지지 않는다면 코스피 상승 랠리 지속 가능성은 지속해서 의심받을 수밖에 없다는 지적이 나온다.중복상장은 언제든 한국 증시의 신뢰를 훼손할 수 있는 불안요인으로 꼽힌다. 중복상장으로 모회사와 자회사가 모두 상장되면 기업 가치가 중복으로 평가(더블 카운팅)돼 모회사 주주들의 피해로 이어진다. 주요 지주사 주가순자산비율(PBR)을 보면 중복상장 리스크가 확인된다. 23일 기준 SK(0.75배), GS(0.48배), POSCO홀딩스(0.53배) 등의 지주사는 PBR이 1배에도 미치지 못한다.이사가 직무를 수행할 때 회사는 물론 주주의 이익도 함께 고려해야 하는 내용이 상법에 포함됐지만 중복상장은 명맥을 유지하고 있다. 금융투자업계에 따르면 중복상장을 추진 중인 곳으로 SK㈜의 SK에코플랜트와 SK이노베이션의 SK플라즈마, HD현대의 HD현대로보틱스 등이 거론된다. 상장 주관사를 선정했거나 선정을 앞둔 상황이다. 최근 중복상장에 대한 비판이 커지면서 일단은 절차를 중단하거나 연기를 검토하면서 상황을 살피고 있다. 그러나 상장 계획 자체를 철회한 것은 아니다.중복상장은 매번 소액 주주의 반발에 직면한다. 그러나 반발이 관철되는 경우는 많지 않다. LS그룹은 시장 비판에도 자회사 LS에식스솔루션즈 상장을 추진하려다 이재명 대통령이 직접 거론했다는 사실이 알려지면서야 상장 절차를 중단했다. 이 대통령은 지난달 ‘L 들어간 주식은 안 사’라는 제목의 언론 보도를 인용하면서 “이 같은 중복상장을 허용하지 말아야 한다”는 취지의 발언을 했다(국민일보 1월 23일자 6면).시장 비판에도 국내 기업들이 중복상장을 추진하는 이유는 최대주주의 지주사 지분을 희석하거나 높은 금리로 차입하지 않아도 손쉽게 자금을 조달할 방법이어서다. 이준서 동국대 경영학과 교수는 “미래 성장을 위해 투자 재원을 마련하기 위함이라면 모회사 증자 등을 통해 마련해야 한다”고 말했다.",False
51,2026-02-23,"'아마존 물류센터 손절' 미래에셋 공모펀드, 순자산가치 추가 하락",https://n.news.naver.com/mnews/article/018/0006223040,"맵스16호, 미국 물류센터들 투자한 공모펀드작년 美 콘코드 손절 매각…순자산가치 하락잔여 물류센터 재평가 하니…가치 '32% 하락'리파이낸싱 거쳐 펀드 만기 연장 안내할 예정이 기사는 2026년02월23일 16시49분에 마켓인 프리미엄 콘텐츠로 선공개 되었습니다.[이데일리 마켓in 김성수 기자] 미국 아마존 물류센터에 투자한 미래에셋자산운용 공모펀드의 순자산가치(NAV)가 큰 폭으로 추가 하락했다.작년에 보유 자산 중 하나를 매입가보다 낮은 가격에 처분한 결과 투자자 지분 가치가 감소했는데, 이후 남은 2개 자산에 대한 재평가를 실시하니 가치가 더 떨어진 것.다만 미래에셋자산운용은 매각대금 대부분을 대출원금 상환에 사용해 포트폴리오 안정성을 높였다. 보유한 2개 자산도 리파이낸싱을 거쳐 올해 초 펀드 만기 연장 등을 안내할 예정이다.작년 美 콘코드 손절 매각…순자산가치 하락23일 금융투자업계에 따르면 ‘미래에셋맵스미국부동산투자신탁16호’(이하 맵스16호)의 주식 순자산가치(NAV)는 최근 자산 재평가를 실시한 결과 직전평가 대비 약 31.74% 하락했다.맵스16호는 미국 아마존 물류센터에 투자하고 운용해서 그 수익을 수익자에게 분배하는 부동산 공모펀드다.이번에 자산 재평가를 실시한 대상은 합자회사인 '맵스 US 로지스틱스 파트너스 LP'의 펀드 보유 지분(외화주식, 99.99%)이다. 맵스 US 로지스틱스 파트너스 LP는 당초에 미국 아마존 물류센터 3개를 소유하고 있었다. 이들 물류센터는 미국 △인디애나(아마존 그린우드) △오하이오(아마존 베드포드 하이츠) △노스캐롤라이나(아마존 콘코드)에 위치해있다. ‘아마존 콘코드’ (자료=미래에셋맵스미국부동산투자신탁16호 투자설명서)맵스16호는 셋 중 아마존 콘코드를 작년 10월 7일 매각했다. ‘아마존 콘코드’는 미국 샬롯 도심부에서 북동측으로 약 28km 거리에 위치한 신축 ‘라스트 마일’ 물류센터다. 샬롯 다운타운(도심)까지 I-85 고속도로를 통해 22분 이내 진입 가능하다.맵스16호의 매각대금은 5195만달러(약 728억9104만원)로, 매각 관련 부대비용을 차감하기 전 금액이다. 이는 해당 자산의 매입가액이었던 6820만달러와 비교하면 약 24% 낮다. 사실상 손실을 감수한 ‘손절 매각’인 셈이다.미래에셋자산운용은 아마존 콘코드 매각 후 이를 반영해서 작년 말 투자자산에 대한 재평가를 실시했다. 현지 매각결과를 펀드 기준가에 반영하기 위해서다. 이에 따라 맵스16호의 주식 순자산가치(NAV)가 직전 대비 약 13.2% 하락했다.잔여 물류센터 재평가 하니…가치 '32% 하락'이후 맵스16호는 자본시장법에 따라 투자자산에 대한 자산 재평가를 실시했다. 아마존 콘코드를 제외한 나머지 2개 자산에 대한 평가를 진행한 데다, 작년 12월 거래종결 후 리파이낸싱도 반영해서 평가한 결과다.맵스16호는 법에 따라 1년에 1회 이상 공정가치 평가를 해야 한다. 연 1회 평가는 원래 3월 말 진행하는데, 오는 3월 수익자 총회 일정을 고려해서 평가 시기를 앞당겼다.그런데 보유주식 순자산가치(NAV)가 직전평가 대비 약 31.74% 하락한 것으로 나타났다. (자료=미래에셋맵스미국부동산투자신탁16호)재평가 전 맵스 US 로지스틱스 파트너스 LP 주식의 평가액은 5176만1754.91달러였으나, 재평가 이후에는 3533만3932.25달러로 낮아졌다. 이에 따른 평가손익 조정액은 1642만7822.66달러다.재평가 금액이 변동한 원인은 현지 보유 부동산의 가치가 하락해서다. 미국 시장 금리수준 및 시장 리스크 등이 가격에 반영되면서 2개 자산의 감정평가액이 전년도인 2024년 12월 기준 금액(9950만달러) 대비 약 19% 하락한 액수(8055만달러)로 평가됐다.시장에서는 이번 사례가 미국 물류센터 시장의 조정 국면을 단적으로 보여주는 사례라는 평가가 나온다. 미국 금리가 오른 후 물류센터 자산 가치가 조정을 받으면서, 아마존이라는 우량 임차인을 둔 자산조차 매입가를 방어하기 어려운 환경이 이어졌다는 분석이다.미래에셋자산운용 관계자는 “매각대금 대부분을 대출원금 상환에 사용해 포트폴리오 안정성을 높였다”며 “나머지 2개 자산도 리파이낸싱을 거쳐 올해 초 펀드만기 연장 등을 안내할 예정”이라고 말했다.",False
52,2026-02-23,"주당 2만원 '배당'…MBK·영풍 ""고려아연에 제안한 주주가치 제고안 반영""",https://n.news.naver.com/mnews/article/421/0008788460,"MBK·영풍 ""책임있는 역할이 제도 결실로…남은 과제 지속""이사의 총 주주 충실 의무 정관 도입 및 배당 재원 확대 종로구 고려아연 본사의 모습. 2025.12.24 ⓒ 뉴스1 김진환 기자(서울=뉴스1) 박승희 기자 = MBK파트너스와 영풍(000670)은 자신들이 제안한 주주가치 제고 방안을 고려아연(010130) 이사회가 정기주주총회 안건에 반영하기로 한 것과 관련해 ""그동안 지적됐던 지배구조 왜곡을 정상화하는 과정에서 의미 있는 전환점이 마련됐다""고 평가했다.MBK·영풍은 이날 보도자료를 통해 ""고려아연은 2026년 정기주총 안건을 확정하며 이사의 총주주에 대한 충실의무 명문화, 중간배당 재원 확보 등의 주주가치 제고와 지배구조 개선을 위한 조치들을 반영했다""며 이렇게 밝혔다.고려아연은 이날 이사회를 열고 △이사의 총주주에 대한 충실의무 명문화 △이사회 운영 방식 개선을 주총 안건으로 확정했다. 이사회는 또 주당 2만원 현금배당 승인의 건을 주총 안건으로 확정했다. 이는 영풍·MBK 파트너스가 제안한 임의적립금 3925억원을 배당 재원(미처분이익잉여금)으로 전환하자는 제안을 넘어서는 규모다. 당초 제안은 2024년 대규모 자사주 공개매수 이후 사실상 중단된 분기배당 등 주주환원 정책을 정상화하기 위한 최소한의 조치였다. 이번 이사회 결정은 그 취지를 인정하고 보다 적극적인 배당 재원 확보로 이어진 것이다. 또한, 그동안 처리 계획발표를 미루어온 자사주도 50%를 소각하기로 하고, 나머지는 10년 동안 나누어 임직원 성과보상 목적으로 사용하기로 하는 안건도 확정했다. MBK·영풍은 이사의 총주주에 대한 충실 의무 명문화에 대해 ""그동안 경영진 중심으로 운영되어 왔다는 비판을 받아온 의사결정 구조가 주주 중심 구조로 전환되는 출발점이 마련됐다""고 평했다. 배당 재원 확대에 대해선 ""제안 규모를 넘어서는 규모로 이사회가 그 취지를 인정하고 보다 적극적인 배당 재원 확보로 이어진 것""이라고 했다.이들은 ""이러한 변화들은 우연한 결과가 아니다""라며 ""영풍·MBK는 고려아연의 최대 주주로서 이사회 진입 이후 총주주의 이익에 충실한 이사회 활동 노력, 대규모 투자 및 자본거래 안건에 대한 사전 심의 강화, 중간배당의 실효성 확보를 위한 노력, 자사주 소각 및 배당 확대 등 일련의 거버넌스 개선 과제를 지속해서 제기해 왔다""고 설명했다.이어 ""그 결과 이사회 운영 방식과 지배구조 개선을 통한 주주가치 제고 노력에 관한 실질적인 변화가 나타나기 시작했다""며 ""이번 정관 개정 및 배당 재원 확대는 그러한 지속적 문제 제기가 제도적 결실로 이어졌음을 보여준 것으로, 고려아연 거버넌스 개선의 이니시에이티브는 최대 주주인 영풍·MBK의 책임 있는 역할에서 비롯됐다""고 부연했다.그러면서 ""이번 이사회 결정은 고려아연 지배구조 정상화의 종착점이 아니다""라며 ""앞으로도 이사회가 총주주 이익을 기준으로 작동하도록 하고, 주주환원이 구조적으로 실행되도록 점검하며, 이사회를 개편하는 등 남은 거버넌스 개선 과제를 지속해서 추진할 것""이라고 말했다.다만 영풍·MBK가 제안했던 10대 1 액면분할과 집행임원제 도입 안건이 포함되지 않은 것과 관련해선 ""추가적 노력이 필요하다""고 덧붙였다.",False
53,2026-02-23,동학개미 사상 최대 ‘사자’로 트럼프 외풍 막았다… 코스피 5900 터치,https://n.news.naver.com/mnews/article/029/0003012193,"[사진=디지털타임스]코스피 지수가 미국 상호관세 변수에도 개인 투자자의 매수세에 힘입어 종가 기준 사상 최고치를 기록했다. 장중 5900선을 넘어선 후 강세는 잦아들었지만 또 한 번 신기록을 썼다.23일 한국거래소에 따르면 코스피는 전 거래일 대비 37.56포인트(0.65%) 상승한 5846.09원에 거래를 마쳤다.개인이 1조3254억원을 순매수하며 지수를 떠받쳤다. 기관도 594억원을 순매수했다. 반면 외국인은 1조9847억원을 순매도했다.시가총액 상위 종목 중에서 삼성전자와 SK하이닉스 등 반도체 대형주가 강세를 나타냈다.삼성전자는 전 거래일 대비 1.53% 오른 19만3700원에 장을 마쳤다. SK하이닉스는 0.21% 오른 95만1000원에 거래를 마감했다. 이날 삼성전자와 SK하이닉스는 장중 19만7600원, 98만원까지 오르며 최고가를 갈아치웠다.관세 부담 완화에 자동차주도 강세를 나타냈다. 현대차는 전 거래일 대비 2.75% 오른 52만3000원에 거래를 마쳤다. 기아는 0.52% 오른 17만2700원에 장을 마감했다.코스닥지수는 전장 대비 2.01포인트(-0.17%) 내린 1151.99에 마감했다.개인과 외국인은 각각 2468억원, 1710억원을 순매수한 반면 기관은 3652억원을 순매도했다.시가총액 상위 종목도 대부분 약세를 보였다. 에코프로(-1.17%), 에코프로비엠(-2.10%), 삼천당제약(-4.20%0, 레인보우로보틱스(-2.39%), 케어젠(-3.13%) 등이 하락했다. 반면 코오롱티슈진은 6.84% 급등했고, 알테오젠(1.00%)과 에이비엘바이오(0.80%)는 강세로 장을 마감했다.강진혁 신한투자증권 연구원은 “도널드 트럼프 미국 대통령은 상호관세 위법 판결 이후 무역법을 통해 대응했지만 시장에서는 관세 부과의 어려움을 확인하며 불확실성 해소에 무게를 두는 모습”이라고 전했다.",False
54,2026-02-23,20만전자·100만닉스 눈앞…반도체 슈퍼사이클도 힘보탠다,https://n.news.naver.com/mnews/article/014/0005481441,"삼성전자·SK하이닉스 장중 최고가19만3000원·95만1000원 기록메모리값 오르며 최대실적 전망목표가 27만원·150만원으로 상향 23일 코스피지수는 장중 5931.86까지 치솟아 사상 첫 5900선을 넘어선 후 기관과 외국인의 쌍끌이 매도에 전 거래일보다 37.56p(0.65%) 상승한 5846.09로 장을 마쳤다. 이날 서울 중구 하나은행 본점에 지수와 시총 상위 종목 주가가 표시되고 있다. 연합뉴스 삼성전자와 SK하이닉스가 장중 최고가 경신으로 '20만전자·100만닉스' 가시권에 들어섰다. 증권가에선 메모리 반도체 슈퍼 사이클로 양사가 사상 최대 실적을 거둘 것으로 보고 주가 전망치를 높이고 있다. 23일 한국거래소에 따르면 이날 삼성전자는 전 거래일보다 1.53% 상승한 19만3000원에 거래를 마쳤다. SK하이닉스도 0.21% 오른 95만1000원을 기록했다. 장중 삼성전자와 SK하이닉스는 각각 19만7600원, 98만원까지 오르며 최고가를 새로 썼다. 삼성전자와 SK하이닉스는 지난해에 이어 올해에도 가파른 상승세를 이어가고 있다. 올해 들어 이날까지 삼성전자는 60.97%, SK하이닉스는 46.08% 상승했다. 지난해 한 해 동안 삼성전자는 125.38%, SK하이닉스는 274.35% 급등한 바 있다. 인공지능(AI) 확산으로 메모리반도체 수요가 급증하면서 삼성전자와 SK하이닉스에 대한 실적 기대감이 높아지는 분위기다. 시장조사업체 트렌드포스는 1분기 범용 D램 가격이 전 분기 대비 90~95%, 낸드플래시는 55~60% 상승할 것으로 전망했다. 증권가에선 메모리반도체 가격 상승으로 삼성전자와 SK하이닉스가 올해 최대 실적을 기록할 것으로 전망한다. 삼성전자와 SK하이닉스의 올해 영업이익 전망치는 각각 200조원대, 170조원대로 제시되고 있다. 실적 기대감에 목표주가도 줄상향되고 있다. 삼성전자의 목표주가 상단은 대신증권이 제시한 27만원이다. 지난해 11월만 해도 목표주가 상단은 17만원이었는데, 3개월새 59%가량 상향된 것이다. 류형근 대신증권 연구원은 ""삼성전자는 1·4분기 메모리반도체 영업이익 1위를 탈환하고, 연간으로는 200조원대 영업이익 시대를 여는 기념비적 한 해가 될 것""이라며 ""늘어나는 현금 재원은 주주환원 강화, 비메모리 반도체 경쟁력 강화, AI 맞춤형 제품 포트폴리오 구축의 동력으로 작용할 것""이라고 말했다. SK하이닉스의 목표주가 최고 상단은 SK증권의 150만원으로, 3개월 전 100만원에서 50% 높아졌다. 한동희 SK증권 연구원은 ""메모리 산업은 장기공급계약 기반의 '선수주, 후증설' 구조로 변모하며, 시크리컬(경기민감) 산업에서 벗어나기 시작했다""며 ""AI 사이클이 메모리 전체 수요를 구조적으로 견인하기 시작했지만, 공급 능력은 구조적으로 제한되는 국면""이라고 짚었다. 오는 26일로 예정된 엔비디아 실적 발표는 변수로 꼽힌다. 이경민 대신증권 연구원은 ""엔비디아 실적 결과와 실적 가이던스는 물론, 젠슨 황 엔비디아 최고경영자(CEO)의 발언까지 시장 기대를 크게 상회하는지 여부가 향후 AI 주가 흐름과 투자 방향성을 결정지을 것""이라고 전망했다. 다만 엔비디아 실적보다는 반도체 업종의 견고한 펀더멘털(기초체력)에 집중해야 한다는 의견도 있다. 김록호 하나증권 연구원은 ""수출 데이터에서도 확인되고 있는 것처럼 1·4분기 메모리 가격이 당초 예상치를 웃돌 가능성이 높다""며 ""엔비디아의 실적 발표와 무관하게 메모리 본연의 업황 및 가격, 펀더멘털에 집중한 투자 전략이 유효하다""고 조언했다.",False
55,2026-02-23,불장에 몸 키운 종목들 줄줄이 '대형주'에 이름 올리나,https://n.news.naver.com/mnews/article/014/0005481440,"내달 시총별 주가지수 정기변경코스피는 삼성에피스홀딩스 유력코스닥은 20곳 신규편입 가능성 다음달 유가증권시장과 코스닥시장의 대·중·소 주가지수 정기변경이 임박하면서 연초 급등장에서 몸집을 키운 종목들의 체급 상승 여부에 시장의 이목이 쏠리고 있다. 직전 3개월간 폭발적인 상승 흐름을 보인 종목들이 대형주로 편입될 가능성이 높아진 가운데 정기변경 이후에도 상승 모멘텀이 이어질 지가 관건이다. 23일 금융투자업계에 따르면 한국거래소는 매년 3월과 9월, 유가증권시장과 코스닥시장의 보통주를 대상으로 시가총액 순위에 따라 대형·중형·소형주로 재분류한다. 이번 3월 정기변경은 지난해 12월부터 올해 2월까지 일평균 시가총액을 기준으로 결정된다. 이번 심사기간은 국내 증시의 폭발적 랠리 구간과 정확히 겹친다. 해당 기간 상대적으로 주가 상승폭이 컸던 종목은 상위 규모로, 상승이 더디거나 부진했던 종목은 하위 그룹으로 재배치된다. 유가증권시장에서는 삼성바이오로직스 분할로 상장한 삼성에피스홀딩스의 대형주 신규 편입 가능성이 높다는 게 업계의 시각이다. 기존 중형주였던 LG이노텍과 한미약품 등도 대형주로 이동할 후보군으로 거론된다. 반대로 기존 대형주 가운데 일부는 중형주로 재분류될 가능성이 있다. 넷마블, 오리온, 현대제철, LG생활건강, 강원랜드 등은 중형주 상위권으로 이동할 가능성이 제기된다. 신규 상장 종목 가운데 대한조선과 명인제약 등은 중형주 편입이 예상되며, 일동제약과 코리아써키트 등은 소형주에서 중형주로 상향 조정될 가능성이 거론된다. 다만 최종 확정은 2월 말 시총 변동에 따라 달라질 수 있다. 코스닥시장의 변화 폭은 더 크다. 연초 이후 급등세가 이어지면서 대형주 신규 편입 종목이 20개를 넘을 것으로 예상된다. 원익홀딩스, 현대무벡스, 오름테라퓨틱, 에스피지 등은 중형주에서 대형주로 상향 조정될 가능성이 높다. 큐리옥스바이오시스, 삼현, 씨어스테크놀러지 등도 대형주 내 상위권에 포함될 가능성이 제기된다. 특히 주목할 부분은 오는 6월 코스닥150 정기변경과의 연계다. 이번에 코스닥 대형주로 올라서는 종목 중 아직 코스닥150에 편입되지 않은 종목들은 6월 정기변경에서 신규 편입될 확률이 높다는 게 전문가들의 분석이다. 삼성증권 전균 연구원은 ""코스닥150은 주요 연기금의 벤치마크로 활용되는 지수""라며 ""편입 기대 자체가 추가 모멘텀으로 작용할 수 있다는 점에서 이번 정기변경은 1차 체급 상승, 6월은 2차 수급 이벤트로 연결될 가능성이 있다""고 말했다. 다만 정기변경 자체가 대규모 패시브 자금 유입을 유발할 가능성은 크지 않을 전망이다. 전 연구원은 ""국내에서 규모별 주가지수를 직접 추종하는 패시브 펀드 규모는 제한적이다. 정기변경에 맞춰 즉각적인 구성종목 교체가 이뤄지는 구조도 아니다""라고 전했다.",False
56,2026-02-23,"안건번호 7개, 세부의안은 20개…고려아연, 역대급 ‘메가 주총’ 예고[마켓인]",https://n.news.naver.com/mnews/article/018/0006223006,"오는 3월 24일 코리아나호텔서 정기 주총주주제안 쏟아지며 의안 구성 ‘복잡다단’이사 후보·다득표 의안 가결 룰 등 긴장고조[이데일리 마켓in 허지은 기자] 고려아연이 오는 3월 정기주주총회에서 역대급 ‘메가 주총’을 예고했다. 안건으로 상정된 표면적인 의안 번호는 7호까지이나, 배당 재원 마련을 위한 임의적립금 전환과 이사 선임 방식 등 세부 안건을 합치면 실제 주주들이 판단해야 할 사안은 20여개에 달한다. 특히 최윤범 고려아연 회장 측과 MBK·영풍 연합 등 양측의 안건이 충돌하는 지점에는 ‘일괄표결 후 다득표 승인’이라는 승부수까지 등장했다. [사진=연합뉴스]‘이사의 충실의무’ 정관 도입 명문화23일 금융감독원 전자공시시스템에 따르면 고려아연은 이날 오전 임시 이사회를 열고 제 52기 정기 주주총회 부의안건을 최종 확정했다. MBK·영풍 연합이 지난 12일 주주제안을 통해 강력히 요구한 이사의 총주주에 대한 충실의무 정관 명문화 등이 안건으로 수용된 가운데 △중간배당 재원 마련을 위한 임의적립금 전환 △이사회 운영 방식 개선 △액면분할을 통한 주주가치 제고 등이 최종 안건으로 상정됐다. 가장 눈에 띄는 대목은 ‘이사의 총주주에 대한 충실의무’를 정관에 명문화하기로 한 점이다. 이는 이재명 정부 들어 드라이브를 걸고 있는 상법 개정안의 핵심 내용을 기업이 선제적으로 도입하는 사례가 될 전망이다. MBK·영풍 측이 주주제안을 통해 공론화한 사안을 고려아연 이사회가 전격 수용한 모양새다. MBK·영풍 측은 “우리가 지속적으로 제기해 온 지배구조 개선 요구가 결실을 맺은 것”이라며 “이재명 대통령 표 상법 개정안의 취지를 민간에서 처음으로 실현한 의미 있는 변화”라고 자평했다. 반면 고려아연 측은 “소수주주 보호와 기업가치 향상을 위한 이사회의 주동적인 결정”이라며 주도권이 경영진에 있음을 분명히 했다. ‘3% 룰’vs‘집중투표’…이사회 장악 위한 수싸움이사 선임 안건에서는 양측의 전략적 차이가 극명하게 갈린다. 고려아연 측 우군인 유미개발은 △분리선출 감사위원 2인 확대 △집중투표제를 통한 이사 5인 선임을 제안했다. 이는 대주주의 의결권을 3%로 제한하는 상법상 규정을 활용, 지분이 분산된 최 회장 측의 유리한 구도를 극대화해 MBK·영풍 측의 이사회 진입을 견제하려는 포석으로 풀이된다. 이에 맞서 MBK·영풍 측은 △이사 수 6인 증원 △이사 5인 선임 안건을 올렸다. 또 △집행임원제 도입 △주식 10분의 1 액면분할 등을 통해 경영진의 독주를 막고, 주주 접근성을 높여야 한다는 입장이다. 역대급 배당안…‘배당 정상화’ 압박에 화답?주주 환원 정책에서도 배당 전쟁이 예고됐다. 고려아연 이사회는 MBK·영풍 측이 제안한 임의적립금 전환 수준을 넘어서는 주당 2만원의 현금배당을 확정했다. MBK·영풍 측은 그간 고려아연이 2023년 약속했던 중간배당을 지난해 생략한 점을 꼬집으며 ‘주주환원 정상화’를 압박해 왔다. 고려아연은 지난 2023년 발표한 ‘3개년 배당 확대 가이드라인’을 통해 중간배당 정례화를 공언했으나, 지난해 상반기에는 창사 이래 최대 실적에도 불구하고 돌연 중간배당을 생략한 바 있다. 당시 고려아연은 경영권 분쟁 대응 과정에서 매입한 자사주 소각에 집중하느라 배당 논의를 하지 못했다고 해명했다. 하지만 일각에선 배당 정책의 일관성이 훼손됐다는 비판이 제기됐다. IB 업계 관계자는 “세부 안건이 20여개에 달하고 각 사안마다 양측의 이해관계가 첨예하게 얽혀 있어 투표 결과 예측이 매우 어렵다”며 “결국 국민연금을 포함한 기관 투자자와 소액주주들이 어느 쪽의 손을 들어주느냐에 따라 승패가 갈릴 것”이라고 밝혔다.",False
57,2026-02-23,코스피 '5900선' 첫 터치...삼전·하이닉스 또 최고치로 마감,https://n.news.naver.com/mnews/article/243/0000093506,"삼성전자 장중 19만7600원까지 올라 23일 서울 중구 하나은행 본점에서 직원들이 증시와 환율을 모니터 하고 있다. [사진 연합뉴스][이코노미스트 이용우 기자] 코스피가 장중 5900선을 돌파했다. 삼성전자와 SK하이닉스 강세가 두드러진 영향이다. 삼성전자는 20만 원, SK하이닉스는 100만 원 진입을 바라보고 있다. 23일 코스피지수는 전 거래일보다 37.56포인트(0.65%) 오른 5846.09에 장을 마감했다. 종가 기준 사상 최고치다. 장 초반 한때 지수는 5931.86까지 오르면서 사상 처음으로 5900선을 넘기도 했다. 코스피 시장에서 개인 투자자 홀로 1조817억원 순매수했으며 외국인과 기관 투자자가 각각 1조961억원, 1439억원 순매도했다. 코스피 시가총액 상위 기업을 보면 삼성전자(1.53%), SK하이닉스(0.21%), 삼성전자우(0.74%), 현대차(2.75%), 기아(0.52%) 등은 상승했다. 반면 LG에너지솔루션(-1.37%), 삼성바이오로직스(-1.09%), 두산에너빌리티(-1.45%), 한화에어로스페이스(-0.48%) 등은 하락했다. 삼성전자는 19만3000원에 마감했고 장중에는 19만7600원까지 오르면서 사상 최고가를 경신했다. SK하이닉스는 95만1000원에 거래를 마쳤다. 장중에는 98만원을 터치해 최고가를 찍었다.미국 인공지능(AI) 반도체 대장주 엔비디아 실적 발표를 앞두고 국내 대형 반도체주들에 대한 매수심리가 강화됐다는 평가다.한편 코스닥 지수는 전 거래일 대비 12.94포인트(1.12%) 오른 1166.94에서 출발해 2.01포인트(0.17%) 내린 1151.99에 거래를 마쳤다.코스닥 시장에선 개인 투자자와 외국인 투자자가 각각 2188억원, 1805억원 순매수했으며 기관 투자자가 3624억원 순매도했다. 시장에서는 앞서 미국 연방 대법원이 도널드 트럼프 미국 대통령의 상호관세 정책이 위법하다는 판결을 내렸지만 관세 불확실성이 해소되면서 투자 심리가 더 살아났다고 보고 있다. 특히 관세가 기업으로 환급될지 여부와 관련해서도 악재가 아닌 것으로 판단하는 중이다. 김두언 하나증권 연구원은 ""환급이 된다면 기업 실적은 즉시 숨을 돌린다. 환급이 없더라도 지금의 현실이 갑자기 악화되는 것은 아니다""라며 ""시장은 이를 확정 변수가 아니라 상방에 열려 있는 불확실성으로 취급한다. 한마디로, 되면 좋고 안 돼도 크게 달라질 게 없는 구조""라고 설명했다.",False
58,2026-02-23,"전문경영인에게 맡긴다더니…“신동국, 대표 권한 부당침해”",https://n.news.naver.com/mnews/article/011/0004592590,"■ CEO 패싱에 한미약품 또 내홍저가원료 사용 등 경영 간섭 논란임직원들 ‘사퇴 촉구’ 피켓시위도박재현 대표 “압박 느껴” 호소문신 회장측은 “왜곡된 주장” 해명 신동국 한양정밀 회장. 서울경제DB가족 간 경영권 분쟁을 끝낸 뒤 안정을 찾은 듯해 보였던 한미약품그룹이 이번에는 최대주주와 전문경영인 간 내홍이 불거졌다. 박재현 한미약품 대표는 대주주인 신동국 한양정밀 회장이 대표이사의 권한 행사를 부당하게 막았다며 전 직원을 대상으로 호소했다. 신 회장은 한미사이언스 대주주이지만 이사회에서 기타비상무이사 역할만 맡고 있어 대주주의 전횡을 막자는 취지가 담긴 상법 개정안과 정면으로 배치된다는 비판이 나온다. 한미사이언스 지분율 및 한미약품 이사회 구성23일 투자은행(IB) 업계에 따르면 박 대표는 20일 임직원을 대상으로 한 입장문을 통해 “제약 산업의 본질을 바탕으로 책임 있는 조언과 논의가 이뤄지기를 특정 대주주께 직간접적으로 요청드려왔다”며 “그러나 그러한 노력들이 저에 대한 비난으로 돌아오고 또 온전하게 부여된 저의 대표로서의 권한 행사에 압박을 느끼는 그런 상황”이라고 했다. 특정 대주주는 신 회장을 의미하는 것으로 전해졌다.그러면서 박 대표는 “한 기업에서 대주주가 갖는 의미와 영향력이 크다는 점을 잘 알고 있다”면서 “그러나 그보다 앞서 지켜야 할 가치가 분명히 존재한다고 믿는다”고 했다. 이어 그는 “제가 할 수 있는 권한 안에서 한미가 한미다운 정체성을 지키고 올바른 방향으로 나아갈 수 있도록 책임을 다해나갈 것”이라고 덧붙였다.신 회장은 박 대표의 권한 행사를 번번이 가로막은 것으로 알려졌다. 대표적으로 신 회장은 지난해 박 대표에게 원료 의약품을 저가 제품으로 교체하라는 지시를 내린 것으로 전해졌다. 박 대표는 검증되지 않은 저가 원료 의약품을 사용할 수 없다는 취지로 신 회장의 지시에 반대했다. 박 대표가 거부하자 신 회장은 측근을 통해 원료 의약품 교체를 강제로 추진한 것으로 알려졌다. 박재현 한미약품 대표. 뉴스1경영 개입 정황은 성 비위 문제에서 드러나기도 했다. 박 대표가 위원회를 통해 객관적으로 내린 의사 결정에 대해 신 회장이 비토한 것으로 전해졌다. 최근 불거진 임원 A 씨의 성 문제도 박 대표가 징계위원회를 통해 처분했지만 A 씨는 “신 회장이 복귀하라고 했다”는 취지로 주변에 언급한 것으로 알려졌다. 한미약품의 한 관계자는 “신 회장 측근들이 박 대표의 지시 사항을 따르지 않는 것에 대해 ‘신 회장이 괜찮다고 했다’고 줄곧 언급했다”고 말했다.신 회장은 지주사인 한미사이언스의 지분 23.38%를 보유하고 있으며 한미사이언스와 한미약품의 기타비상무이사다. 2024년 모녀와 아들 간 경영권 분쟁이 발생하면서 지분 약 10%를 보유했던 신 회장이 분쟁 종식의 키맨으로 떠올랐고, 주주 간 계약을 통해 모녀 측의 지분을 인수한 결과다. 당시 신 회장과 송영숙 회장, 임주현 부회장 등은 주주 간 계약을 맺고 전문경영인에게 경영을 일임하는 선진 지배구조를 구축하기로 한 바 있다.한미약품 임직원들은 이날 본사 로비에서 신 회장이 오너처럼 독단적으로 경영에 관여하고 있다며 사퇴를 촉구하는 피켓 시위를 열었다. 또 피해자와 구성원에 대한 공식 사과와 경영 간섭 중단을 요구하는 성명서를 내고 이사회 차원의 견제 장치 마련을 촉구했다.한미약품 기타비상무이사인 신 회장의 이 같은 경영 개입은 개정된 상법 취지에 어긋난다는 지적이 나온다. 지난해 개정된 상법은 감사위원 선임 시 최대주주와 특수관계인의 의결권을 3%로 제한하고 집중투표제 활성화를 통해 대주주의 일방적 경영을 견제하기 위한 장치들을 도입했다. 특정 대주주의 전횡을 막고 소유와 경영을 분리하자는 취지다. IB 업계의 한 관계자는 “주주로서 직접 경영에 참여하면서 전문경영인의 권한을 침해하는 것은 불법적 요소가 있다”며 “스스로 사내이사로 직함을 갖고 책임을 지면서 경영에 참여해야 할 것”이라고 강조했다.신 회장 측은 이와 관련해 “경영 간섭은 박 대표의 왜곡된 주장”이라고 밝혔다.",False
59,2026-02-23,지수 덜 올랐지만 돈 더 몰렸다…코스닥 ETF 급성장,https://n.news.naver.com/mnews/article/011/0004592588,"코스닥150·레버리지 올해 순자산 8.5조↑코스피 ETF보다 순자산 증가액 앞질러정책 수혜 기대감에 개인 순매수 집중PER 120배 웃돌아 고평가 부담 우려도 서울 여의도 증권가 전경. 오승현 기자올해 코스닥이 코스피 대비 낮은 상승률을 기록했음에도 불구하고 지수를 추종하는 상장지수펀드(ETF)로 유입되는 자금은 더욱 빠르게 늘어난 것으로 나타났다. 대표적인 코스닥지수 추종 ETF의 순자산 증가 폭이 코스피 대표 상품을 앞지르면서 투자 자금의 흐름에도 변화가 감지되는 모습이다.23일 한국예탁결제원에 따르면 이달 20일 기준 ‘KODEX 코스닥150’과 ‘KODEX 코스닥150레버리지’의 순자산 총액은 각각 7조 1830억 원, 4조 9121억 원으로 집계됐다. 지난해 말 기준 두 상품의 순자산은 각각 1조 5987억 원, 1조 8500억 원이었고 올해 들어 약 2개월 만에 349%, 166% 확대됐다. 올해 두 상품의 순자산 증가액은 각각 5조 5426억 원, 2조 9667억 원에 달했다. 이는 같은 기간 국내 최대 규모 코스피지수 추종 ETF인 ‘KODEX 200’의 순자산 증가액(5조 3064억 원)과 ‘KODEX 레버리지(2조 579억 원)’의 증가 폭을 넘어선 수준이다. 특히 지난해 두 상품의 연간 순자산 증가액이 각각 4279억 원, 1261억 원에 그쳤던 점을 고려하면 성장세가 급격히 가팔라진 셈이다.이 같은 흐름은 지수 상승률과 비교하면 더욱 두드러진다. 코스닥지수는 올해 들어 약 24% 오르며 코스피 상승률(약 38%)보다 14%포인트가량 밑돌고 있다. 같은 기간 KODEX 200과 KODEX 레버리지는 각각 37.73%, 85.57% 상승했고 KODEX 코스닥150과 KODEX 코스닥150레버리지의 수익률은 27.84%, 57.42%로 집계됐다. 코스닥 ETF의 상승 폭이 코스피 관련 상품 대비 제한적이었던 만큼 추가 상승 기대감이 반영된 것으로 풀이된다. 수급 측면에서도 코스닥 ETF에 대한 관심도는 뚜렷했다. 올 들어 개인투자자들은 ‘KODEX 코스닥150’과 ‘KODEX 코스닥150레버리지’를 각각 3조 50억 원, 1조 6992억 원 순매수했으며 두 상품은 전체 ETF 순매수액 1위와 2위에 나란히 올랐다. 이 외에도 개인은 △TIGER 코스닥150(7854억 원) △ACE 코스닥150(1084억 원) △RISE 코스닥150(344억 원) 등을 사들이며 코스닥지수 베팅을 확대했다.증권가에서는 정책 기대감이 코스닥 시장으로의 자금 유입을 자극하면서 추가 유동성 유입도 유효하다는 분석을 내놓고 있다. 이재만 하나증권 연구원은 “정부의 코스닥 시장 활성화 정책 영향으로 코스피지수와의 갭이 빠르게 축소되고 있다”며 “현재 코스닥·코스피 간 12개월 누적 수익률 격차는 -42%로 2003년 이후 최저 수준까지 좁혀진 상태”라고 설명했다.다만 밸류에이션 부담에 대한 우려도 함께 제기된다. 최근 코스닥지수의 주가수익비율(PER)이 120배를 웃도는 수준까지 상승한 가운데 기업 실적 개선 속도는 상대적으로 제한적이어서다. 금융투자 업계 관계자는 “단기적인 자금 유입은 이어지고 있지만 향후 펀더멘털 개선 여부가 시장 흐름의 주요 변수가 될 것”이라며 “코스닥 시장이 종목별 옥석 가리기가 어려운 환경인 만큼 코스닥150지수 추종 ETF를 통한 대응이 보다 효과적일 수 있다”고 말했다.",False
60,2026-02-23,'육천피' 코 앞인데…개미 홀로 ‘코스피 곱버스’ 베팅,https://n.news.naver.com/mnews/article/018/0006223001,"23일 장중 5931까지 치솟아 코스피 6000선 가시권 진입개인, 'KODEX 200선물인버스2X' 8거래일 연속 순매수총 4942억원 사들여…기관·외국인은 5072억원 팔았다""상반기 반도체 주도 랠리 지속…하반기 횡보 예상"" 전망도[이데일리 김윤정 기자] 코스피가 장중 5900선을 돌파하며 연초 이후 가파른 상승세를 이어가고 있지만, 개인투자자들은 지수 하락 시 수익이 2배로 확대되는 이른바 ‘곱버스’ 상품을 대거 사들이며 기관·외국인과 정반대 흐름을 보이고 있다. 곱버스는 코스피 지수가 하락할 때 수익을 내는 인버스 상품에 2배 레버리지를 적용한 구조로, 지수가 떨어질수록 수익률이 두 배로 커지는 고위험 상품이다. 코스피가 전 거래일(5808.53)보다 94.58포인트(1.63%) 상승한 5903.11에 개장한 23일 오전 서울 중구 하나은행 딜링룸 전광판에 지수가 표시 되고 있다. 코스닥 지수는 전 거래일(1154.00)보다 12.94포인트(1.12%) 오른 1166.94에 거래를 시작했다. 원달러 환율은 전 거래일 주간거래 종가(1446.6원)보다 3.6원 내린 1443.0원에 출발했다. (사진=뉴시스)23일 한국거래소(KRX)에 따르면 대표적인 곱버스 상품인 삼성자산운용의 ‘KODEX 200선물인버스2X’ 상장지수펀드(ETF)를 이날 기관이 520억원, 외국인은 216억원어치를 순매도한 반면 개인은 홀로 734억원어치를 순매수했다. 코스피가 사상 최고치를 경신하는 상황에서 개인만 지수 하락에 베팅한 셈이다.이날 코스피는 장중 한때 5931.86까지 오르며 역대 최고치를 기록했다. ‘6천피’까지 100포인트도 채 남지 않은 수준이다. 하지만 개인들은 상승 흐름과 달리 지수 하락에 투자하는 곱버스 상품을 사들였다.이같은 흐름은 기간을 넓혀봐도 동일하다. 지난 9일부터 이날까지(설 연휴 제외 8거래일) KODEX 200선물인버스2X에 유입된 개인 자금은 약 4942억원으로 집계됐다. 개인은 이 상품을 8거래일 연속 순매수했다.같은 기간 기관과 외국인은 각각 4778억원, 294억원어치를 순매도하며 개인과 상반되는 흐름을 보였다. 또 다른 곱버스 ETF인 미래에셋자산운용의 ‘TIGER 200선물인버스2X’ 역시 같은 기간 개인이 129억원어치를 순매수한 반면 외국인은 134억원어치를 순매도했다. 기관은 3억원 순매수에 그쳤다.코스피는 사상 최고치를 연이어 경신하고 있다. 지난 19일 5700선을 돌파한 데 이어 20일에는 5800선도 넘어서는 등 강세 흐름이 이어지고 있다.국내 주요 증권사들도 코스피 상단을 잇따라 상향 조정 중이다. 하나증권은 지난 20일 코스피 연간 상단을 7900으로 제시했고, 한국투자증권은 기존 5650에서 7250으로 높였다. NH투자증권도 7300을 제시하는 등 증권업계 전반에서 7000선을 새로운 상단으로 제시하는 흐름이 이어지고 있다.김대준 한국투자증권 연구원은 “코스피는 상반기 상승, 하반기 횡보를 예상한다”며 “지수의 가파른 상승은 반도체 이익 급증에 기반하고 있어 상반기 중 반도체 주도 랠리는 이어질 것”이라고 말했다.",False
